Crop,Variety,Investment_INR_per_acre,District
Amaranthus,Pusa Kirti,16427.15,Amritsar
Amaranthus,Pusa Kirti,16874.95,Ludhiana
Amaranthus,Pusa Kirti,11514.53,Karnal
Amaranthus,Pusa Kirti,13293.03,Kurukshetra
Amaranthus,Pusa Kirti,16664.23,Saharanpur
Amaranthus,Pusa Kirti,17954.62,Agra
Amaranthus,Pusa Kirti,14250.94,Varanasi
Amaranthus,Pusa Kirti,19983.98,Patna
Amaranthus,Pusa Kirti,17086.92,Muzaffarpur
Amaranthus,Pusa Kirti,12629.5,Nadia
Amaranthus,Pusa Kirti,16467.15,Burdwan
Amaranthus,Pusa Kirti,13892.13,Kamrup
Amaranthus,Pusa Kirti,13105.96,Cuttack
Amaranthus,Pusa Kirti,18241.28,Ganjam
Amaranthus,Pusa Kirti,20236.95,Raipur
Amaranthus,Pusa Kirti,13328.66,Bhopal
Amaranthus,Pusa Kirti,11418.68,Indore
Amaranthus,Pusa Kirti,16171.34,Ahmedabad
Amaranthus,Pusa Kirti,17889.49,Rajkot
Amaranthus,Pusa Kirti,13173.98,Surat
Amaranthus,Pusa Kirti,17364.2,Pune
Amaranthus,Pusa Kirti,15287.52,Nashik
Amaranthus,Pusa Kirti,11129.3,Nagpur
Amaranthus,Pusa Kirti,12051.65,Belagavi
Amaranthus,Pusa Kirti,12818.48,Mysuru
Amaranthus,Pusa Kirti,20896.84,Koppal
Amaranthus,Pusa Kirti,16600.54,Coimbatore
Amaranthus,Pusa Kirti,16372.48,Madurai
Amaranthus,Pusa Kirti,17738.99,Thanjavur
Amaranthus,Pusa Kirti,16298.61,Kurnool
Amaranthus,Pusa Kirti,19067.88,Guntur
Amaranthus,Pusa Kirti,17758.0,Prakasam
Amaranthus,Pusa Kirti,14165.3,Nizamabad
Amaranthus,Pusa Kirti,14618.88,Khammam
Amaranthus,Pusa Kirti,20381.88,Palakkad
Amaranthus,Pusa Kirti,14541.86,Idukki
Amaranthus,Pusa Kiran,16089.05,Amritsar
Amaranthus,Pusa Kiran,16212.21,Ludhiana
Amaranthus,Pusa Kiran,11650.38,Karnal
Amaranthus,Pusa Kiran,12383.26,Kurukshetra
Amaranthus,Pusa Kiran,17641.42,Saharanpur
Amaranthus,Pusa Kiran,18752.57,Agra
Amaranthus,Pusa Kiran,14316.61,Varanasi
Amaranthus,Pusa Kiran,18451.64,Patna
Amaranthus,Pusa Kiran,18192.42,Muzaffarpur
Amaranthus,Pusa Kiran,13161.36,Nadia
Amaranthus,Pusa Kiran,16503.72,Burdwan
Amaranthus,Pusa Kiran,14370.18,Kamrup
Amaranthus,Pusa Kiran,13457.96,Cuttack
Amaranthus,Pusa Kiran,17722.39,Ganjam
Amaranthus,Pusa Kiran,19478.3,Raipur
Amaranthus,Pusa Kiran,12937.79,Bhopal
Amaranthus,Pusa Kiran,11424.39,Indore
Amaranthus,Pusa Kiran,17302.27,Ahmedabad
Amaranthus,Pusa Kiran,17010.39,Rajkot
Amaranthus,Pusa Kiran,13840.57,Surat
Amaranthus,Pusa Kiran,17591.2,Pune
Amaranthus,Pusa Kiran,15668.09,Nashik
Amaranthus,Pusa Kiran,11083.2,Nagpur
Amaranthus,Pusa Kiran,12878.41,Belagavi
Amaranthus,Pusa Kiran,12744.44,Mysuru
Amaranthus,Pusa Kiran,20240.55,Koppal
Amaranthus,Pusa Kiran,16221.28,Coimbatore
Amaranthus,Pusa Kiran,16695.9,Madurai
Amaranthus,Pusa Kiran,18154.72,Thanjavur
Amaranthus,Pusa Kiran,15824.58,Kurnool
Amaranthus,Pusa Kiran,19238.25,Guntur
Amaranthus,Pusa Kiran,17983.66,Prakasam
Amaranthus,Pusa Kiran,15526.39,Nizamabad
Amaranthus,Pusa Kiran,14115.46,Khammam
Amaranthus,Pusa Kiran,19067.62,Palakkad
Amaranthus,Pusa Kiran,13768.43,Idukki
Amla,Banarasi,27535.26,Amritsar
Amla,Banarasi,26770.8,Ludhiana
Amla,Banarasi,19527.66,Karnal
Amla,Banarasi,22095.19,Kurukshetra
Amla,Banarasi,29465.69,Saharanpur
Amla,Banarasi,30756.67,Agra
Amla,Banarasi,24266.38,Varanasi
Amla,Banarasi,32751.32,Patna
Amla,Banarasi,28656.83,Muzaffarpur
Amla,Banarasi,22187.78,Nadia
Amla,Banarasi,27630.96,Burdwan
Amla,Banarasi,23660.97,Kamrup
Amla,Banarasi,20731.07,Cuttack
Amla,Banarasi,31028.46,Ganjam
Amla,Banarasi,34209.22,Raipur
Amla,Banarasi,21834.37,Bhopal
Amla,Banarasi,19778.74,Indore
Amla,Banarasi,27268.56,Ahmedabad
Amla,Banarasi,28768.86,Rajkot
Amla,Banarasi,23129.4,Surat
Amla,Banarasi,28569.1,Pune
Amla,Banarasi,26802.78,Nashik
Amla,Banarasi,19113.71,Nagpur
Amla,Banarasi,20417.5,Belagavi
Amla,Banarasi,20793.96,Mysuru
Amla,Banarasi,35130.14,Koppal
Amla,Banarasi,25168.39,Coimbatore
Amla,Banarasi,27426.99,Madurai
Amla,Banarasi,29805.02,Thanjavur
Amla,Banarasi,25608.71,Kurnool
Amla,Banarasi,33552.82,Guntur
Amla,Banarasi,29519.66,Prakasam
Amla,Banarasi,24982.26,Nizamabad
Amla,Banarasi,23031.25,Khammam
Amla,Banarasi,33572.48,Palakkad
Amla,Banarasi,24692.9,Idukki
Amla,Chakaiya,26879.4,Amritsar
Amla,Chakaiya,26539.11,Ludhiana
Amla,Chakaiya,19864.26,Karnal
Amla,Chakaiya,21385.96,Kurukshetra
Amla,Chakaiya,28479.84,Saharanpur
Amla,Chakaiya,32200.18,Agra
Amla,Chakaiya,22648.78,Varanasi
Amla,Chakaiya,32891.94,Patna
Amla,Chakaiya,28089.04,Muzaffarpur
Amla,Chakaiya,22319.45,Nadia
Amla,Chakaiya,26327.07,Burdwan
Amla,Chakaiya,24106.26,Kamrup
Amla,Chakaiya,22249.49,Cuttack
Amla,Chakaiya,31879.16,Ganjam
Amla,Chakaiya,31619.77,Raipur
Amla,Chakaiya,23073.01,Bhopal
Amla,Chakaiya,19938.34,Indore
Amla,Chakaiya,28897.45,Ahmedabad
Amla,Chakaiya,29676.24,Rajkot
Amla,Chakaiya,22242.76,Surat
Amla,Chakaiya,29310.81,Pune
Amla,Chakaiya,26288.78,Nashik
Amla,Chakaiya,19634.54,Nagpur
Amla,Chakaiya,20738.03,Belagavi
Amla,Chakaiya,20852.15,Mysuru
Amla,Chakaiya,34283.26,Koppal
Amla,Chakaiya,27220.16,Coimbatore
Amla,Chakaiya,28323.77,Madurai
Amla,Chakaiya,29039.86,Thanjavur
Amla,Chakaiya,27038.33,Kurnool
Amla,Chakaiya,30946.45,Guntur
Amla,Chakaiya,30160.25,Prakasam
Amla,Chakaiya,25450.35,Nizamabad
Amla,Chakaiya,24882.12,Khammam
Amla,Chakaiya,34163.83,Palakkad
Amla,Chakaiya,24237.6,Idukki
Arhar Dal,UPAS 120,15421.06,Amritsar
Arhar Dal,UPAS 120,15118.46,Ludhiana
Arhar Dal,UPAS 120,10354.11,Karnal
Arhar Dal,UPAS 120,11538.21,Kurukshetra
Arhar Dal,UPAS 120,15772.63,Saharanpur
Arhar Dal,UPAS 120,16595.12,Agra
Arhar Dal,UPAS 120,12693.3,Varanasi
Arhar Dal,UPAS 120,18741.21,Patna
Arhar Dal,UPAS 120,16918.81,Muzaffarpur
Arhar Dal,UPAS 120,12572.82,Nadia
Arhar Dal,UPAS 120,15278.8,Burdwan
Arhar Dal,UPAS 120,13367.2,Kamrup
Arhar Dal,UPAS 120,11777.68,Cuttack
Arhar Dal,UPAS 120,16858.51,Ganjam
Arhar Dal,UPAS 120,18834.45,Raipur
Arhar Dal,UPAS 120,12805.33,Bhopal
Arhar Dal,UPAS 120,10764.39,Indore
Arhar Dal,UPAS 120,15893.87,Ahmedabad
Arhar Dal,UPAS 120,15766.76,Rajkot
Arhar Dal,UPAS 120,12985.03,Surat
Arhar Dal,UPAS 120,16144.78,Pune
Arhar Dal,UPAS 120,14373.96,Nashik
Arhar Dal,UPAS 120,11026.07,Nagpur
Arhar Dal,UPAS 120,11071.61,Belagavi
Arhar Dal,UPAS 120,12451.82,Mysuru
Arhar Dal,UPAS 120,18859.0,Koppal
Arhar Dal,UPAS 120,14649.44,Coimbatore
Arhar Dal,UPAS 120,15214.34,Madurai
Arhar Dal,UPAS 120,16245.15,Thanjavur
Arhar Dal,UPAS 120,14938.99,Kurnool
Arhar Dal,UPAS 120,19005.74,Guntur
Arhar Dal,UPAS 120,17683.39,Prakasam
Arhar Dal,UPAS 120,13883.74,Nizamabad
Arhar Dal,UPAS 120,13420.41,Khammam
Arhar Dal,UPAS 120,17664.97,Palakkad
Arhar Dal,UPAS 120,13521.24,Idukki
Arhar Dal,Pusa Ageti,15130.37,Amritsar
Arhar Dal,Pusa Ageti,15184.9,Ludhiana
Arhar Dal,Pusa Ageti,10913.64,Karnal
Arhar Dal,Pusa Ageti,12191.71,Kurukshetra
Arhar Dal,Pusa Ageti,15652.65,Saharanpur
Arhar Dal,Pusa Ageti,17656.74,Agra
Arhar Dal,Pusa Ageti,13523.1,Varanasi
Arhar Dal,Pusa Ageti,17089.41,Patna
Arhar Dal,Pusa Ageti,17020.26,Muzaffarpur
Arhar Dal,Pusa Ageti,12616.29,Nadia
Arhar Dal,Pusa Ageti,14525.23,Burdwan
Arhar Dal,Pusa Ageti,13358.11,Kamrup
Arhar Dal,Pusa Ageti,11926.85,Cuttack
Arhar Dal,Pusa Ageti,17267.5,Ganjam
Arhar Dal,Pusa Ageti,18326.33,Raipur
Arhar Dal,Pusa Ageti,12294.42,Bhopal
Arhar Dal,Pusa Ageti,10963.39,Indore
Arhar Dal,Pusa Ageti,15678.73,Ahmedabad
Arhar Dal,Pusa Ageti,16064.26,Rajkot
Arhar Dal,Pusa Ageti,13390.27,Surat
Arhar Dal,Pusa Ageti,16836.53,Pune
Arhar Dal,Pusa Ageti,14253.76,Nashik
Arhar Dal,Pusa Ageti,11090.24,Nagpur
Arhar Dal,Pusa Ageti,12102.5,Belagavi
Arhar Dal,Pusa Ageti,12169.48,Mysuru
Arhar Dal,Pusa Ageti,18794.78,Koppal
Arhar Dal,Pusa Ageti,15276.05,Coimbatore
Arhar Dal,Pusa Ageti,14833.1,Madurai
Arhar Dal,Pusa Ageti,16373.13,Thanjavur
Arhar Dal,Pusa Ageti,14652.3,Kurnool
Arhar Dal,Pusa Ageti,17645.99,Guntur
Arhar Dal,Pusa Ageti,17699.03,Prakasam
Arhar Dal,Pusa Ageti,14469.13,Nizamabad
Arhar Dal,Pusa Ageti,13441.21,Khammam
Arhar Dal,Pusa Ageti,17597.37,Palakkad
Arhar Dal,Pusa Ageti,13480.21,Idukki
Ash Gourd,Pusa Ujjwal,25854.64,Amritsar
Ash Gourd,Pusa Ujjwal,27102.39,Ludhiana
Ash Gourd,Pusa Ujjwal,18117.44,Karnal
Ash Gourd,Pusa Ujjwal,20753.53,Kurukshetra
Ash Gourd,Pusa Ujjwal,29826.18,Saharanpur
Ash Gourd,Pusa Ujjwal,30716.36,Agra
Ash Gourd,Pusa Ujjwal,23343.16,Varanasi
Ash Gourd,Pusa Ujjwal,32506.26,Patna
Ash Gourd,Pusa Ujjwal,30403.58,Muzaffarpur
Ash Gourd,Pusa Ujjwal,22140.59,Nadia
Ash Gourd,Pusa Ujjwal,27566.1,Burdwan
Ash Gourd,Pusa Ujjwal,23330.84,Kamrup
Ash Gourd,Pusa Ujjwal,20892.56,Cuttack
Ash Gourd,Pusa Ujjwal,31276.49,Ganjam
Ash Gourd,Pusa Ujjwal,33199.16,Raipur
Ash Gourd,Pusa Ujjwal,21501.58,Bhopal
Ash Gourd,Pusa Ujjwal,18875.87,Indore
Ash Gourd,Pusa Ujjwal,27119.54,Ahmedabad
Ash Gourd,Pusa Ujjwal,29131.6,Rajkot
Ash Gourd,Pusa Ujjwal,23394.39,Surat
Ash Gourd,Pusa Ujjwal,29936.07,Pune
Ash Gourd,Pusa Ujjwal,26976.9,Nashik
Ash Gourd,Pusa Ujjwal,19647.78,Nagpur
Ash Gourd,Pusa Ujjwal,21322.94,Belagavi
Ash Gourd,Pusa Ujjwal,20446.64,Mysuru
Ash Gourd,Pusa Ujjwal,34332.14,Koppal
Ash Gourd,Pusa Ujjwal,25206.68,Coimbatore
Ash Gourd,Pusa Ujjwal,26211.31,Madurai
Ash Gourd,Pusa Ujjwal,30204.43,Thanjavur
Ash Gourd,Pusa Ujjwal,26000.36,Kurnool
Ash Gourd,Pusa Ujjwal,32340.23,Guntur
Ash Gourd,Pusa Ujjwal,29131.49,Prakasam
Ash Gourd,Pusa Ujjwal,23543.38,Nizamabad
Ash Gourd,Pusa Ujjwal,23047.96,Khammam
Ash Gourd,Pusa Ujjwal,32258.54,Palakkad
Ash Gourd,Pusa Ujjwal,23894.7,Idukki
Ash Gourd,Kashi Ujjwal,25515.41,Amritsar
Ash Gourd,Kashi Ujjwal,28238.45,Ludhiana
Ash Gourd,Kashi Ujjwal,18562.59,Karnal
Ash Gourd,Kashi Ujjwal,21563.0,Kurukshetra
Ash Gourd,Kashi Ujjwal,29544.8,Saharanpur
Ash Gourd,Kashi Ujjwal,32551.08,Agra
Ash Gourd,Kashi Ujjwal,23833.44,Varanasi
Ash Gourd,Kashi Ujjwal,31456.31,Patna
Ash Gourd,Kashi Ujjwal,28849.05,Muzaffarpur
Ash Gourd,Kashi Ujjwal,21947.13,Nadia
Ash Gourd,Kashi Ujjwal,26369.3,Burdwan
Ash Gourd,Kashi Ujjwal,23553.26,Kamrup
Ash Gourd,Kashi Ujjwal,21718.23,Cuttack
Ash Gourd,Kashi Ujjwal,29977.0,Ganjam
Ash Gourd,Kashi Ujjwal,31711.11,Raipur
Ash Gourd,Kashi Ujjwal,22213.79,Bhopal
Ash Gourd,Kashi Ujjwal,19213.55,Indore
Ash Gourd,Kashi Ujjwal,27493.98,Ahmedabad
Ash Gourd,Kashi Ujjwal,30737.18,Rajkot
Ash Gourd,Kashi Ujjwal,22582.94,Surat
Ash Gourd,Kashi Ujjwal,29178.17,Pune
Ash Gourd,Kashi Ujjwal,25742.1,Nashik
Ash Gourd,Kashi Ujjwal,19531.11,Nagpur
Ash Gourd,Kashi Ujjwal,21033.95,Belagavi
Ash Gourd,Kashi Ujjwal,22067.03,Mysuru
Ash Gourd,Kashi Ujjwal,32769.17,Koppal
Ash Gourd,Kashi Ujjwal,25769.8,Coimbatore
Ash Gourd,Kashi Ujjwal,26660.66,Madurai
Ash Gourd,Kashi Ujjwal,29379.12,Thanjavur
Ash Gourd,Kashi Ujjwal,26902.53,Kurnool
Ash Gourd,Kashi Ujjwal,33426.23,Guntur
Ash Gourd,Kashi Ujjwal,32147.63,Prakasam
Ash Gourd,Kashi Ujjwal,24286.14,Nizamabad
Ash Gourd,Kashi Ujjwal,22960.07,Khammam
Ash Gourd,Kashi Ujjwal,33832.69,Palakkad
Ash Gourd,Kashi Ujjwal,23765.26,Idukki
Ashwagandha,Jawahar Asgand-20,37955.49,Amritsar
Ashwagandha,Jawahar Asgand-20,38752.17,Ludhiana
Ashwagandha,Jawahar Asgand-20,27250.65,Karnal
Ashwagandha,Jawahar Asgand-20,31027.46,Kurukshetra
Ashwagandha,Jawahar Asgand-20,40771.5,Saharanpur
Ashwagandha,Jawahar Asgand-20,42427.56,Agra
Ashwagandha,Jawahar Asgand-20,31463.09,Varanasi
Ashwagandha,Jawahar Asgand-20,47151.76,Patna
Ashwagandha,Jawahar Asgand-20,40283.47,Muzaffarpur
Ashwagandha,Jawahar Asgand-20,29410.87,Nadia
Ashwagandha,Jawahar Asgand-20,38505.0,Burdwan
Ashwagandha,Jawahar Asgand-20,33569.55,Kamrup
Ashwagandha,Jawahar Asgand-20,30711.06,Cuttack
Ashwagandha,Jawahar Asgand-20,43634.71,Ganjam
Ashwagandha,Jawahar Asgand-20,46523.9,Raipur
Ashwagandha,Jawahar Asgand-20,29966.9,Bhopal
Ashwagandha,Jawahar Asgand-20,29087.13,Indore
Ashwagandha,Jawahar Asgand-20,37793.79,Ahmedabad
Ashwagandha,Jawahar Asgand-20,41269.87,Rajkot
Ashwagandha,Jawahar Asgand-20,33371.89,Surat
Ashwagandha,Jawahar Asgand-20,42424.98,Pune
Ashwagandha,Jawahar Asgand-20,37416.36,Nashik
Ashwagandha,Jawahar Asgand-20,28259.71,Nagpur
Ashwagandha,Jawahar Asgand-20,29679.75,Belagavi
Ashwagandha,Jawahar Asgand-20,30114.21,Mysuru
Ashwagandha,Jawahar Asgand-20,46862.44,Koppal
Ashwagandha,Jawahar Asgand-20,35770.26,Coimbatore
Ashwagandha,Jawahar Asgand-20,38180.34,Madurai
Ashwagandha,Jawahar Asgand-20,41405.92,Thanjavur
Ashwagandha,Jawahar Asgand-20,37525.63,Kurnool
Ashwagandha,Jawahar Asgand-20,44534.67,Guntur
Ashwagandha,Jawahar Asgand-20,44898.55,Prakasam
Ashwagandha,Jawahar Asgand-20,33010.18,Nizamabad
Ashwagandha,Jawahar Asgand-20,32384.55,Khammam
Ashwagandha,Jawahar Asgand-20,47045.12,Palakkad
Ashwagandha,Jawahar Asgand-20,33158.3,Idukki
Ashwagandha,Poshita,38375.04,Amritsar
Ashwagandha,Poshita,37513.74,Ludhiana
Ashwagandha,Poshita,27803.54,Karnal
Ashwagandha,Poshita,28459.66,Kurukshetra
Ashwagandha,Poshita,42640.64,Saharanpur
Ashwagandha,Poshita,45800.78,Agra
Ashwagandha,Poshita,34236.48,Varanasi
Ashwagandha,Poshita,42962.74,Patna
Ashwagandha,Poshita,43141.84,Muzaffarpur
Ashwagandha,Poshita,30710.92,Nadia
Ashwagandha,Poshita,37835.13,Burdwan
Ashwagandha,Poshita,33063.49,Kamrup
Ashwagandha,Poshita,31318.03,Cuttack
Ashwagandha,Poshita,40983.51,Ganjam
Ashwagandha,Poshita,48174.34,Raipur
Ashwagandha,Poshita,30411.35,Bhopal
Ashwagandha,Poshita,28058.48,Indore
Ashwagandha,Poshita,39061.39,Ahmedabad
Ashwagandha,Poshita,43097.5,Rajkot
Ashwagandha,Poshita,30545.85,Surat
Ashwagandha,Poshita,42247.92,Pune
Ashwagandha,Poshita,35639.01,Nashik
Ashwagandha,Poshita,28262.51,Nagpur
Ashwagandha,Poshita,30346.04,Belagavi
Ashwagandha,Poshita,30992.29,Mysuru
Ashwagandha,Poshita,44939.3,Koppal
Ashwagandha,Poshita,36648.46,Coimbatore
Ashwagandha,Poshita,38886.25,Madurai
Ashwagandha,Poshita,40164.25,Thanjavur
Ashwagandha,Poshita,38850.09,Kurnool
Ashwagandha,Poshita,43159.03,Guntur
Ashwagandha,Poshita,44060.1,Prakasam
Ashwagandha,Poshita,34937.86,Nizamabad
Ashwagandha,Poshita,32783.04,Khammam
Ashwagandha,Poshita,46803.17,Palakkad
Ashwagandha,Poshita,34666.61,Idukki
Bajra,Pusa 322,10850.65,Amritsar
Bajra,Pusa 322,11110.25,Ludhiana
Bajra,Pusa 322,7830.44,Karnal
Bajra,Pusa 322,8520.76,Kurukshetra
Bajra,Pusa 322,11521.38,Saharanpur
Bajra,Pusa 322,12036.72,Agra
Bajra,Pusa 322,8922.64,Varanasi
Bajra,Pusa 322,12823.33,Patna
Bajra,Pusa 322,12006.42,Muzaffarpur
Bajra,Pusa 322,8509.34,Nadia
Bajra,Pusa 322,10909.27,Burdwan
Bajra,Pusa 322,9822.02,Kamrup
Bajra,Pusa 322,8217.03,Cuttack
Bajra,Pusa 322,12419.86,Ganjam
Bajra,Pusa 322,13783.23,Raipur
Bajra,Pusa 322,9156.38,Bhopal
Bajra,Pusa 322,7674.02,Indore
Bajra,Pusa 322,11003.87,Ahmedabad
Bajra,Pusa 322,11902.74,Rajkot
Bajra,Pusa 322,9090.76,Surat
Bajra,Pusa 322,11273.59,Pune
Bajra,Pusa 322,11055.79,Nashik
Bajra,Pusa 322,8152.15,Nagpur
Bajra,Pusa 322,8010.23,Belagavi
Bajra,Pusa 322,8411.3,Mysuru
Bajra,Pusa 322,12825.79,Koppal
Bajra,Pusa 322,10665.09,Coimbatore
Bajra,Pusa 322,11335.33,Madurai
Bajra,Pusa 322,11808.49,Thanjavur
Bajra,Pusa 322,10557.4,Kurnool
Bajra,Pusa 322,12918.82,Guntur
Bajra,Pusa 322,12310.46,Prakasam
Bajra,Pusa 322,10393.62,Nizamabad
Bajra,Pusa 322,9200.25,Khammam
Bajra,Pusa 322,12929.01,Palakkad
Bajra,Pusa 322,9111.63,Idukki
Bajra,HHB 67,10659.66,Amritsar
Bajra,HHB 67,11257.17,Ludhiana
Bajra,HHB 67,7950.87,Karnal
Bajra,HHB 67,8906.19,Kurukshetra
Bajra,HHB 67,11481.39,Saharanpur
Bajra,HHB 67,12571.38,Agra
Bajra,HHB 67,9669.24,Varanasi
Bajra,HHB 67,13220.22,Patna
Bajra,HHB 67,11664.14,Muzaffarpur
Bajra,HHB 67,8832.08,Nadia
Bajra,HHB 67,11268.98,Burdwan
Bajra,HHB 67,9213.46,Kamrup
Bajra,HHB 67,8747.39,Cuttack
Bajra,HHB 67,12053.32,Ganjam
Bajra,HHB 67,13080.71,Raipur
Bajra,HHB 67,9273.61,Bhopal
Bajra,HHB 67,7893.75,Indore
Bajra,HHB 67,11678.77,Ahmedabad
Bajra,HHB 67,12123.1,Rajkot
Bajra,HHB 67,9253.32,Surat
Bajra,HHB 67,12212.2,Pune
Bajra,HHB 67,10348.69,Nashik
Bajra,HHB 67,7473.14,Nagpur
Bajra,HHB 67,7967.93,Belagavi
Bajra,HHB 67,8984.24,Mysuru
Bajra,HHB 67,13808.32,Koppal
Bajra,HHB 67,10882.01,Coimbatore
Bajra,HHB 67,11301.2,Madurai
Bajra,HHB 67,12246.32,Thanjavur
Bajra,HHB 67,10321.25,Kurnool
Bajra,HHB 67,12912.44,Guntur
Bajra,HHB 67,12243.22,Prakasam
Bajra,HHB 67,9924.13,Nizamabad
Bajra,HHB 67,9746.83,Khammam
Bajra,HHB 67,12645.64,Palakkad
Bajra,HHB 67,10007.37,Idukki
Banana,Grand Naine,63530.24,Amritsar
Banana,Grand Naine,64097.64,Ludhiana
Banana,Grand Naine,47809.2,Karnal
Banana,Grand Naine,49607.78,Kurukshetra
Banana,Grand Naine,67189.43,Saharanpur
Banana,Grand Naine,77819.64,Agra
Banana,Grand Naine,55003.13,Varanasi
Banana,Grand Naine,77271.87,Patna
Banana,Grand Naine,66818.71,Muzaffarpur
Banana,Grand Naine,51688.59,Nadia
Banana,Grand Naine,61818.03,Burdwan
Banana,Grand Naine,56282.64,Kamrup
Banana,Grand Naine,49988.17,Cuttack
Banana,Grand Naine,70062.74,Ganjam
Banana,Grand Naine,77759.28,Raipur
Banana,Grand Naine,55110.04,Bhopal
Banana,Grand Naine,48814.46,Indore
Banana,Grand Naine,68733.12,Ahmedabad
Banana,Grand Naine,67506.19,Rajkot
Banana,Grand Naine,53685.43,Surat
Banana,Grand Naine,67850.91,Pune
Banana,Grand Naine,60670.75,Nashik
Banana,Grand Naine,47976.85,Nagpur
Banana,Grand Naine,47166.73,Belagavi
Banana,Grand Naine,49668.86,Mysuru
Banana,Grand Naine,79940.7,Koppal
Banana,Grand Naine,65961.72,Coimbatore
Banana,Grand Naine,62015.25,Madurai
Banana,Grand Naine,72580.13,Thanjavur
Banana,Grand Naine,62504.98,Kurnool
Banana,Grand Naine,77556.46,Guntur
Banana,Grand Naine,70268.54,Prakasam
Banana,Grand Naine,59685.92,Nizamabad
Banana,Grand Naine,56399.93,Khammam
Banana,Grand Naine,78947.67,Palakkad
Banana,Grand Naine,58520.06,Idukki
Banana,Robusta,65804.37,Amritsar
Banana,Robusta,65671.41,Ludhiana
Banana,Robusta,43590.62,Karnal
Banana,Robusta,50233.23,Kurukshetra
Banana,Robusta,67341.55,Saharanpur
Banana,Robusta,76317.23,Agra
Banana,Robusta,57158.89,Varanasi
Banana,Robusta,77138.58,Patna
Banana,Robusta,69953.05,Muzaffarpur
Banana,Robusta,49533.56,Nadia
Banana,Robusta,63281.54,Burdwan
Banana,Robusta,57091.22,Kamrup
Banana,Robusta,51363.72,Cuttack
Banana,Robusta,69159.14,Ganjam
Banana,Robusta,80180.27,Raipur
Banana,Robusta,51747.04,Bhopal
Banana,Robusta,47970.48,Indore
Banana,Robusta,66755.87,Ahmedabad
Banana,Robusta,70352.23,Rajkot
Banana,Robusta,55270.5,Surat
Banana,Robusta,69602.72,Pune
Banana,Robusta,65053.94,Nashik
Banana,Robusta,45497.46,Nagpur
Banana,Robusta,48378.62,Belagavi
Banana,Robusta,50113.64,Mysuru
Banana,Robusta,79584.78,Koppal
Banana,Robusta,65648.53,Coimbatore
Banana,Robusta,63257.0,Madurai
Banana,Robusta,74047.01,Thanjavur
Banana,Robusta,61577.4,Kurnool
Banana,Robusta,77124.52,Guntur
Banana,Robusta,73768.42,Prakasam
Banana,Robusta,56579.92,Nizamabad
Banana,Robusta,55205.29,Khammam
Banana,Robusta,79329.97,Palakkad
Banana,Robusta,58288.7,Idukki
Banana,Dwarf Cavendish,61413.39,Amritsar
Banana,Dwarf Cavendish,61952.08,Ludhiana
Banana,Dwarf Cavendish,44247.08,Karnal
Banana,Dwarf Cavendish,49621.83,Kurukshetra
Banana,Dwarf Cavendish,67397.64,Saharanpur
Banana,Dwarf Cavendish,71380.47,Agra
Banana,Dwarf Cavendish,57484.6,Varanasi
Banana,Dwarf Cavendish,72614.02,Patna
Banana,Dwarf Cavendish,71484.6,Muzaffarpur
Banana,Dwarf Cavendish,52148.47,Nadia
Banana,Dwarf Cavendish,62660.17,Burdwan
Banana,Dwarf Cavendish,54798.54,Kamrup
Banana,Dwarf Cavendish,50522.66,Cuttack
Banana,Dwarf Cavendish,69548.84,Ganjam
Banana,Dwarf Cavendish,75111.95,Raipur
Banana,Dwarf Cavendish,55269.12,Bhopal
Banana,Dwarf Cavendish,45224.67,Indore
Banana,Dwarf Cavendish,62847.83,Ahmedabad
Banana,Dwarf Cavendish,67648.18,Rajkot
Banana,Dwarf Cavendish,55486.62,Surat
Banana,Dwarf Cavendish,71442.58,Pune
Banana,Dwarf Cavendish,65300.41,Nashik
Banana,Dwarf Cavendish,44237.4,Nagpur
Banana,Dwarf Cavendish,49933.5,Belagavi
Banana,Dwarf Cavendish,51468.89,Mysuru
Banana,Dwarf Cavendish,82431.65,Koppal
Banana,Dwarf Cavendish,64716.12,Coimbatore
Banana,Dwarf Cavendish,64487.38,Madurai
Banana,Dwarf Cavendish,70599.51,Thanjavur
Banana,Dwarf Cavendish,62378.91,Kurnool
Banana,Dwarf Cavendish,77972.92,Guntur
Banana,Dwarf Cavendish,74391.64,Prakasam
Banana,Dwarf Cavendish,58784.12,Nizamabad
Banana,Dwarf Cavendish,59698.01,Khammam
Banana,Dwarf Cavendish,80011.31,Palakkad
Banana,Dwarf Cavendish,58320.44,Idukki
Barley,Karan 19,15673.41,Amritsar
Barley,Karan 19,16816.51,Ludhiana
Barley,Karan 19,11284.05,Karnal
Barley,Karan 19,13479.29,Kurukshetra
Barley,Karan 19,17187.01,Saharanpur
Barley,Karan 19,19286.48,Agra
Barley,Karan 19,13398.33,Varanasi
Barley,Karan 19,18792.99,Patna
Barley,Karan 19,17011.5,Muzaffarpur
Barley,Karan 19,12767.62,Nadia
Barley,Karan 19,15918.5,Burdwan
Barley,Karan 19,13852.86,Kamrup
Barley,Karan 19,12953.45,Cuttack
Barley,Karan 19,17811.91,Ganjam
Barley,Karan 19,20846.05,Raipur
Barley,Karan 19,13869.33,Bhopal
Barley,Karan 19,12462.86,Indore
Barley,Karan 19,16740.99,Ahmedabad
Barley,Karan 19,18626.52,Rajkot
Barley,Karan 19,13444.14,Surat
Barley,Karan 19,17156.7,Pune
Barley,Karan 19,15730.72,Nashik
Barley,Karan 19,12191.45,Nagpur
Barley,Karan 19,12263.98,Belagavi
Barley,Karan 19,12969.15,Mysuru
Barley,Karan 19,20435.01,Koppal
Barley,Karan 19,15968.78,Coimbatore
Barley,Karan 19,16895.41,Madurai
Barley,Karan 19,17736.46,Thanjavur
Barley,Karan 19,16408.3,Kurnool
Barley,Karan 19,20069.07,Guntur
Barley,Karan 19,19397.95,Prakasam
Barley,Karan 19,14593.91,Nizamabad
Barley,Karan 19,13964.28,Khammam
Barley,Karan 19,20924.97,Palakkad
Barley,Karan 19,14414.57,Idukki
Barley,Jyoti,16745.27,Amritsar
Barley,Jyoti,17200.08,Ludhiana
Barley,Jyoti,11482.07,Karnal
Barley,Jyoti,12718.24,Kurukshetra
Barley,Jyoti,17412.72,Saharanpur
Barley,Jyoti,18822.07,Agra
Barley,Jyoti,14267.8,Varanasi
Barley,Jyoti,18936.62,Patna
Barley,Jyoti,18706.55,Muzaffarpur
Barley,Jyoti,12431.77,Nadia
Barley,Jyoti,15717.3,Burdwan
Barley,Jyoti,14674.93,Kamrup
Barley,Jyoti,13439.48,Cuttack
Barley,Jyoti,19326.36,Ganjam
Barley,Jyoti,20039.57,Raipur
Barley,Jyoti,13950.36,Bhopal
Barley,Jyoti,12308.29,Indore
Barley,Jyoti,16264.81,Ahmedabad
Barley,Jyoti,18667.62,Rajkot
Barley,Jyoti,13244.81,Surat
Barley,Jyoti,17372.1,Pune
Barley,Jyoti,16474.53,Nashik
Barley,Jyoti,11934.19,Nagpur
Barley,Jyoti,13056.54,Belagavi
Barley,Jyoti,12590.39,Mysuru
Barley,Jyoti,20473.79,Koppal
Barley,Jyoti,15791.29,Coimbatore
Barley,Jyoti,16256.38,Madurai
Barley,Jyoti,17772.5,Thanjavur
Barley,Jyoti,16986.35,Kurnool
Barley,Jyoti,20204.29,Guntur
Barley,Jyoti,18533.48,Prakasam
Barley,Jyoti,14825.84,Nizamabad
Barley,Jyoti,14646.35,Khammam
Barley,Jyoti,19869.54,Palakkad
Barley,Jyoti,14209.77,Idukki
Beetroot,Crimson Globe,27458.41,Amritsar
Beetroot,Crimson Globe,28071.12,Ludhiana
Beetroot,Crimson Globe,18904.76,Karnal
Beetroot,Crimson Globe,21310.24,Kurukshetra
Beetroot,Crimson Globe,28887.42,Saharanpur
Beetroot,Crimson Globe,31832.95,Agra
Beetroot,Crimson Globe,23452.79,Varanasi
Beetroot,Crimson Globe,33755.05,Patna
Beetroot,Crimson Globe,30623.53,Muzaffarpur
Beetroot,Crimson Globe,21410.31,Nadia
Beetroot,Crimson Globe,26686.16,Burdwan
Beetroot,Crimson Globe,24405.75,Kamrup
Beetroot,Crimson Globe,21463.24,Cuttack
Beetroot,Crimson Globe,30327.01,Ganjam
Beetroot,Crimson Globe,34275.18,Raipur
Beetroot,Crimson Globe,23090.02,Bhopal
Beetroot,Crimson Globe,20701.45,Indore
Beetroot,Crimson Globe,28136.41,Ahmedabad
Beetroot,Crimson Globe,29295.09,Rajkot
Beetroot,Crimson Globe,23695.8,Surat
Beetroot,Crimson Globe,28697.09,Pune
Beetroot,Crimson Globe,25937.12,Nashik
Beetroot,Crimson Globe,19195.91,Nagpur
Beetroot,Crimson Globe,21397.68,Belagavi
Beetroot,Crimson Globe,22602.42,Mysuru
Beetroot,Crimson Globe,32346.36,Koppal
Beetroot,Crimson Globe,27033.47,Coimbatore
Beetroot,Crimson Globe,28229.03,Madurai
Beetroot,Crimson Globe,29811.25,Thanjavur
Beetroot,Crimson Globe,27328.58,Kurnool
Beetroot,Crimson Globe,32589.96,Guntur
Beetroot,Crimson Globe,30804.04,Prakasam
Beetroot,Crimson Globe,23635.68,Nizamabad
Beetroot,Crimson Globe,24454.81,Khammam
Beetroot,Crimson Globe,32863.41,Palakkad
Beetroot,Crimson Globe,24609.78,Idukki
Beetroot,Detroit Dark Red,26231.19,Amritsar
Beetroot,Detroit Dark Red,26403.73,Ludhiana
Beetroot,Detroit Dark Red,18727.87,Karnal
Beetroot,Detroit Dark Red,22134.18,Kurukshetra
Beetroot,Detroit Dark Red,28834.99,Saharanpur
Beetroot,Detroit Dark Red,31774.99,Agra
Beetroot,Detroit Dark Red,22845.85,Varanasi
Beetroot,Detroit Dark Red,31776.66,Patna
Beetroot,Detroit Dark Red,29799.96,Muzaffarpur
Beetroot,Detroit Dark Red,21779.03,Nadia
Beetroot,Detroit Dark Red,26053.75,Burdwan
Beetroot,Detroit Dark Red,23063.58,Kamrup
Beetroot,Detroit Dark Red,20692.19,Cuttack
Beetroot,Detroit Dark Red,30181.71,Ganjam
Beetroot,Detroit Dark Red,33554.89,Raipur
Beetroot,Detroit Dark Red,22037.98,Bhopal
Beetroot,Detroit Dark Red,20617.42,Indore
Beetroot,Detroit Dark Red,28633.65,Ahmedabad
Beetroot,Detroit Dark Red,30672.29,Rajkot
Beetroot,Detroit Dark Red,22697.26,Surat
Beetroot,Detroit Dark Red,28057.84,Pune
Beetroot,Detroit Dark Red,26573.67,Nashik
Beetroot,Detroit Dark Red,19718.59,Nagpur
Beetroot,Detroit Dark Red,20049.19,Belagavi
Beetroot,Detroit Dark Red,21807.45,Mysuru
Beetroot,Detroit Dark Red,32800.58,Koppal
Beetroot,Detroit Dark Red,26147.32,Coimbatore
Beetroot,Detroit Dark Red,26551.12,Madurai
Beetroot,Detroit Dark Red,29107.13,Thanjavur
Beetroot,Detroit Dark Red,25882.32,Kurnool
Beetroot,Detroit Dark Red,31590.47,Guntur
Beetroot,Detroit Dark Red,31245.03,Prakasam
Beetroot,Detroit Dark Red,24222.05,Nizamabad
Beetroot,Detroit Dark Red,23855.02,Khammam
Beetroot,Detroit Dark Red,32035.2,Palakkad
Beetroot,Detroit Dark Red,23543.48,Idukki
Ber,Umran,22311.54,Amritsar
Ber,Umran,22289.91,Ludhiana
Ber,Umran,15375.72,Karnal
Ber,Umran,17481.09,Kurukshetra
Ber,Umran,23114.01,Saharanpur
Ber,Umran,25862.5,Agra
Ber,Umran,19317.28,Varanasi
Ber,Umran,25123.54,Patna
Ber,Umran,24319.65,Muzaffarpur
Ber,Umran,17736.48,Nadia
Ber,Umran,22074.22,Burdwan
Ber,Umran,20224.0,Kamrup
Ber,Umran,17199.67,Cuttack
Ber,Umran,25102.48,Ganjam
Ber,Umran,26168.18,Raipur
Ber,Umran,17374.31,Bhopal
Ber,Umran,15894.12,Indore
Ber,Umran,21820.24,Ahmedabad
Ber,Umran,23676.49,Rajkot
Ber,Umran,18613.71,Surat
Ber,Umran,23185.96,Pune
Ber,Umran,21558.51,Nashik
Ber,Umran,15605.5,Nagpur
Ber,Umran,16801.62,Belagavi
Ber,Umran,17227.62,Mysuru
Ber,Umran,27632.72,Koppal
Ber,Umran,20954.32,Coimbatore
Ber,Umran,23089.16,Madurai
Ber,Umran,24602.67,Thanjavur
Ber,Umran,21522.2,Kurnool
Ber,Umran,26078.54,Guntur
Ber,Umran,25793.7,Prakasam
Ber,Umran,20645.81,Nizamabad
Ber,Umran,19743.36,Khammam
Ber,Umran,25574.5,Palakkad
Ber,Umran,20207.63,Idukki
Ber,Gola,22156.44,Amritsar
Ber,Gola,21697.5,Ludhiana
Ber,Gola,15184.49,Karnal
Ber,Gola,17689.32,Kurukshetra
Ber,Gola,22347.74,Saharanpur
Ber,Gola,26377.03,Agra
Ber,Gola,19232.93,Varanasi
Ber,Gola,24663.64,Patna
Ber,Gola,24050.97,Muzaffarpur
Ber,Gola,16817.52,Nadia
Ber,Gola,22803.56,Burdwan
Ber,Gola,20083.18,Kamrup
Ber,Gola,17592.74,Cuttack
Ber,Gola,23728.92,Ganjam
Ber,Gola,26052.11,Raipur
Ber,Gola,17088.69,Bhopal
Ber,Gola,16700.07,Indore
Ber,Gola,22167.56,Ahmedabad
Ber,Gola,24198.71,Rajkot
Ber,Gola,18535.9,Surat
Ber,Gola,22531.02,Pune
Ber,Gola,20391.32,Nashik
Ber,Gola,15879.25,Nagpur
Ber,Gola,17249.3,Belagavi
Ber,Gola,16838.36,Mysuru
Ber,Gola,26624.7,Koppal
Ber,Gola,21986.42,Coimbatore
Ber,Gola,22341.22,Madurai
Ber,Gola,23839.42,Thanjavur
Ber,Gola,22522.37,Kurnool
Ber,Gola,26910.04,Guntur
Ber,Gola,24510.22,Prakasam
Ber,Gola,19534.04,Nizamabad
Ber,Gola,19479.63,Khammam
Ber,Gola,26441.03,Palakkad
Ber,Gola,19340.82,Idukki
Betel Nut,Mangala,50744.64,Amritsar
Betel Nut,Mangala,51711.82,Ludhiana
Betel Nut,Mangala,39524.32,Karnal
Betel Nut,Mangala,44235.07,Kurukshetra
Betel Nut,Mangala,56491.58,Saharanpur
Betel Nut,Mangala,59746.61,Agra
Betel Nut,Mangala,45029.63,Varanasi
Betel Nut,Mangala,65809.58,Patna
Betel Nut,Mangala,60112.5,Muzaffarpur
Betel Nut,Mangala,40948.62,Nadia
Betel Nut,Mangala,53584.17,Burdwan
Betel Nut,Mangala,45564.2,Kamrup
Betel Nut,Mangala,40624.81,Cuttack
Betel Nut,Mangala,62547.91,Ganjam
Betel Nut,Mangala,63359.89,Raipur
Betel Nut,Mangala,42103.1,Bhopal
Betel Nut,Mangala,39298.3,Indore
Betel Nut,Mangala,57007.06,Ahmedabad
Betel Nut,Mangala,61075.24,Rajkot
Betel Nut,Mangala,43890.34,Surat
Betel Nut,Mangala,57707.2,Pune
Betel Nut,Mangala,53439.14,Nashik
Betel Nut,Mangala,37509.9,Nagpur
Betel Nut,Mangala,39893.08,Belagavi
Betel Nut,Mangala,43972.0,Mysuru
Betel Nut,Mangala,64898.51,Koppal
Betel Nut,Mangala,51434.89,Coimbatore
Betel Nut,Mangala,52113.23,Madurai
Betel Nut,Mangala,60161.94,Thanjavur
Betel Nut,Mangala,52979.76,Kurnool
Betel Nut,Mangala,64152.07,Guntur
Betel Nut,Mangala,60063.68,Prakasam
Betel Nut,Mangala,50997.59,Nizamabad
Betel Nut,Mangala,46028.16,Khammam
Betel Nut,Mangala,67510.42,Palakkad
Betel Nut,Mangala,49138.16,Idukki
Betel Nut,Sumangala,54836.04,Amritsar
Betel Nut,Sumangala,54306.85,Ludhiana
Betel Nut,Sumangala,36898.27,Karnal
Betel Nut,Sumangala,43920.39,Kurukshetra
Betel Nut,Sumangala,58251.38,Saharanpur
Betel Nut,Sumangala,59826.11,Agra
Betel Nut,Sumangala,45791.83,Varanasi
Betel Nut,Sumangala,63387.8,Patna
Betel Nut,Sumangala,58065.16,Muzaffarpur
Betel Nut,Sumangala,44455.7,Nadia
Betel Nut,Sumangala,52755.22,Burdwan
Betel Nut,Sumangala,45612.98,Kamrup
Betel Nut,Sumangala,44604.32,Cuttack
Betel Nut,Sumangala,57681.2,Ganjam
Betel Nut,Sumangala,62992.42,Raipur
Betel Nut,Sumangala,43263.99,Bhopal
Betel Nut,Sumangala,40130.39,Indore
Betel Nut,Sumangala,57914.98,Ahmedabad
Betel Nut,Sumangala,61177.9,Rajkot
Betel Nut,Sumangala,44072.39,Surat
Betel Nut,Sumangala,60182.87,Pune
Betel Nut,Sumangala,52024.71,Nashik
Betel Nut,Sumangala,38756.43,Nagpur
Betel Nut,Sumangala,41611.76,Belagavi
Betel Nut,Sumangala,43211.61,Mysuru
Betel Nut,Sumangala,69845.16,Koppal
Betel Nut,Sumangala,54634.97,Coimbatore
Betel Nut,Sumangala,55379.66,Madurai
Betel Nut,Sumangala,60891.64,Thanjavur
Betel Nut,Sumangala,53962.13,Kurnool
Betel Nut,Sumangala,63189.41,Guntur
Betel Nut,Sumangala,58229.54,Prakasam
Betel Nut,Sumangala,48883.27,Nizamabad
Betel Nut,Sumangala,49555.38,Khammam
Betel Nut,Sumangala,62845.04,Palakkad
Betel Nut,Sumangala,45547.27,Idukki
Bitter Gourd,Pusa Do Mausami,27275.57,Amritsar
Bitter Gourd,Pusa Do Mausami,26403.36,Ludhiana
Bitter Gourd,Pusa Do Mausami,18162.57,Karnal
Bitter Gourd,Pusa Do Mausami,20923.55,Kurukshetra
Bitter Gourd,Pusa Do Mausami,28652.07,Saharanpur
Bitter Gourd,Pusa Do Mausami,31642.01,Agra
Bitter Gourd,Pusa Do Mausami,23164.72,Varanasi
Bitter Gourd,Pusa Do Mausami,33563.8,Patna
Bitter Gourd,Pusa Do Mausami,28274.09,Muzaffarpur
Bitter Gourd,Pusa Do Mausami,20943.92,Nadia
Bitter Gourd,Pusa Do Mausami,27285.56,Burdwan
Bitter Gourd,Pusa Do Mausami,24352.31,Kamrup
Bitter Gourd,Pusa Do Mausami,20460.54,Cuttack
Bitter Gourd,Pusa Do Mausami,30870.02,Ganjam
Bitter Gourd,Pusa Do Mausami,33596.72,Raipur
Bitter Gourd,Pusa Do Mausami,22968.04,Bhopal
Bitter Gourd,Pusa Do Mausami,20355.87,Indore
Bitter Gourd,Pusa Do Mausami,28985.77,Ahmedabad
Bitter Gourd,Pusa Do Mausami,28653.56,Rajkot
Bitter Gourd,Pusa Do Mausami,22064.58,Surat
Bitter Gourd,Pusa Do Mausami,28231.13,Pune
Bitter Gourd,Pusa Do Mausami,26539.51,Nashik
Bitter Gourd,Pusa Do Mausami,18576.73,Nagpur
Bitter Gourd,Pusa Do Mausami,20282.06,Belagavi
Bitter Gourd,Pusa Do Mausami,22171.49,Mysuru
Bitter Gourd,Pusa Do Mausami,32703.01,Koppal
Bitter Gourd,Pusa Do Mausami,26817.02,Coimbatore
Bitter Gourd,Pusa Do Mausami,26231.98,Madurai
Bitter Gourd,Pusa Do Mausami,28699.65,Thanjavur
Bitter Gourd,Pusa Do Mausami,25921.41,Kurnool
Bitter Gourd,Pusa Do Mausami,33647.87,Guntur
Bitter Gourd,Pusa Do Mausami,29291.85,Prakasam
Bitter Gourd,Pusa Do Mausami,24864.18,Nizamabad
Bitter Gourd,Pusa Do Mausami,24007.73,Khammam
Bitter Gourd,Pusa Do Mausami,31567.13,Palakkad
Bitter Gourd,Pusa Do Mausami,23951.83,Idukki
Bitter Gourd,Arka Harit,25436.27,Amritsar
Bitter Gourd,Arka Harit,25907.19,Ludhiana
Bitter Gourd,Arka Harit,18920.18,Karnal
Bitter Gourd,Arka Harit,21018.28,Kurukshetra
Bitter Gourd,Arka Harit,28467.59,Saharanpur
Bitter Gourd,Arka Harit,30125.38,Agra
Bitter Gourd,Arka Harit,23730.64,Varanasi
Bitter Gourd,Arka Harit,33533.51,Patna
Bitter Gourd,Arka Harit,30566.37,Muzaffarpur
Bitter Gourd,Arka Harit,21379.82,Nadia
Bitter Gourd,Arka Harit,27735.42,Burdwan
Bitter Gourd,Arka Harit,23097.01,Kamrup
Bitter Gourd,Arka Harit,22385.4,Cuttack
Bitter Gourd,Arka Harit,30367.96,Ganjam
Bitter Gourd,Arka Harit,33222.58,Raipur
Bitter Gourd,Arka Harit,23202.26,Bhopal
Bitter Gourd,Arka Harit,20317.38,Indore
Bitter Gourd,Arka Harit,27688.28,Ahmedabad
Bitter Gourd,Arka Harit,28532.23,Rajkot
Bitter Gourd,Arka Harit,22898.55,Surat
Bitter Gourd,Arka Harit,27638.04,Pune
Bitter Gourd,Arka Harit,27472.38,Nashik
Bitter Gourd,Arka Harit,19897.09,Nagpur
Bitter Gourd,Arka Harit,19765.68,Belagavi
Bitter Gourd,Arka Harit,21024.16,Mysuru
Bitter Gourd,Arka Harit,33307.11,Koppal
Bitter Gourd,Arka Harit,27734.9,Coimbatore
Bitter Gourd,Arka Harit,26039.4,Madurai
Bitter Gourd,Arka Harit,28966.4,Thanjavur
Bitter Gourd,Arka Harit,26510.83,Kurnool
Bitter Gourd,Arka Harit,33379.02,Guntur
Bitter Gourd,Arka Harit,32281.99,Prakasam
Bitter Gourd,Arka Harit,24962.18,Nizamabad
Bitter Gourd,Arka Harit,24141.47,Khammam
Bitter Gourd,Arka Harit,31626.37,Palakkad
Bitter Gourd,Arka Harit,24172.6,Idukki
Black Pepper,Panniyur-1,61784.58,Amritsar
Black Pepper,Panniyur-1,64361.99,Ludhiana
Black Pepper,Panniyur-1,45614.38,Karnal
Black Pepper,Panniyur-1,49475.42,Kurukshetra
Black Pepper,Panniyur-1,68481.34,Saharanpur
Black Pepper,Panniyur-1,77332.34,Agra
Black Pepper,Panniyur-1,53659.39,Varanasi
Black Pepper,Panniyur-1,80214.95,Patna
Black Pepper,Panniyur-1,68114.88,Muzaffarpur
Black Pepper,Panniyur-1,53979.8,Nadia
Black Pepper,Panniyur-1,65088.77,Burdwan
Black Pepper,Panniyur-1,57198.19,Kamrup
Black Pepper,Panniyur-1,48829.33,Cuttack
Black Pepper,Panniyur-1,71340.25,Ganjam
Black Pepper,Panniyur-1,79922.57,Raipur
Black Pepper,Panniyur-1,52240.5,Bhopal
Black Pepper,Panniyur-1,48191.21,Indore
Black Pepper,Panniyur-1,67274.19,Ahmedabad
Black Pepper,Panniyur-1,69931.03,Rajkot
Black Pepper,Panniyur-1,55076.62,Surat
Black Pepper,Panniyur-1,67724.83,Pune
Black Pepper,Panniyur-1,65195.62,Nashik
Black Pepper,Panniyur-1,45200.64,Nagpur
Black Pepper,Panniyur-1,49765.52,Belagavi
Black Pepper,Panniyur-1,50698.16,Mysuru
Black Pepper,Panniyur-1,78878.2,Koppal
Black Pepper,Panniyur-1,63077.35,Coimbatore
Black Pepper,Panniyur-1,66565.49,Madurai
Black Pepper,Panniyur-1,70752.55,Thanjavur
Black Pepper,Panniyur-1,64049.86,Kurnool
Black Pepper,Panniyur-1,78123.04,Guntur
Black Pepper,Panniyur-1,75167.82,Prakasam
Black Pepper,Panniyur-1,58696.93,Nizamabad
Black Pepper,Panniyur-1,57525.65,Khammam
Black Pepper,Panniyur-1,77528.41,Palakkad
Black Pepper,Panniyur-1,55697.31,Idukki
Black Pepper,Sreekara,65211.75,Amritsar
Black Pepper,Sreekara,68294.48,Ludhiana
Black Pepper,Sreekara,45598.23,Karnal
Black Pepper,Sreekara,51666.72,Kurukshetra
Black Pepper,Sreekara,68040.35,Saharanpur
Black Pepper,Sreekara,75322.88,Agra
Black Pepper,Sreekara,53077.53,Varanasi
Black Pepper,Sreekara,77418.0,Patna
Black Pepper,Sreekara,73957.85,Muzaffarpur
Black Pepper,Sreekara,49784.26,Nadia
Black Pepper,Sreekara,67001.53,Burdwan
Black Pepper,Sreekara,56770.13,Kamrup
Black Pepper,Sreekara,50081.34,Cuttack
Black Pepper,Sreekara,72222.99,Ganjam
Black Pepper,Sreekara,75788.36,Raipur
Black Pepper,Sreekara,51619.09,Bhopal
Black Pepper,Sreekara,49005.25,Indore
Black Pepper,Sreekara,68571.16,Ahmedabad
Black Pepper,Sreekara,73431.91,Rajkot
Black Pepper,Sreekara,55249.4,Surat
Black Pepper,Sreekara,71405.07,Pune
Black Pepper,Sreekara,61159.85,Nashik
Black Pepper,Sreekara,46198.67,Nagpur
Black Pepper,Sreekara,48050.43,Belagavi
Black Pepper,Sreekara,50758.94,Mysuru
Black Pepper,Sreekara,80546.97,Koppal
Black Pepper,Sreekara,65464.89,Coimbatore
Black Pepper,Sreekara,63886.58,Madurai
Black Pepper,Sreekara,73106.32,Thanjavur
Black Pepper,Sreekara,67092.73,Kurnool
Black Pepper,Sreekara,76860.33,Guntur
Black Pepper,Sreekara,72254.69,Prakasam
Black Pepper,Sreekara,62165.8,Nizamabad
Black Pepper,Sreekara,54917.96,Khammam
Black Pepper,Sreekara,79414.05,Palakkad
Black Pepper,Sreekara,57177.17,Idukki
Blackgram,Pant U-19,12536.38,Amritsar
Blackgram,Pant U-19,13574.21,Ludhiana
Blackgram,Pant U-19,9183.6,Karnal
Blackgram,Pant U-19,10009.8,Kurukshetra
Blackgram,Pant U-19,14499.97,Saharanpur
Blackgram,Pant U-19,15073.3,Agra
Blackgram,Pant U-19,11620.8,Varanasi
Blackgram,Pant U-19,15165.59,Patna
Blackgram,Pant U-19,14136.35,Muzaffarpur
Blackgram,Pant U-19,10772.74,Nadia
Blackgram,Pant U-19,12806.51,Burdwan
Blackgram,Pant U-19,12010.65,Kamrup
Blackgram,Pant U-19,10055.8,Cuttack
Blackgram,Pant U-19,14715.51,Ganjam
Blackgram,Pant U-19,16671.55,Raipur
Blackgram,Pant U-19,10734.4,Bhopal
Blackgram,Pant U-19,9468.25,Indore
Blackgram,Pant U-19,13952.51,Ahmedabad
Blackgram,Pant U-19,14865.95,Rajkot
Blackgram,Pant U-19,10591.08,Surat
Blackgram,Pant U-19,13732.89,Pune
Blackgram,Pant U-19,13164.91,Nashik
Blackgram,Pant U-19,9095.66,Nagpur
Blackgram,Pant U-19,9976.15,Belagavi
Blackgram,Pant U-19,10146.7,Mysuru
Blackgram,Pant U-19,16798.26,Koppal
Blackgram,Pant U-19,13191.35,Coimbatore
Blackgram,Pant U-19,13711.82,Madurai
Blackgram,Pant U-19,14030.44,Thanjavur
Blackgram,Pant U-19,13590.1,Kurnool
Blackgram,Pant U-19,16392.6,Guntur
Blackgram,Pant U-19,14858.27,Prakasam
Blackgram,Pant U-19,11883.8,Nizamabad
Blackgram,Pant U-19,12112.93,Khammam
Blackgram,Pant U-19,16534.96,Palakkad
Blackgram,Pant U-19,12085.7,Idukki
Blackgram,T-9,13327.79,Amritsar
Blackgram,T-9,12807.72,Ludhiana
Blackgram,T-9,9578.1,Karnal
Blackgram,T-9,9815.78,Kurukshetra
Blackgram,T-9,14175.73,Saharanpur
Blackgram,T-9,15716.88,Agra
Blackgram,T-9,11740.9,Varanasi
Blackgram,T-9,16089.52,Patna
Blackgram,T-9,13996.33,Muzaffarpur
Blackgram,T-9,10838.25,Nadia
Blackgram,T-9,13269.14,Burdwan
Blackgram,T-9,11918.19,Kamrup
Blackgram,T-9,10264.62,Cuttack
Blackgram,T-9,14107.53,Ganjam
Blackgram,T-9,15719.68,Raipur
Blackgram,T-9,10630.07,Bhopal
Blackgram,T-9,9937.77,Indore
Blackgram,T-9,13325.56,Ahmedabad
Blackgram,T-9,14290.61,Rajkot
Blackgram,T-9,11518.26,Surat
Blackgram,T-9,14485.24,Pune
Blackgram,T-9,13070.93,Nashik
Blackgram,T-9,9535.27,Nagpur
Blackgram,T-9,10265.79,Belagavi
Blackgram,T-9,10439.43,Mysuru
Blackgram,T-9,16379.27,Koppal
Blackgram,T-9,12816.71,Coimbatore
Blackgram,T-9,12905.77,Madurai
Blackgram,T-9,13736.47,Thanjavur
Blackgram,T-9,13550.94,Kurnool
Blackgram,T-9,15517.96,Guntur
Blackgram,T-9,15420.76,Prakasam
Blackgram,T-9,11954.01,Nizamabad
Blackgram,T-9,11297.23,Khammam
Blackgram,T-9,16303.86,Palakkad
Blackgram,T-9,12073.52,Idukki
Bottle Gourd,Pusa Summer Prolific Long,24015.81,Amritsar
Bottle Gourd,Pusa Summer Prolific Long,24610.58,Ludhiana
Bottle Gourd,Pusa Summer Prolific Long,17478.73,Karnal
Bottle Gourd,Pusa Summer Prolific Long,17749.59,Kurukshetra
Bottle Gourd,Pusa Summer Prolific Long,24950.33,Saharanpur
Bottle Gourd,Pusa Summer Prolific Long,27116.4,Agra
Bottle Gourd,Pusa Summer Prolific Long,21080.36,Varanasi
Bottle Gourd,Pusa Summer Prolific Long,27870.9,Patna
Bottle Gourd,Pusa Summer Prolific Long,26446.37,Muzaffarpur
Bottle Gourd,Pusa Summer Prolific Long,19321.16,Nadia
Bottle Gourd,Pusa Summer Prolific Long,22688.52,Burdwan
Bottle Gourd,Pusa Summer Prolific Long,21045.51,Kamrup
Bottle Gourd,Pusa Summer Prolific Long,18584.92,Cuttack
Bottle Gourd,Pusa Summer Prolific Long,27461.58,Ganjam
Bottle Gourd,Pusa Summer Prolific Long,29313.96,Raipur
Bottle Gourd,Pusa Summer Prolific Long,18519.22,Bhopal
Bottle Gourd,Pusa Summer Prolific Long,17521.6,Indore
Bottle Gourd,Pusa Summer Prolific Long,24713.6,Ahmedabad
Bottle Gourd,Pusa Summer Prolific Long,24892.63,Rajkot
Bottle Gourd,Pusa Summer Prolific Long,20217.25,Surat
Bottle Gourd,Pusa Summer Prolific Long,25435.88,Pune
Bottle Gourd,Pusa Summer Prolific Long,23410.15,Nashik
Bottle Gourd,Pusa Summer Prolific Long,17091.78,Nagpur
Bottle Gourd,Pusa Summer Prolific Long,18252.06,Belagavi
Bottle Gourd,Pusa Summer Prolific Long,19089.49,Mysuru
Bottle Gourd,Pusa Summer Prolific Long,28633.52,Koppal
Bottle Gourd,Pusa Summer Prolific Long,22722.93,Coimbatore
Bottle Gourd,Pusa Summer Prolific Long,24061.37,Madurai
Bottle Gourd,Pusa Summer Prolific Long,24989.66,Thanjavur
Bottle Gourd,Pusa Summer Prolific Long,24073.14,Kurnool
Bottle Gourd,Pusa Summer Prolific Long,28412.37,Guntur
Bottle Gourd,Pusa Summer Prolific Long,26476.86,Prakasam
Bottle Gourd,Pusa Summer Prolific Long,21284.04,Nizamabad
Bottle Gourd,Pusa Summer Prolific Long,19990.04,Khammam
Bottle Gourd,Pusa Summer Prolific Long,28898.17,Palakkad
Bottle Gourd,Pusa Summer Prolific Long,21702.84,Idukki
Bottle Gourd,Arka Bahar,22367.32,Amritsar
Bottle Gourd,Arka Bahar,24033.6,Ludhiana
Bottle Gourd,Arka Bahar,16407.99,Karnal
Bottle Gourd,Arka Bahar,19260.5,Kurukshetra
Bottle Gourd,Arka Bahar,24956.9,Saharanpur
Bottle Gourd,Arka Bahar,26255.85,Agra
Bottle Gourd,Arka Bahar,19871.14,Varanasi
Bottle Gourd,Arka Bahar,28316.88,Patna
Bottle Gourd,Arka Bahar,25207.13,Muzaffarpur
Bottle Gourd,Arka Bahar,19506.93,Nadia
Bottle Gourd,Arka Bahar,24435.14,Burdwan
Bottle Gourd,Arka Bahar,20111.19,Kamrup
Bottle Gourd,Arka Bahar,18820.33,Cuttack
Bottle Gourd,Arka Bahar,27030.53,Ganjam
Bottle Gourd,Arka Bahar,27811.66,Raipur
Bottle Gourd,Arka Bahar,18561.62,Bhopal
Bottle Gourd,Arka Bahar,18077.91,Indore
Bottle Gourd,Arka Bahar,24573.52,Ahmedabad
Bottle Gourd,Arka Bahar,26611.7,Rajkot
Bottle Gourd,Arka Bahar,19281.17,Surat
Bottle Gourd,Arka Bahar,24176.2,Pune
Bottle Gourd,Arka Bahar,22735.44,Nashik
Bottle Gourd,Arka Bahar,16595.27,Nagpur
Bottle Gourd,Arka Bahar,18922.31,Belagavi
Bottle Gourd,Arka Bahar,18894.24,Mysuru
Bottle Gourd,Arka Bahar,30186.32,Koppal
Bottle Gourd,Arka Bahar,22936.15,Coimbatore
Bottle Gourd,Arka Bahar,22696.58,Madurai
Bottle Gourd,Arka Bahar,24660.57,Thanjavur
Bottle Gourd,Arka Bahar,22591.78,Kurnool
Bottle Gourd,Arka Bahar,29348.26,Guntur
Bottle Gourd,Arka Bahar,25800.95,Prakasam
Bottle Gourd,Arka Bahar,21127.6,Nizamabad
Bottle Gourd,Arka Bahar,21895.17,Khammam
Bottle Gourd,Arka Bahar,28438.68,Palakkad
Bottle Gourd,Arka Bahar,20972.18,Idukki
Brinjal,Pusa Purple Long,31647.27,Amritsar
Brinjal,Pusa Purple Long,32470.27,Ludhiana
Brinjal,Pusa Purple Long,23949.29,Karnal
Brinjal,Pusa Purple Long,26714.08,Kurukshetra
Brinjal,Pusa Purple Long,34299.57,Saharanpur
Brinjal,Pusa Purple Long,37643.07,Agra
Brinjal,Pusa Purple Long,29421.25,Varanasi
Brinjal,Pusa Purple Long,39755.81,Patna
Brinjal,Pusa Purple Long,36253.71,Muzaffarpur
Brinjal,Pusa Purple Long,25273.7,Nadia
Brinjal,Pusa Purple Long,31755.68,Burdwan
Brinjal,Pusa Purple Long,29204.42,Kamrup
Brinjal,Pusa Purple Long,26431.81,Cuttack
Brinjal,Pusa Purple Long,37131.62,Ganjam
Brinjal,Pusa Purple Long,40063.72,Raipur
Brinjal,Pusa Purple Long,27186.18,Bhopal
Brinjal,Pusa Purple Long,23708.73,Indore
Brinjal,Pusa Purple Long,35023.44,Ahmedabad
Brinjal,Pusa Purple Long,35981.26,Rajkot
Brinjal,Pusa Purple Long,28158.59,Surat
Brinjal,Pusa Purple Long,35736.36,Pune
Brinjal,Pusa Purple Long,31133.92,Nashik
Brinjal,Pusa Purple Long,24132.24,Nagpur
Brinjal,Pusa Purple Long,24318.15,Belagavi
Brinjal,Pusa Purple Long,25875.96,Mysuru
Brinjal,Pusa Purple Long,39194.7,Koppal
Brinjal,Pusa Purple Long,31869.11,Coimbatore
Brinjal,Pusa Purple Long,33261.15,Madurai
Brinjal,Pusa Purple Long,37076.57,Thanjavur
Brinjal,Pusa Purple Long,32589.66,Kurnool
Brinjal,Pusa Purple Long,40473.05,Guntur
Brinjal,Pusa Purple Long,36879.28,Prakasam
Brinjal,Pusa Purple Long,28838.71,Nizamabad
Brinjal,Pusa Purple Long,29792.26,Khammam
Brinjal,Pusa Purple Long,40206.5,Palakkad
Brinjal,Pusa Purple Long,27602.04,Idukki
Brinjal,Arka Navneet,31626.59,Amritsar
Brinjal,Arka Navneet,32485.27,Ludhiana
Brinjal,Arka Navneet,22312.59,Karnal
Brinjal,Arka Navneet,25813.49,Kurukshetra
Brinjal,Arka Navneet,33789.4,Saharanpur
Brinjal,Arka Navneet,37377.89,Agra
Brinjal,Arka Navneet,28572.4,Varanasi
Brinjal,Arka Navneet,39580.1,Patna
Brinjal,Arka Navneet,36258.97,Muzaffarpur
Brinjal,Arka Navneet,27134.03,Nadia
Brinjal,Arka Navneet,31601.74,Burdwan
Brinjal,Arka Navneet,28532.81,Kamrup
Brinjal,Arka Navneet,24973.2,Cuttack
Brinjal,Arka Navneet,38444.47,Ganjam
Brinjal,Arka Navneet,40176.22,Raipur
Brinjal,Arka Navneet,27148.16,Bhopal
Brinjal,Arka Navneet,23749.07,Indore
Brinjal,Arka Navneet,31829.67,Ahmedabad
Brinjal,Arka Navneet,34145.1,Rajkot
Brinjal,Arka Navneet,28786.57,Surat
Brinjal,Arka Navneet,36504.98,Pune
Brinjal,Arka Navneet,31413.55,Nashik
Brinjal,Arka Navneet,23939.08,Nagpur
Brinjal,Arka Navneet,25447.01,Belagavi
Brinjal,Arka Navneet,26175.1,Mysuru
Brinjal,Arka Navneet,41324.09,Koppal
Brinjal,Arka Navneet,32112.33,Coimbatore
Brinjal,Arka Navneet,31644.3,Madurai
Brinjal,Arka Navneet,35584.0,Thanjavur
Brinjal,Arka Navneet,33858.99,Kurnool
Brinjal,Arka Navneet,37456.88,Guntur
Brinjal,Arka Navneet,35325.81,Prakasam
Brinjal,Arka Navneet,29718.63,Nizamabad
Brinjal,Arka Navneet,29030.95,Khammam
Brinjal,Arka Navneet,39693.2,Palakkad
Brinjal,Arka Navneet,29482.27,Idukki
Broccoli,Palam Samridhi,37419.05,Amritsar
Broccoli,Palam Samridhi,38853.54,Ludhiana
Broccoli,Palam Samridhi,27279.86,Karnal
Broccoli,Palam Samridhi,29940.39,Kurukshetra
Broccoli,Palam Samridhi,40880.06,Saharanpur
Broccoli,Palam Samridhi,43677.81,Agra
Broccoli,Palam Samridhi,32000.93,Varanasi
Broccoli,Palam Samridhi,45048.54,Patna
Broccoli,Palam Samridhi,41696.2,Muzaffarpur
Broccoli,Palam Samridhi,28919.72,Nadia
Broccoli,Palam Samridhi,37813.39,Burdwan
Broccoli,Palam Samridhi,32911.41,Kamrup
Broccoli,Palam Samridhi,30949.25,Cuttack
Broccoli,Palam Samridhi,44633.52,Ganjam
Broccoli,Palam Samridhi,48264.13,Raipur
Broccoli,Palam Samridhi,32634.31,Bhopal
Broccoli,Palam Samridhi,27015.74,Indore
Broccoli,Palam Samridhi,38031.56,Ahmedabad
Broccoli,Palam Samridhi,40204.02,Rajkot
Broccoli,Palam Samridhi,31312.01,Surat
Broccoli,Palam Samridhi,42230.59,Pune
Broccoli,Palam Samridhi,38158.15,Nashik
Broccoli,Palam Samridhi,26407.29,Nagpur
Broccoli,Palam Samridhi,30564.41,Belagavi
Broccoli,Palam Samridhi,30807.12,Mysuru
Broccoli,Palam Samridhi,44996.75,Koppal
Broccoli,Palam Samridhi,38641.43,Coimbatore
Broccoli,Palam Samridhi,39214.62,Madurai
Broccoli,Palam Samridhi,42513.39,Thanjavur
Broccoli,Palam Samridhi,37710.62,Kurnool
Broccoli,Palam Samridhi,44981.64,Guntur
Broccoli,Palam Samridhi,43868.76,Prakasam
Broccoli,Palam Samridhi,34003.98,Nizamabad
Broccoli,Palam Samridhi,33042.55,Khammam
Broccoli,Palam Samridhi,45132.42,Palakkad
Broccoli,Palam Samridhi,34494.22,Idukki
Broccoli,Pusa KTS-1,36436.02,Amritsar
Broccoli,Pusa KTS-1,39073.06,Ludhiana
Broccoli,Pusa KTS-1,26548.94,Karnal
Broccoli,Pusa KTS-1,29574.25,Kurukshetra
Broccoli,Pusa KTS-1,40390.82,Saharanpur
Broccoli,Pusa KTS-1,42734.28,Agra
Broccoli,Pusa KTS-1,32849.6,Varanasi
Broccoli,Pusa KTS-1,45646.54,Patna
Broccoli,Pusa KTS-1,39728.48,Muzaffarpur
Broccoli,Pusa KTS-1,28907.46,Nadia
Broccoli,Pusa KTS-1,39399.65,Burdwan
Broccoli,Pusa KTS-1,32369.07,Kamrup
Broccoli,Pusa KTS-1,28762.61,Cuttack
Broccoli,Pusa KTS-1,43061.11,Ganjam
Broccoli,Pusa KTS-1,48692.93,Raipur
Broccoli,Pusa KTS-1,30365.43,Bhopal
Broccoli,Pusa KTS-1,26923.81,Indore
Broccoli,Pusa KTS-1,38271.93,Ahmedabad
Broccoli,Pusa KTS-1,42414.62,Rajkot
Broccoli,Pusa KTS-1,30672.69,Surat
Broccoli,Pusa KTS-1,39762.56,Pune
Broccoli,Pusa KTS-1,38524.32,Nashik
Broccoli,Pusa KTS-1,27118.83,Nagpur
Broccoli,Pusa KTS-1,30434.44,Belagavi
Broccoli,Pusa KTS-1,31206.26,Mysuru
Broccoli,Pusa KTS-1,45685.18,Koppal
Broccoli,Pusa KTS-1,37451.7,Coimbatore
Broccoli,Pusa KTS-1,36618.4,Madurai
Broccoli,Pusa KTS-1,43247.88,Thanjavur
Broccoli,Pusa KTS-1,37590.24,Kurnool
Broccoli,Pusa KTS-1,47553.1,Guntur
Broccoli,Pusa KTS-1,42744.61,Prakasam
Broccoli,Pusa KTS-1,34415.77,Nizamabad
Broccoli,Pusa KTS-1,32489.14,Khammam
Broccoli,Pusa KTS-1,46930.65,Palakkad
Broccoli,Pusa KTS-1,33931.33,Idukki
Cabbage,Golden Acre,30793.87,Amritsar
Cabbage,Golden Acre,33632.43,Ludhiana
Cabbage,Golden Acre,22286.43,Karnal
Cabbage,Golden Acre,24795.52,Kurukshetra
Cabbage,Golden Acre,35484.32,Saharanpur
Cabbage,Golden Acre,35894.93,Agra
Cabbage,Golden Acre,27085.69,Varanasi
Cabbage,Golden Acre,37611.36,Patna
Cabbage,Golden Acre,33514.32,Muzaffarpur
Cabbage,Golden Acre,24498.6,Nadia
Cabbage,Golden Acre,31759.44,Burdwan
Cabbage,Golden Acre,27911.3,Kamrup
Cabbage,Golden Acre,25473.99,Cuttack
Cabbage,Golden Acre,36136.96,Ganjam
Cabbage,Golden Acre,39138.5,Raipur
Cabbage,Golden Acre,25565.62,Bhopal
Cabbage,Golden Acre,24088.74,Indore
Cabbage,Golden Acre,33825.32,Ahmedabad
Cabbage,Golden Acre,33950.04,Rajkot
Cabbage,Golden Acre,28229.96,Surat
Cabbage,Golden Acre,33210.67,Pune
Cabbage,Golden Acre,30568.18,Nashik
Cabbage,Golden Acre,22176.54,Nagpur
Cabbage,Golden Acre,24213.01,Belagavi
Cabbage,Golden Acre,25043.83,Mysuru
Cabbage,Golden Acre,40294.16,Koppal
Cabbage,Golden Acre,32718.29,Coimbatore
Cabbage,Golden Acre,31848.46,Madurai
Cabbage,Golden Acre,35245.84,Thanjavur
Cabbage,Golden Acre,32192.1,Kurnool
Cabbage,Golden Acre,38548.18,Guntur
Cabbage,Golden Acre,37955.5,Prakasam
Cabbage,Golden Acre,28100.81,Nizamabad
Cabbage,Golden Acre,27985.71,Khammam
Cabbage,Golden Acre,38632.26,Palakkad
Cabbage,Golden Acre,29414.8,Idukki
Cabbage,Pride of India,30509.12,Amritsar
Cabbage,Pride of India,32519.35,Ludhiana
Cabbage,Pride of India,23499.5,Karnal
Cabbage,Pride of India,25473.24,Kurukshetra
Cabbage,Pride of India,35130.03,Saharanpur
Cabbage,Pride of India,38145.14,Agra
Cabbage,Pride of India,27520.14,Varanasi
Cabbage,Pride of India,36815.52,Patna
Cabbage,Pride of India,36067.36,Muzaffarpur
Cabbage,Pride of India,24773.37,Nadia
Cabbage,Pride of India,31594.27,Burdwan
Cabbage,Pride of India,29171.07,Kamrup
Cabbage,Pride of India,26449.91,Cuttack
Cabbage,Pride of India,35738.06,Ganjam
Cabbage,Pride of India,40896.06,Raipur
Cabbage,Pride of India,25380.42,Bhopal
Cabbage,Pride of India,23409.41,Indore
Cabbage,Pride of India,33732.48,Ahmedabad
Cabbage,Pride of India,36608.28,Rajkot
Cabbage,Pride of India,27247.55,Surat
Cabbage,Pride of India,34298.37,Pune
Cabbage,Pride of India,32631.69,Nashik
Cabbage,Pride of India,22255.47,Nagpur
Cabbage,Pride of India,25699.11,Belagavi
Cabbage,Pride of India,26010.11,Mysuru
Cabbage,Pride of India,41524.61,Koppal
Cabbage,Pride of India,32300.05,Coimbatore
Cabbage,Pride of India,31200.37,Madurai
Cabbage,Pride of India,36111.1,Thanjavur
Cabbage,Pride of India,31753.47,Kurnool
Cabbage,Pride of India,38188.04,Guntur
Cabbage,Pride of India,35129.94,Prakasam
Cabbage,Pride of India,29351.67,Nizamabad
Cabbage,Pride of India,28066.61,Khammam
Cabbage,Pride of India,37845.9,Palakkad
Cabbage,Pride of India,29641.6,Idukki
Capsicum,California Wonder,47187.03,Amritsar
Capsicum,California Wonder,49184.06,Ludhiana
Capsicum,California Wonder,33547.95,Karnal
Capsicum,California Wonder,39531.61,Kurukshetra
Capsicum,California Wonder,52031.57,Saharanpur
Capsicum,California Wonder,58844.76,Agra
Capsicum,California Wonder,42449.46,Varanasi
Capsicum,California Wonder,60456.82,Patna
Capsicum,California Wonder,51742.64,Muzaffarpur
Capsicum,California Wonder,37871.35,Nadia
Capsicum,California Wonder,48128.52,Burdwan
Capsicum,California Wonder,42127.78,Kamrup
Capsicum,California Wonder,39950.48,Cuttack
Capsicum,California Wonder,56810.6,Ganjam
Capsicum,California Wonder,58621.7,Raipur
Capsicum,California Wonder,38682.87,Bhopal
Capsicum,California Wonder,35930.39,Indore
Capsicum,California Wonder,49052.12,Ahmedabad
Capsicum,California Wonder,52362.68,Rajkot
Capsicum,California Wonder,41074.39,Surat
Capsicum,California Wonder,52365.94,Pune
Capsicum,California Wonder,49758.66,Nashik
Capsicum,California Wonder,36834.61,Nagpur
Capsicum,California Wonder,37517.56,Belagavi
Capsicum,California Wonder,39947.2,Mysuru
Capsicum,California Wonder,59315.41,Koppal
Capsicum,California Wonder,48039.44,Coimbatore
Capsicum,California Wonder,49157.88,Madurai
Capsicum,California Wonder,54370.6,Thanjavur
Capsicum,California Wonder,48254.3,Kurnool
Capsicum,California Wonder,57357.2,Guntur
Capsicum,California Wonder,57674.25,Prakasam
Capsicum,California Wonder,43112.94,Nizamabad
Capsicum,California Wonder,43754.43,Khammam
Capsicum,California Wonder,62489.41,Palakkad
Capsicum,California Wonder,41990.43,Idukki
Capsicum,Arka Mohini,49825.63,Amritsar
Capsicum,Arka Mohini,50514.22,Ludhiana
Capsicum,Arka Mohini,35610.84,Karnal
Capsicum,Arka Mohini,37253.35,Kurukshetra
Capsicum,Arka Mohini,50388.4,Saharanpur
Capsicum,Arka Mohini,55284.27,Agra
Capsicum,Arka Mohini,41759.45,Varanasi
Capsicum,Arka Mohini,56133.75,Patna
Capsicum,Arka Mohini,55859.54,Muzaffarpur
Capsicum,Arka Mohini,39651.2,Nadia
Capsicum,Arka Mohini,51552.69,Burdwan
Capsicum,Arka Mohini,45417.85,Kamrup
Capsicum,Arka Mohini,38689.47,Cuttack
Capsicum,Arka Mohini,52956.69,Ganjam
Capsicum,Arka Mohini,62427.54,Raipur
Capsicum,Arka Mohini,41179.69,Bhopal
Capsicum,Arka Mohini,36167.33,Indore
Capsicum,Arka Mohini,51967.82,Ahmedabad
Capsicum,Arka Mohini,52944.07,Rajkot
Capsicum,Arka Mohini,43530.63,Surat
Capsicum,Arka Mohini,52335.75,Pune
Capsicum,Arka Mohini,48862.9,Nashik
Capsicum,Arka Mohini,36021.7,Nagpur
Capsicum,Arka Mohini,38158.55,Belagavi
Capsicum,Arka Mohini,39064.43,Mysuru
Capsicum,Arka Mohini,62356.2,Koppal
Capsicum,Arka Mohini,47343.55,Coimbatore
Capsicum,Arka Mohini,49169.3,Madurai
Capsicum,Arka Mohini,52930.47,Thanjavur
Capsicum,Arka Mohini,48543.89,Kurnool
Capsicum,Arka Mohini,57852.91,Guntur
Capsicum,Arka Mohini,55591.3,Prakasam
Capsicum,Arka Mohini,46518.25,Nizamabad
Capsicum,Arka Mohini,44196.8,Khammam
Capsicum,Arka Mohini,62625.41,Palakkad
Capsicum,Arka Mohini,41690.03,Idukki
Cardamom,Mudigere-1,76376.62,Amritsar
Cardamom,Mudigere-1,76279.66,Ludhiana
Cardamom,Mudigere-1,55814.33,Karnal
Cardamom,Mudigere-1,58527.2,Kurukshetra
Cardamom,Mudigere-1,82110.63,Saharanpur
Cardamom,Mudigere-1,84232.5,Agra
Cardamom,Mudigere-1,66504.56,Varanasi
Cardamom,Mudigere-1,93455.15,Patna
Cardamom,Mudigere-1,83350.51,Muzaffarpur
Cardamom,Mudigere-1,62752.59,Nadia
Cardamom,Mudigere-1,79100.92,Burdwan
Cardamom,Mudigere-1,68936.44,Kamrup
Cardamom,Mudigere-1,60796.72,Cuttack
Cardamom,Mudigere-1,88212.39,Ganjam
Cardamom,Mudigere-1,94916.57,Raipur
Cardamom,Mudigere-1,64929.72,Bhopal
Cardamom,Mudigere-1,57850.27,Indore
Cardamom,Mudigere-1,74647.69,Ahmedabad
Cardamom,Mudigere-1,82506.56,Rajkot
Cardamom,Mudigere-1,64397.53,Surat
Cardamom,Mudigere-1,84201.39,Pune
Cardamom,Mudigere-1,70589.75,Nashik
Cardamom,Mudigere-1,54819.39,Nagpur
Cardamom,Mudigere-1,55689.19,Belagavi
Cardamom,Mudigere-1,58652.7,Mysuru
Cardamom,Mudigere-1,94586.17,Koppal
Cardamom,Mudigere-1,74652.72,Coimbatore
Cardamom,Mudigere-1,78889.59,Madurai
Cardamom,Mudigere-1,85606.78,Thanjavur
Cardamom,Mudigere-1,74555.39,Kurnool
Cardamom,Mudigere-1,89158.64,Guntur
Cardamom,Mudigere-1,87570.5,Prakasam
Cardamom,Mudigere-1,69145.97,Nizamabad
Cardamom,Mudigere-1,66758.05,Khammam
Cardamom,Mudigere-1,94785.59,Palakkad
Cardamom,Mudigere-1,68639.25,Idukki
Cardamom,Njallani,77010.43,Amritsar
Cardamom,Njallani,77712.13,Ludhiana
Cardamom,Njallani,52223.77,Karnal
Cardamom,Njallani,56932.7,Kurukshetra
Cardamom,Njallani,78043.84,Saharanpur
Cardamom,Njallani,84580.66,Agra
Cardamom,Njallani,68516.75,Varanasi
Cardamom,Njallani,93268.72,Patna
Cardamom,Njallani,85659.95,Muzaffarpur
Cardamom,Njallani,60194.18,Nadia
Cardamom,Njallani,73977.48,Burdwan
Cardamom,Njallani,68896.28,Kamrup
Cardamom,Njallani,62741.34,Cuttack
Cardamom,Njallani,83336.76,Ganjam
Cardamom,Njallani,96222.34,Raipur
Cardamom,Njallani,64952.37,Bhopal
Cardamom,Njallani,54672.66,Indore
Cardamom,Njallani,79636.8,Ahmedabad
Cardamom,Njallani,86955.03,Rajkot
Cardamom,Njallani,63812.06,Surat
Cardamom,Njallani,84059.51,Pune
Cardamom,Njallani,73008.11,Nashik
Cardamom,Njallani,53305.64,Nagpur
Cardamom,Njallani,60193.5,Belagavi
Cardamom,Njallani,63360.38,Mysuru
Cardamom,Njallani,93913.06,Koppal
Cardamom,Njallani,71617.23,Coimbatore
Cardamom,Njallani,76800.51,Madurai
Cardamom,Njallani,84902.03,Thanjavur
Cardamom,Njallani,74723.65,Kurnool
Cardamom,Njallani,94070.09,Guntur
Cardamom,Njallani,84107.97,Prakasam
Cardamom,Njallani,68255.23,Nizamabad
Cardamom,Njallani,67235.45,Khammam
Cardamom,Njallani,92075.07,Palakkad
Cardamom,Njallani,67857.41,Idukki
Carrot,Pusa Kesar,30359.25,Amritsar
Carrot,Pusa Kesar,32775.16,Ludhiana
Carrot,Pusa Kesar,23415.02,Karnal
Carrot,Pusa Kesar,26693.17,Kurukshetra
Carrot,Pusa Kesar,33089.42,Saharanpur
Carrot,Pusa Kesar,38704.29,Agra
Carrot,Pusa Kesar,26659.66,Varanasi
Carrot,Pusa Kesar,36923.05,Patna
Carrot,Pusa Kesar,34922.73,Muzaffarpur
Carrot,Pusa Kesar,24618.51,Nadia
Carrot,Pusa Kesar,33352.08,Burdwan
Carrot,Pusa Kesar,27796.8,Kamrup
Carrot,Pusa Kesar,25545.72,Cuttack
Carrot,Pusa Kesar,37321.47,Ganjam
Carrot,Pusa Kesar,38643.28,Raipur
Carrot,Pusa Kesar,25324.45,Bhopal
Carrot,Pusa Kesar,23563.57,Indore
Carrot,Pusa Kesar,34130.38,Ahmedabad
Carrot,Pusa Kesar,34192.43,Rajkot
Carrot,Pusa Kesar,28036.42,Surat
Carrot,Pusa Kesar,33268.91,Pune
Carrot,Pusa Kesar,30781.88,Nashik
Carrot,Pusa Kesar,23595.87,Nagpur
Carrot,Pusa Kesar,25517.58,Belagavi
Carrot,Pusa Kesar,25144.9,Mysuru
Carrot,Pusa Kesar,41821.59,Koppal
Carrot,Pusa Kesar,32495.55,Coimbatore
Carrot,Pusa Kesar,33542.19,Madurai
Carrot,Pusa Kesar,36559.49,Thanjavur
Carrot,Pusa Kesar,33600.91,Kurnool
Carrot,Pusa Kesar,37097.77,Guntur
Carrot,Pusa Kesar,37464.15,Prakasam
Carrot,Pusa Kesar,31082.74,Nizamabad
Carrot,Pusa Kesar,28430.5,Khammam
Carrot,Pusa Kesar,38307.28,Palakkad
Carrot,Pusa Kesar,28721.66,Idukki
Carrot,Pusa Rudhira,32442.12,Amritsar
Carrot,Pusa Rudhira,31174.53,Ludhiana
Carrot,Pusa Rudhira,22626.93,Karnal
Carrot,Pusa Rudhira,25655.38,Kurukshetra
Carrot,Pusa Rudhira,34091.99,Saharanpur
Carrot,Pusa Rudhira,38206.72,Agra
Carrot,Pusa Rudhira,26778.84,Varanasi
Carrot,Pusa Rudhira,39946.18,Patna
Carrot,Pusa Rudhira,34483.46,Muzaffarpur
Carrot,Pusa Rudhira,24898.52,Nadia
Carrot,Pusa Rudhira,33534.98,Burdwan
Carrot,Pusa Rudhira,27731.42,Kamrup
Carrot,Pusa Rudhira,26885.49,Cuttack
Carrot,Pusa Rudhira,37708.3,Ganjam
Carrot,Pusa Rudhira,38738.7,Raipur
Carrot,Pusa Rudhira,27466.41,Bhopal
Carrot,Pusa Rudhira,24465.99,Indore
Carrot,Pusa Rudhira,33849.1,Ahmedabad
Carrot,Pusa Rudhira,36510.53,Rajkot
Carrot,Pusa Rudhira,28540.78,Surat
Carrot,Pusa Rudhira,33212.87,Pune
Carrot,Pusa Rudhira,30182.84,Nashik
Carrot,Pusa Rudhira,22767.8,Nagpur
Carrot,Pusa Rudhira,25419.13,Belagavi
Carrot,Pusa Rudhira,25449.39,Mysuru
Carrot,Pusa Rudhira,41342.47,Koppal
Carrot,Pusa Rudhira,31646.82,Coimbatore
Carrot,Pusa Rudhira,33257.36,Madurai
Carrot,Pusa Rudhira,35741.12,Thanjavur
Carrot,Pusa Rudhira,31800.5,Kurnool
Carrot,Pusa Rudhira,37385.48,Guntur
Carrot,Pusa Rudhira,36619.23,Prakasam
Carrot,Pusa Rudhira,30109.67,Nizamabad
Carrot,Pusa Rudhira,28525.3,Khammam
Carrot,Pusa Rudhira,37805.44,Palakkad
Carrot,Pusa Rudhira,27933.18,Idukki
Castor,GCH-4,16532.5,Amritsar
Castor,GCH-4,16606.53,Ludhiana
Castor,GCH-4,11550.04,Karnal
Castor,GCH-4,12317.31,Kurukshetra
Castor,GCH-4,17336.67,Saharanpur
Castor,GCH-4,17878.53,Agra
Castor,GCH-4,13321.69,Varanasi
Castor,GCH-4,18368.77,Patna
Castor,GCH-4,17743.07,Muzaffarpur
Castor,GCH-4,12915.8,Nadia
Castor,GCH-4,16241.2,Burdwan
Castor,GCH-4,14392.3,Kamrup
Castor,GCH-4,13314.51,Cuttack
Castor,GCH-4,18069.91,Ganjam
Castor,GCH-4,20403.74,Raipur
Castor,GCH-4,13352.66,Bhopal
Castor,GCH-4,11887.24,Indore
Castor,GCH-4,16470.94,Ahmedabad
Castor,GCH-4,17907.8,Rajkot
Castor,GCH-4,13449.99,Surat
Castor,GCH-4,17620.02,Pune
Castor,GCH-4,15253.68,Nashik
Castor,GCH-4,11301.13,Nagpur
Castor,GCH-4,12913.24,Belagavi
Castor,GCH-4,12775.13,Mysuru
Castor,GCH-4,20909.41,Koppal
Castor,GCH-4,15583.87,Coimbatore
Castor,GCH-4,16881.1,Madurai
Castor,GCH-4,18671.24,Thanjavur
Castor,GCH-4,16783.94,Kurnool
Castor,GCH-4,20066.87,Guntur
Castor,GCH-4,18913.47,Prakasam
Castor,GCH-4,14863.99,Nizamabad
Castor,GCH-4,14027.52,Khammam
Castor,GCH-4,18993.27,Palakkad
Castor,GCH-4,14064.53,Idukki
Castor,DCS-9,15890.23,Amritsar
Castor,DCS-9,16465.39,Ludhiana
Castor,DCS-9,11615.92,Karnal
Castor,DCS-9,12849.53,Kurukshetra
Castor,DCS-9,16920.86,Saharanpur
Castor,DCS-9,19293.78,Agra
Castor,DCS-9,13787.44,Varanasi
Castor,DCS-9,19593.5,Patna
Castor,DCS-9,17850.41,Muzaffarpur
Castor,DCS-9,12499.97,Nadia
Castor,DCS-9,15733.87,Burdwan
Castor,DCS-9,14769.98,Kamrup
Castor,DCS-9,12381.14,Cuttack
Castor,DCS-9,17865.66,Ganjam
Castor,DCS-9,18892.04,Raipur
Castor,DCS-9,12948.2,Bhopal
Castor,DCS-9,11937.5,Indore
Castor,DCS-9,17410.19,Ahmedabad
Castor,DCS-9,18557.11,Rajkot
Castor,DCS-9,13117.11,Surat
Castor,DCS-9,17179.79,Pune
Castor,DCS-9,15116.47,Nashik
Castor,DCS-9,11607.7,Nagpur
Castor,DCS-9,12912.15,Belagavi
Castor,DCS-9,12314.09,Mysuru
Castor,DCS-9,19747.42,Koppal
Castor,DCS-9,16016.41,Coimbatore
Castor,DCS-9,16794.18,Madurai
Castor,DCS-9,17954.8,Thanjavur
Castor,DCS-9,16595.88,Kurnool
Castor,DCS-9,19272.26,Guntur
Castor,DCS-9,17987.85,Prakasam
Castor,DCS-9,15228.82,Nizamabad
Castor,DCS-9,15020.62,Khammam
Castor,DCS-9,20420.2,Palakkad
Castor,DCS-9,14360.46,Idukki
Cauliflower,Pusa Snowball,31963.1,Amritsar
Cauliflower,Pusa Snowball,32510.57,Ludhiana
Cauliflower,Pusa Snowball,22644.78,Karnal
Cauliflower,Pusa Snowball,26181.05,Kurukshetra
Cauliflower,Pusa Snowball,34993.08,Saharanpur
Cauliflower,Pusa Snowball,37557.53,Agra
Cauliflower,Pusa Snowball,26852.93,Varanasi
Cauliflower,Pusa Snowball,38612.84,Patna
Cauliflower,Pusa Snowball,36941.63,Muzaffarpur
Cauliflower,Pusa Snowball,26115.32,Nadia
Cauliflower,Pusa Snowball,33333.25,Burdwan
Cauliflower,Pusa Snowball,28534.11,Kamrup
Cauliflower,Pusa Snowball,25786.97,Cuttack
Cauliflower,Pusa Snowball,35805.44,Ganjam
Cauliflower,Pusa Snowball,41126.71,Raipur
Cauliflower,Pusa Snowball,26763.15,Bhopal
Cauliflower,Pusa Snowball,22862.43,Indore
Cauliflower,Pusa Snowball,33986.74,Ahmedabad
Cauliflower,Pusa Snowball,37464.03,Rajkot
Cauliflower,Pusa Snowball,27965.83,Surat
Cauliflower,Pusa Snowball,33803.64,Pune
Cauliflower,Pusa Snowball,30683.21,Nashik
Cauliflower,Pusa Snowball,24510.25,Nagpur
Cauliflower,Pusa Snowball,25649.13,Belagavi
Cauliflower,Pusa Snowball,25638.75,Mysuru
Cauliflower,Pusa Snowball,40431.4,Koppal
Cauliflower,Pusa Snowball,32359.14,Coimbatore
Cauliflower,Pusa Snowball,32897.34,Madurai
Cauliflower,Pusa Snowball,37314.31,Thanjavur
Cauliflower,Pusa Snowball,32051.67,Kurnool
Cauliflower,Pusa Snowball,37224.52,Guntur
Cauliflower,Pusa Snowball,37951.98,Prakasam
Cauliflower,Pusa Snowball,30692.94,Nizamabad
Cauliflower,Pusa Snowball,27892.04,Khammam
Cauliflower,Pusa Snowball,38179.49,Palakkad
Cauliflower,Pusa Snowball,28376.43,Idukki
Cauliflower,Pusa Deepali,30723.7,Amritsar
Cauliflower,Pusa Deepali,33504.26,Ludhiana
Cauliflower,Pusa Deepali,23520.92,Karnal
Cauliflower,Pusa Deepali,26382.18,Kurukshetra
Cauliflower,Pusa Deepali,34019.1,Saharanpur
Cauliflower,Pusa Deepali,36587.86,Agra
Cauliflower,Pusa Deepali,28563.99,Varanasi
Cauliflower,Pusa Deepali,39417.12,Patna
Cauliflower,Pusa Deepali,34842.21,Muzaffarpur
Cauliflower,Pusa Deepali,24853.64,Nadia
Cauliflower,Pusa Deepali,33793.4,Burdwan
Cauliflower,Pusa Deepali,27885.55,Kamrup
Cauliflower,Pusa Deepali,26599.35,Cuttack
Cauliflower,Pusa Deepali,36484.78,Ganjam
Cauliflower,Pusa Deepali,40789.17,Raipur
Cauliflower,Pusa Deepali,27660.95,Bhopal
Cauliflower,Pusa Deepali,23498.61,Indore
Cauliflower,Pusa Deepali,32769.18,Ahmedabad
Cauliflower,Pusa Deepali,36326.2,Rajkot
Cauliflower,Pusa Deepali,27805.8,Surat
Cauliflower,Pusa Deepali,34843.88,Pune
Cauliflower,Pusa Deepali,31782.8,Nashik
Cauliflower,Pusa Deepali,23054.89,Nagpur
Cauliflower,Pusa Deepali,26080.99,Belagavi
Cauliflower,Pusa Deepali,26464.04,Mysuru
Cauliflower,Pusa Deepali,39318.95,Koppal
Cauliflower,Pusa Deepali,32416.62,Coimbatore
Cauliflower,Pusa Deepali,32279.54,Madurai
Cauliflower,Pusa Deepali,36641.0,Thanjavur
Cauliflower,Pusa Deepali,32131.67,Kurnool
Cauliflower,Pusa Deepali,40518.24,Guntur
Cauliflower,Pusa Deepali,36830.17,Prakasam
Cauliflower,Pusa Deepali,28380.75,Nizamabad
Cauliflower,Pusa Deepali,28141.39,Khammam
Cauliflower,Pusa Deepali,38397.75,Palakkad
Cauliflower,Pusa Deepali,28299.66,Idukki
Chickpea,Pusa 256,15040.77,Amritsar
Chickpea,Pusa 256,14730.59,Ludhiana
Chickpea,Pusa 256,10965.59,Karnal
Chickpea,Pusa 256,11849.15,Kurukshetra
Chickpea,Pusa 256,15736.91,Saharanpur
Chickpea,Pusa 256,17147.76,Agra
Chickpea,Pusa 256,13027.93,Varanasi
Chickpea,Pusa 256,18166.17,Patna
Chickpea,Pusa 256,16499.16,Muzaffarpur
Chickpea,Pusa 256,12003.73,Nadia
Chickpea,Pusa 256,14584.65,Burdwan
Chickpea,Pusa 256,14007.52,Kamrup
Chickpea,Pusa 256,12210.0,Cuttack
Chickpea,Pusa 256,16636.25,Ganjam
Chickpea,Pusa 256,19577.48,Raipur
Chickpea,Pusa 256,12295.63,Bhopal
Chickpea,Pusa 256,11618.38,Indore
Chickpea,Pusa 256,15383.08,Ahmedabad
Chickpea,Pusa 256,16297.4,Rajkot
Chickpea,Pusa 256,12621.3,Surat
Chickpea,Pusa 256,15856.93,Pune
Chickpea,Pusa 256,15211.85,Nashik
Chickpea,Pusa 256,11405.11,Nagpur
Chickpea,Pusa 256,12333.63,Belagavi
Chickpea,Pusa 256,12417.45,Mysuru
Chickpea,Pusa 256,19247.82,Koppal
Chickpea,Pusa 256,14677.95,Coimbatore
Chickpea,Pusa 256,15884.95,Madurai
Chickpea,Pusa 256,17364.24,Thanjavur
Chickpea,Pusa 256,14755.5,Kurnool
Chickpea,Pusa 256,18892.78,Guntur
Chickpea,Pusa 256,17364.28,Prakasam
Chickpea,Pusa 256,14206.92,Nizamabad
Chickpea,Pusa 256,13858.37,Khammam
Chickpea,Pusa 256,19428.13,Palakkad
Chickpea,Pusa 256,12837.77,Idukki
Chickpea,Radhey,14821.55,Amritsar
Chickpea,Radhey,15732.37,Ludhiana
Chickpea,Radhey,11145.43,Karnal
Chickpea,Radhey,11681.42,Kurukshetra
Chickpea,Radhey,17151.65,Saharanpur
Chickpea,Radhey,18375.1,Agra
Chickpea,Radhey,13090.15,Varanasi
Chickpea,Radhey,18462.05,Patna
Chickpea,Radhey,17417.79,Muzaffarpur
Chickpea,Radhey,11972.65,Nadia
Chickpea,Radhey,15063.2,Burdwan
Chickpea,Radhey,13570.43,Kamrup
Chickpea,Radhey,11798.38,Cuttack
Chickpea,Radhey,16666.86,Ganjam
Chickpea,Radhey,18117.68,Raipur
Chickpea,Radhey,12400.58,Bhopal
Chickpea,Radhey,11127.66,Indore
Chickpea,Radhey,15682.16,Ahmedabad
Chickpea,Radhey,16448.41,Rajkot
Chickpea,Radhey,12521.5,Surat
Chickpea,Radhey,17109.05,Pune
Chickpea,Radhey,14932.47,Nashik
Chickpea,Radhey,11307.85,Nagpur
Chickpea,Radhey,11377.36,Belagavi
Chickpea,Radhey,11814.85,Mysuru
Chickpea,Radhey,18891.69,Koppal
Chickpea,Radhey,15682.19,Coimbatore
Chickpea,Radhey,15739.67,Madurai
Chickpea,Radhey,16797.28,Thanjavur
Chickpea,Radhey,15639.17,Kurnool
Chickpea,Radhey,18960.76,Guntur
Chickpea,Radhey,17606.89,Prakasam
Chickpea,Radhey,13636.91,Nizamabad
Chickpea,Radhey,13664.34,Khammam
Chickpea,Radhey,19216.17,Palakkad
Chickpea,Radhey,13150.49,Idukki
Chilli,Pusa Jwala,44417.42,Amritsar
Chilli,Pusa Jwala,43393.29,Ludhiana
Chilli,Pusa Jwala,30190.64,Karnal
Chilli,Pusa Jwala,35828.08,Kurukshetra
Chilli,Pusa Jwala,46887.81,Saharanpur
Chilli,Pusa Jwala,51818.83,Agra
Chilli,Pusa Jwala,35672.44,Varanasi
Chilli,Pusa Jwala,50017.04,Patna
Chilli,Pusa Jwala,46055.47,Muzaffarpur
Chilli,Pusa Jwala,36015.72,Nadia
Chilli,Pusa Jwala,41310.23,Burdwan
Chilli,Pusa Jwala,40272.41,Kamrup
Chilli,Pusa Jwala,33819.21,Cuttack
Chilli,Pusa Jwala,51157.02,Ganjam
Chilli,Pusa Jwala,51303.34,Raipur
Chilli,Pusa Jwala,33989.35,Bhopal
Chilli,Pusa Jwala,31535.37,Indore
Chilli,Pusa Jwala,46458.88,Ahmedabad
Chilli,Pusa Jwala,46703.0,Rajkot
Chilli,Pusa Jwala,36691.65,Surat
Chilli,Pusa Jwala,48291.65,Pune
Chilli,Pusa Jwala,40922.11,Nashik
Chilli,Pusa Jwala,32510.14,Nagpur
Chilli,Pusa Jwala,32396.53,Belagavi
Chilli,Pusa Jwala,35722.43,Mysuru
Chilli,Pusa Jwala,51588.72,Koppal
Chilli,Pusa Jwala,40792.37,Coimbatore
Chilli,Pusa Jwala,43728.03,Madurai
Chilli,Pusa Jwala,46944.21,Thanjavur
Chilli,Pusa Jwala,41273.79,Kurnool
Chilli,Pusa Jwala,53944.31,Guntur
Chilli,Pusa Jwala,48947.46,Prakasam
Chilli,Pusa Jwala,38045.43,Nizamabad
Chilli,Pusa Jwala,37055.1,Khammam
Chilli,Pusa Jwala,51983.9,Palakkad
Chilli,Pusa Jwala,39993.32,Idukki
Chilli,G4,41939.57,Amritsar
Chilli,G4,43522.38,Ludhiana
Chilli,G4,31364.78,Karnal
Chilli,G4,34170.4,Kurukshetra
Chilli,G4,47280.3,Saharanpur
Chilli,G4,49097.36,Agra
Chilli,G4,36097.62,Varanasi
Chilli,G4,50372.83,Patna
Chilli,G4,49379.07,Muzaffarpur
Chilli,G4,36030.52,Nadia
Chilli,G4,43830.85,Burdwan
Chilli,G4,39352.68,Kamrup
Chilli,G4,33214.17,Cuttack
Chilli,G4,51130.44,Ganjam
Chilli,G4,54605.21,Raipur
Chilli,G4,34354.24,Bhopal
Chilli,G4,32805.42,Indore
Chilli,G4,43626.59,Ahmedabad
Chilli,G4,49488.76,Rajkot
Chilli,G4,38436.59,Surat
Chilli,G4,46028.74,Pune
Chilli,G4,43372.13,Nashik
Chilli,G4,31036.27,Nagpur
Chilli,G4,34298.07,Belagavi
Chilli,G4,35850.83,Mysuru
Chilli,G4,54420.27,Koppal
Chilli,G4,40458.49,Coimbatore
Chilli,G4,45280.6,Madurai
Chilli,G4,46319.91,Thanjavur
Chilli,G4,43435.75,Kurnool
Chilli,G4,49984.06,Guntur
Chilli,G4,48124.71,Prakasam
Chilli,G4,41299.27,Nizamabad
Chilli,G4,39269.12,Khammam
Chilli,G4,53329.86,Palakkad
Chilli,G4,38729.83,Idukki
Clove,Zanzibar,66167.36,Amritsar
Clove,Zanzibar,68750.74,Ludhiana
Clove,Zanzibar,46501.69,Karnal
Clove,Zanzibar,48773.45,Kurukshetra
Clove,Zanzibar,69348.09,Saharanpur
Clove,Zanzibar,77667.98,Agra
Clove,Zanzibar,55902.95,Varanasi
Clove,Zanzibar,75937.91,Patna
Clove,Zanzibar,71965.49,Muzaffarpur
Clove,Zanzibar,49563.98,Nadia
Clove,Zanzibar,63237.26,Burdwan
Clove,Zanzibar,56492.29,Kamrup
Clove,Zanzibar,50004.72,Cuttack
Clove,Zanzibar,72333.84,Ganjam
Clove,Zanzibar,80659.71,Raipur
Clove,Zanzibar,54614.15,Bhopal
Clove,Zanzibar,47971.2,Indore
Clove,Zanzibar,65305.6,Ahmedabad
Clove,Zanzibar,68120.0,Rajkot
Clove,Zanzibar,52902.0,Surat
Clove,Zanzibar,70860.78,Pune
Clove,Zanzibar,65480.5,Nashik
Clove,Zanzibar,44460.78,Nagpur
Clove,Zanzibar,50327.06,Belagavi
Clove,Zanzibar,51470.75,Mysuru
Clove,Zanzibar,84838.72,Koppal
Clove,Zanzibar,62154.8,Coimbatore
Clove,Zanzibar,64913.16,Madurai
Clove,Zanzibar,74872.24,Thanjavur
Clove,Zanzibar,65497.71,Kurnool
Clove,Zanzibar,80286.61,Guntur
Clove,Zanzibar,75931.85,Prakasam
Clove,Zanzibar,58304.86,Nizamabad
Clove,Zanzibar,58407.75,Khammam
Clove,Zanzibar,80448.89,Palakkad
Clove,Zanzibar,56272.44,Idukki
Clove,Penang,62200.61,Amritsar
Clove,Penang,67266.03,Ludhiana
Clove,Penang,46325.67,Karnal
Clove,Penang,49095.38,Kurukshetra
Clove,Penang,68953.7,Saharanpur
Clove,Penang,73363.53,Agra
Clove,Penang,54691.79,Varanasi
Clove,Penang,80188.36,Patna
Clove,Penang,69058.76,Muzaffarpur
Clove,Penang,52522.19,Nadia
Clove,Penang,65938.75,Burdwan
Clove,Penang,58075.41,Kamrup
Clove,Penang,53017.26,Cuttack
Clove,Penang,71318.3,Ganjam
Clove,Penang,78494.47,Raipur
Clove,Penang,52240.48,Bhopal
Clove,Penang,47925.07,Indore
Clove,Penang,69731.42,Ahmedabad
Clove,Penang,68950.93,Rajkot
Clove,Penang,52630.23,Surat
Clove,Penang,73028.57,Pune
Clove,Penang,60745.82,Nashik
Clove,Penang,47282.57,Nagpur
Clove,Penang,47807.11,Belagavi
Clove,Penang,51721.51,Mysuru
Clove,Penang,78322.14,Koppal
Clove,Penang,64682.52,Coimbatore
Clove,Penang,67473.96,Madurai
Clove,Penang,68361.12,Thanjavur
Clove,Penang,61565.32,Kurnool
Clove,Penang,79076.33,Guntur
Clove,Penang,77009.05,Prakasam
Clove,Penang,61667.47,Nizamabad
Clove,Penang,60393.98,Khammam
Clove,Penang,78553.01,Palakkad
Clove,Penang,58035.52,Idukki
Cluster Bean,Pusa Navbahar,13100.0,Amritsar
Cluster Bean,Pusa Navbahar,12897.13,Ludhiana
Cluster Bean,Pusa Navbahar,9341.47,Karnal
Cluster Bean,Pusa Navbahar,10502.47,Kurukshetra
Cluster Bean,Pusa Navbahar,13394.6,Saharanpur
Cluster Bean,Pusa Navbahar,15551.18,Agra
Cluster Bean,Pusa Navbahar,11196.41,Varanasi
Cluster Bean,Pusa Navbahar,14885.5,Patna
Cluster Bean,Pusa Navbahar,14599.13,Muzaffarpur
Cluster Bean,Pusa Navbahar,10459.86,Nadia
Cluster Bean,Pusa Navbahar,13222.04,Burdwan
Cluster Bean,Pusa Navbahar,11781.53,Kamrup
Cluster Bean,Pusa Navbahar,10038.65,Cuttack
Cluster Bean,Pusa Navbahar,14171.38,Ganjam
Cluster Bean,Pusa Navbahar,15886.07,Raipur
Cluster Bean,Pusa Navbahar,10845.91,Bhopal
Cluster Bean,Pusa Navbahar,9681.6,Indore
Cluster Bean,Pusa Navbahar,12974.56,Ahmedabad
Cluster Bean,Pusa Navbahar,13782.88,Rajkot
Cluster Bean,Pusa Navbahar,10709.89,Surat
Cluster Bean,Pusa Navbahar,14440.96,Pune
Cluster Bean,Pusa Navbahar,12794.59,Nashik
Cluster Bean,Pusa Navbahar,9576.54,Nagpur
Cluster Bean,Pusa Navbahar,10427.48,Belagavi
Cluster Bean,Pusa Navbahar,10938.41,Mysuru
Cluster Bean,Pusa Navbahar,15932.6,Koppal
Cluster Bean,Pusa Navbahar,12812.18,Coimbatore
Cluster Bean,Pusa Navbahar,13887.05,Madurai
Cluster Bean,Pusa Navbahar,13744.04,Thanjavur
Cluster Bean,Pusa Navbahar,12925.94,Kurnool
Cluster Bean,Pusa Navbahar,15946.5,Guntur
Cluster Bean,Pusa Navbahar,14221.62,Prakasam
Cluster Bean,Pusa Navbahar,12450.11,Nizamabad
Cluster Bean,Pusa Navbahar,11197.6,Khammam
Cluster Bean,Pusa Navbahar,15424.56,Palakkad
Cluster Bean,Pusa Navbahar,11606.43,Idukki
Cluster Bean,Pusa Sadabahar,12710.23,Amritsar
Cluster Bean,Pusa Sadabahar,13684.86,Ludhiana
Cluster Bean,Pusa Sadabahar,8870.55,Karnal
Cluster Bean,Pusa Sadabahar,10345.52,Kurukshetra
Cluster Bean,Pusa Sadabahar,13978.53,Saharanpur
Cluster Bean,Pusa Sadabahar,14641.76,Agra
Cluster Bean,Pusa Sadabahar,10879.02,Varanasi
Cluster Bean,Pusa Sadabahar,16080.64,Patna
Cluster Bean,Pusa Sadabahar,13608.74,Muzaffarpur
Cluster Bean,Pusa Sadabahar,10909.07,Nadia
Cluster Bean,Pusa Sadabahar,12488.26,Burdwan
Cluster Bean,Pusa Sadabahar,11445.24,Kamrup
Cluster Bean,Pusa Sadabahar,10361.19,Cuttack
Cluster Bean,Pusa Sadabahar,15178.88,Ganjam
Cluster Bean,Pusa Sadabahar,16529.7,Raipur
Cluster Bean,Pusa Sadabahar,10460.97,Bhopal
Cluster Bean,Pusa Sadabahar,9310.88,Indore
Cluster Bean,Pusa Sadabahar,12793.41,Ahmedabad
Cluster Bean,Pusa Sadabahar,14626.91,Rajkot
Cluster Bean,Pusa Sadabahar,11086.16,Surat
Cluster Bean,Pusa Sadabahar,13434.92,Pune
Cluster Bean,Pusa Sadabahar,12993.32,Nashik
Cluster Bean,Pusa Sadabahar,9707.44,Nagpur
Cluster Bean,Pusa Sadabahar,10380.32,Belagavi
Cluster Bean,Pusa Sadabahar,10441.58,Mysuru
Cluster Bean,Pusa Sadabahar,16174.93,Koppal
Cluster Bean,Pusa Sadabahar,12910.75,Coimbatore
Cluster Bean,Pusa Sadabahar,12821.59,Madurai
Cluster Bean,Pusa Sadabahar,14957.85,Thanjavur
Cluster Bean,Pusa Sadabahar,13294.34,Kurnool
Cluster Bean,Pusa Sadabahar,15969.46,Guntur
Cluster Bean,Pusa Sadabahar,14829.58,Prakasam
Cluster Bean,Pusa Sadabahar,11867.13,Nizamabad
Cluster Bean,Pusa Sadabahar,11612.51,Khammam
Cluster Bean,Pusa Sadabahar,16761.06,Palakkad
Cluster Bean,Pusa Sadabahar,11269.49,Idukki
Coconut,Chowghat Orange Dwarf,40936.34,Amritsar
Coconut,Chowghat Orange Dwarf,44531.08,Ludhiana
Coconut,Chowghat Orange Dwarf,31094.31,Karnal
Coconut,Chowghat Orange Dwarf,33171.27,Kurukshetra
Coconut,Chowghat Orange Dwarf,47031.14,Saharanpur
Coconut,Chowghat Orange Dwarf,48108.67,Agra
Coconut,Chowghat Orange Dwarf,35873.64,Varanasi
Coconut,Chowghat Orange Dwarf,50888.78,Patna
Coconut,Chowghat Orange Dwarf,49480.78,Muzaffarpur
Coconut,Chowghat Orange Dwarf,33195.63,Nadia
Coconut,Chowghat Orange Dwarf,42966.11,Burdwan
Coconut,Chowghat Orange Dwarf,38220.07,Kamrup
Coconut,Chowghat Orange Dwarf,35949.91,Cuttack
Coconut,Chowghat Orange Dwarf,49319.5,Ganjam
Coconut,Chowghat Orange Dwarf,53546.67,Raipur
Coconut,Chowghat Orange Dwarf,36039.33,Bhopal
Coconut,Chowghat Orange Dwarf,33035.39,Indore
Coconut,Chowghat Orange Dwarf,45816.79,Ahmedabad
Coconut,Chowghat Orange Dwarf,48295.52,Rajkot
Coconut,Chowghat Orange Dwarf,38025.01,Surat
Coconut,Chowghat Orange Dwarf,46202.66,Pune
Coconut,Chowghat Orange Dwarf,43876.38,Nashik
Coconut,Chowghat Orange Dwarf,30502.93,Nagpur
Coconut,Chowghat Orange Dwarf,33583.33,Belagavi
Coconut,Chowghat Orange Dwarf,33472.46,Mysuru
Coconut,Chowghat Orange Dwarf,51368.12,Koppal
Coconut,Chowghat Orange Dwarf,42005.91,Coimbatore
Coconut,Chowghat Orange Dwarf,42053.97,Madurai
Coconut,Chowghat Orange Dwarf,48678.85,Thanjavur
Coconut,Chowghat Orange Dwarf,44907.95,Kurnool
Coconut,Chowghat Orange Dwarf,52784.04,Guntur
Coconut,Chowghat Orange Dwarf,50359.62,Prakasam
Coconut,Chowghat Orange Dwarf,38792.1,Nizamabad
Coconut,Chowghat Orange Dwarf,37131.72,Khammam
Coconut,Chowghat Orange Dwarf,51776.32,Palakkad
Coconut,Chowghat Orange Dwarf,36674.86,Idukki
Coconut,West Coast Tall,44291.23,Amritsar
Coconut,West Coast Tall,41614.3,Ludhiana
Coconut,West Coast Tall,31948.91,Karnal
Coconut,West Coast Tall,34782.6,Kurukshetra
Coconut,West Coast Tall,47344.68,Saharanpur
Coconut,West Coast Tall,49888.93,Agra
Coconut,West Coast Tall,37963.9,Varanasi
Coconut,West Coast Tall,51009.4,Patna
Coconut,West Coast Tall,46220.72,Muzaffarpur
Coconut,West Coast Tall,33529.63,Nadia
Coconut,West Coast Tall,43485.89,Burdwan
Coconut,West Coast Tall,38372.96,Kamrup
Coconut,West Coast Tall,34950.0,Cuttack
Coconut,West Coast Tall,46589.59,Ganjam
Coconut,West Coast Tall,53055.96,Raipur
Coconut,West Coast Tall,35337.11,Bhopal
Coconut,West Coast Tall,33100.37,Indore
Coconut,West Coast Tall,43371.17,Ahmedabad
Coconut,West Coast Tall,49578.54,Rajkot
Coconut,West Coast Tall,37453.22,Surat
Coconut,West Coast Tall,44641.8,Pune
Coconut,West Coast Tall,40696.42,Nashik
Coconut,West Coast Tall,30692.14,Nagpur
Coconut,West Coast Tall,34047.06,Belagavi
Coconut,West Coast Tall,34719.53,Mysuru
Coconut,West Coast Tall,53340.89,Koppal
Coconut,West Coast Tall,43394.31,Coimbatore
Coconut,West Coast Tall,41963.77,Madurai
Coconut,West Coast Tall,45852.75,Thanjavur
Coconut,West Coast Tall,40918.48,Kurnool
Coconut,West Coast Tall,51140.85,Guntur
Coconut,West Coast Tall,47233.5,Prakasam
Coconut,West Coast Tall,38096.8,Nizamabad
Coconut,West Coast Tall,40332.64,Khammam
Coconut,West Coast Tall,53209.62,Palakkad
Coconut,West Coast Tall,36698.75,Idukki
Coffee,Arabica,60395.44,Amritsar
Coffee,Arabica,59903.18,Ludhiana
Coffee,Arabica,42597.15,Karnal
Coffee,Arabica,45816.03,Kurukshetra
Coffee,Arabica,62765.43,Saharanpur
Coffee,Arabica,66271.53,Agra
Coffee,Arabica,52287.08,Varanasi
Coffee,Arabica,70523.38,Patna
Coffee,Arabica,66837.11,Muzaffarpur
Coffee,Arabica,48936.0,Nadia
Coffee,Arabica,59248.36,Burdwan
Coffee,Arabica,54903.08,Kamrup
Coffee,Arabica,45089.01,Cuttack
Coffee,Arabica,64744.81,Ganjam
Coffee,Arabica,73834.88,Raipur
Coffee,Arabica,46557.68,Bhopal
Coffee,Arabica,43668.88,Indore
Coffee,Arabica,58724.64,Ahmedabad
Coffee,Arabica,64467.83,Rajkot
Coffee,Arabica,48432.94,Surat
Coffee,Arabica,65234.24,Pune
Coffee,Arabica,58806.33,Nashik
Coffee,Arabica,44213.78,Nagpur
Coffee,Arabica,46408.75,Belagavi
Coffee,Arabica,48326.88,Mysuru
Coffee,Arabica,76086.89,Koppal
Coffee,Arabica,57474.28,Coimbatore
Coffee,Arabica,60828.76,Madurai
Coffee,Arabica,62615.82,Thanjavur
Coffee,Arabica,58936.35,Kurnool
Coffee,Arabica,71307.5,Guntur
Coffee,Arabica,69587.95,Prakasam
Coffee,Arabica,54286.67,Nizamabad
Coffee,Arabica,53438.52,Khammam
Coffee,Arabica,70165.86,Palakkad
Coffee,Arabica,50520.77,Idukki
Coffee,Robusta,56355.94,Amritsar
Coffee,Robusta,57298.51,Ludhiana
Coffee,Robusta,43340.59,Karnal
Coffee,Robusta,48126.8,Kurukshetra
Coffee,Robusta,61442.73,Saharanpur
Coffee,Robusta,70876.06,Agra
Coffee,Robusta,52497.33,Varanasi
Coffee,Robusta,71431.89,Patna
Coffee,Robusta,63730.57,Muzaffarpur
Coffee,Robusta,45558.72,Nadia
Coffee,Robusta,57223.19,Burdwan
Coffee,Robusta,54232.83,Kamrup
Coffee,Robusta,48224.26,Cuttack
Coffee,Robusta,68196.86,Ganjam
Coffee,Robusta,74403.4,Raipur
Coffee,Robusta,50899.46,Bhopal
Coffee,Robusta,43253.79,Indore
Coffee,Robusta,61566.37,Ahmedabad
Coffee,Robusta,64223.96,Rajkot
Coffee,Robusta,49965.69,Surat
Coffee,Robusta,62807.07,Pune
Coffee,Robusta,59405.66,Nashik
Coffee,Robusta,43935.75,Nagpur
Coffee,Robusta,45992.84,Belagavi
Coffee,Robusta,47767.79,Mysuru
Coffee,Robusta,77204.96,Koppal
Coffee,Robusta,56228.98,Coimbatore
Coffee,Robusta,63066.68,Madurai
Coffee,Robusta,63860.2,Thanjavur
Coffee,Robusta,57475.75,Kurnool
Coffee,Robusta,74390.06,Guntur
Coffee,Robusta,69680.23,Prakasam
Coffee,Robusta,56355.62,Nizamabad
Coffee,Robusta,50784.52,Khammam
Coffee,Robusta,70056.95,Palakkad
Coffee,Robusta,52364.42,Idukki
Coriander,RCr-41,15855.4,Amritsar
Coriander,RCr-41,16030.64,Ludhiana
Coriander,RCr-41,11840.15,Karnal
Coriander,RCr-41,12638.9,Kurukshetra
Coriander,RCr-41,17312.74,Saharanpur
Coriander,RCr-41,18923.43,Agra
Coriander,RCr-41,14181.39,Varanasi
Coriander,RCr-41,19353.74,Patna
Coriander,RCr-41,17656.5,Muzaffarpur
Coriander,RCr-41,13350.73,Nadia
Coriander,RCr-41,16387.94,Burdwan
Coriander,RCr-41,15005.23,Kamrup
Coriander,RCr-41,13203.87,Cuttack
Coriander,RCr-41,18425.95,Ganjam
Coriander,RCr-41,20479.05,Raipur
Coriander,RCr-41,13136.77,Bhopal
Coriander,RCr-41,12328.56,Indore
Coriander,RCr-41,16169.99,Ahmedabad
Coriander,RCr-41,18356.04,Rajkot
Coriander,RCr-41,13203.84,Surat
Coriander,RCr-41,16590.7,Pune
Coriander,RCr-41,15181.74,Nashik
Coriander,RCr-41,11688.34,Nagpur
Coriander,RCr-41,12629.44,Belagavi
Coriander,RCr-41,12851.86,Mysuru
Coriander,RCr-41,20655.65,Koppal
Coriander,RCr-41,16509.72,Coimbatore
Coriander,RCr-41,16514.38,Madurai
Coriander,RCr-41,18759.93,Thanjavur
Coriander,RCr-41,16360.99,Kurnool
Coriander,RCr-41,19668.69,Guntur
Coriander,RCr-41,17652.43,Prakasam
Coriander,RCr-41,15250.72,Nizamabad
Coriander,RCr-41,14907.4,Khammam
Coriander,RCr-41,20457.8,Palakkad
Coriander,RCr-41,14017.73,Idukki
Coriander,Gujarat Coriander-1,16706.66,Amritsar
Coriander,Gujarat Coriander-1,16809.99,Ludhiana
Coriander,Gujarat Coriander-1,11957.61,Karnal
Coriander,Gujarat Coriander-1,13045.31,Kurukshetra
Coriander,Gujarat Coriander-1,18251.3,Saharanpur
Coriander,Gujarat Coriander-1,17931.26,Agra
Coriander,Gujarat Coriander-1,14443.1,Varanasi
Coriander,Gujarat Coriander-1,19910.42,Patna
Coriander,Gujarat Coriander-1,17183.76,Muzaffarpur
Coriander,Gujarat Coriander-1,12696.17,Nadia
Coriander,Gujarat Coriander-1,16498.53,Burdwan
Coriander,Gujarat Coriander-1,15045.9,Kamrup
Coriander,Gujarat Coriander-1,13136.47,Cuttack
Coriander,Gujarat Coriander-1,18747.47,Ganjam
Coriander,Gujarat Coriander-1,20926.14,Raipur
Coriander,Gujarat Coriander-1,12825.32,Bhopal
Coriander,Gujarat Coriander-1,11482.82,Indore
Coriander,Gujarat Coriander-1,15953.62,Ahmedabad
Coriander,Gujarat Coriander-1,17783.34,Rajkot
Coriander,Gujarat Coriander-1,14120.49,Surat
Coriander,Gujarat Coriander-1,17805.83,Pune
Coriander,Gujarat Coriander-1,15233.08,Nashik
Coriander,Gujarat Coriander-1,12013.19,Nagpur
Coriander,Gujarat Coriander-1,12188.08,Belagavi
Coriander,Gujarat Coriander-1,13375.75,Mysuru
Coriander,Gujarat Coriander-1,21149.42,Koppal
Coriander,Gujarat Coriander-1,15226.52,Coimbatore
Coriander,Gujarat Coriander-1,15807.79,Madurai
Coriander,Gujarat Coriander-1,17986.09,Thanjavur
Coriander,Gujarat Coriander-1,16354.33,Kurnool
Coriander,Gujarat Coriander-1,19309.01,Guntur
Coriander,Gujarat Coriander-1,19070.39,Prakasam
Coriander,Gujarat Coriander-1,15115.49,Nizamabad
Coriander,Gujarat Coriander-1,15030.14,Khammam
Coriander,Gujarat Coriander-1,19837.98,Palakkad
Coriander,Gujarat Coriander-1,13956.91,Idukki
Cotton,Bt Cotton,32503.73,Amritsar
Cotton,Bt Cotton,32443.53,Ludhiana
Cotton,Bt Cotton,22947.04,Karnal
Cotton,Bt Cotton,25282.34,Kurukshetra
Cotton,Bt Cotton,33455.25,Saharanpur
Cotton,Bt Cotton,37848.1,Agra
Cotton,Bt Cotton,28445.84,Varanasi
Cotton,Bt Cotton,39242.94,Patna
Cotton,Bt Cotton,34381.23,Muzaffarpur
Cotton,Bt Cotton,26747.73,Nadia
Cotton,Bt Cotton,31759.88,Burdwan
Cotton,Bt Cotton,30242.35,Kamrup
Cotton,Bt Cotton,26159.38,Cuttack
Cotton,Bt Cotton,35341.16,Ganjam
Cotton,Bt Cotton,40904.0,Raipur
Cotton,Bt Cotton,27677.82,Bhopal
Cotton,Bt Cotton,25120.93,Indore
Cotton,Bt Cotton,33058.81,Ahmedabad
Cotton,Bt Cotton,36853.54,Rajkot
Cotton,Bt Cotton,26637.76,Surat
Cotton,Bt Cotton,33237.98,Pune
Cotton,Bt Cotton,30366.58,Nashik
Cotton,Bt Cotton,22652.02,Nagpur
Cotton,Bt Cotton,23877.12,Belagavi
Cotton,Bt Cotton,27109.13,Mysuru
Cotton,Bt Cotton,39732.88,Koppal
Cotton,Bt Cotton,31327.7,Coimbatore
Cotton,Bt Cotton,34399.64,Madurai
Cotton,Bt Cotton,34541.13,Thanjavur
Cotton,Bt Cotton,30911.33,Kurnool
Cotton,Bt Cotton,38184.02,Guntur
Cotton,Bt Cotton,35857.68,Prakasam
Cotton,Bt Cotton,30733.13,Nizamabad
Cotton,Bt Cotton,29784.42,Khammam
Cotton,Bt Cotton,37724.12,Palakkad
Cotton,Bt Cotton,27280.17,Idukki
Cotton,MCU-5,33199.11,Amritsar
Cotton,MCU-5,31840.85,Ludhiana
Cotton,MCU-5,22926.59,Karnal
Cotton,MCU-5,26598.1,Kurukshetra
Cotton,MCU-5,33945.1,Saharanpur
Cotton,MCU-5,36927.95,Agra
Cotton,MCU-5,28374.95,Varanasi
Cotton,MCU-5,38620.24,Patna
Cotton,MCU-5,36058.42,Muzaffarpur
Cotton,MCU-5,24894.68,Nadia
Cotton,MCU-5,33296.45,Burdwan
Cotton,MCU-5,28408.36,Kamrup
Cotton,MCU-5,26260.03,Cuttack
Cotton,MCU-5,36626.04,Ganjam
Cotton,MCU-5,38702.89,Raipur
Cotton,MCU-5,27707.72,Bhopal
Cotton,MCU-5,23554.95,Indore
Cotton,MCU-5,33323.83,Ahmedabad
Cotton,MCU-5,37106.19,Rajkot
Cotton,MCU-5,27390.57,Surat
Cotton,MCU-5,33306.48,Pune
Cotton,MCU-5,32616.54,Nashik
Cotton,MCU-5,23746.63,Nagpur
Cotton,MCU-5,23872.49,Belagavi
Cotton,MCU-5,25791.4,Mysuru
Cotton,MCU-5,38677.02,Koppal
Cotton,MCU-5,32843.44,Coimbatore
Cotton,MCU-5,32335.14,Madurai
Cotton,MCU-5,35505.97,Thanjavur
Cotton,MCU-5,30985.87,Kurnool
Cotton,MCU-5,38959.45,Guntur
Cotton,MCU-5,37179.34,Prakasam
Cotton,MCU-5,31233.92,Nizamabad
Cotton,MCU-5,28134.05,Khammam
Cotton,MCU-5,37868.72,Palakkad
Cotton,MCU-5,28640.09,Idukki
Cowpea,Pusa Komal,12425.84,Amritsar
Cowpea,Pusa Komal,12585.0,Ludhiana
Cowpea,Pusa Komal,9348.32,Karnal
Cowpea,Pusa Komal,10405.22,Kurukshetra
Cowpea,Pusa Komal,13818.27,Saharanpur
Cowpea,Pusa Komal,15220.83,Agra
Cowpea,Pusa Komal,10966.14,Varanasi
Cowpea,Pusa Komal,15426.62,Patna
Cowpea,Pusa Komal,14237.33,Muzaffarpur
Cowpea,Pusa Komal,10443.01,Nadia
Cowpea,Pusa Komal,12768.24,Burdwan
Cowpea,Pusa Komal,11182.84,Kamrup
Cowpea,Pusa Komal,10324.34,Cuttack
Cowpea,Pusa Komal,14691.39,Ganjam
Cowpea,Pusa Komal,15704.03,Raipur
Cowpea,Pusa Komal,10433.35,Bhopal
Cowpea,Pusa Komal,9679.07,Indore
Cowpea,Pusa Komal,13177.86,Ahmedabad
Cowpea,Pusa Komal,14079.65,Rajkot
Cowpea,Pusa Komal,10607.79,Surat
Cowpea,Pusa Komal,14126.02,Pune
Cowpea,Pusa Komal,13255.49,Nashik
Cowpea,Pusa Komal,9470.27,Nagpur
Cowpea,Pusa Komal,10073.51,Belagavi
Cowpea,Pusa Komal,10494.81,Mysuru
Cowpea,Pusa Komal,16961.06,Koppal
Cowpea,Pusa Komal,12705.39,Coimbatore
Cowpea,Pusa Komal,13236.25,Madurai
Cowpea,Pusa Komal,14428.53,Thanjavur
Cowpea,Pusa Komal,12367.57,Kurnool
Cowpea,Pusa Komal,16215.33,Guntur
Cowpea,Pusa Komal,14261.89,Prakasam
Cowpea,Pusa Komal,11991.24,Nizamabad
Cowpea,Pusa Komal,11369.57,Khammam
Cowpea,Pusa Komal,16550.13,Palakkad
Cowpea,Pusa Komal,11996.6,Idukki
Cowpea,Pusa Falguni,12596.87,Amritsar
Cowpea,Pusa Falguni,13540.86,Ludhiana
Cowpea,Pusa Falguni,9504.02,Karnal
Cowpea,Pusa Falguni,9820.08,Kurukshetra
Cowpea,Pusa Falguni,13895.08,Saharanpur
Cowpea,Pusa Falguni,14550.98,Agra
Cowpea,Pusa Falguni,10867.35,Varanasi
Cowpea,Pusa Falguni,15445.69,Patna
Cowpea,Pusa Falguni,14140.32,Muzaffarpur
Cowpea,Pusa Falguni,10280.43,Nadia
Cowpea,Pusa Falguni,12965.92,Burdwan
Cowpea,Pusa Falguni,11397.4,Kamrup
Cowpea,Pusa Falguni,10663.24,Cuttack
Cowpea,Pusa Falguni,14897.83,Ganjam
Cowpea,Pusa Falguni,15858.91,Raipur
Cowpea,Pusa Falguni,10921.25,Bhopal
Cowpea,Pusa Falguni,9620.04,Indore
Cowpea,Pusa Falguni,12934.97,Ahmedabad
Cowpea,Pusa Falguni,14216.51,Rajkot
Cowpea,Pusa Falguni,10888.65,Surat
Cowpea,Pusa Falguni,13615.22,Pune
Cowpea,Pusa Falguni,12923.95,Nashik
Cowpea,Pusa Falguni,9207.79,Nagpur
Cowpea,Pusa Falguni,9727.74,Belagavi
Cowpea,Pusa Falguni,10454.36,Mysuru
Cowpea,Pusa Falguni,16169.99,Koppal
Cowpea,Pusa Falguni,12961.07,Coimbatore
Cowpea,Pusa Falguni,12628.35,Madurai
Cowpea,Pusa Falguni,13652.36,Thanjavur
Cowpea,Pusa Falguni,13082.38,Kurnool
Cowpea,Pusa Falguni,16179.6,Guntur
Cowpea,Pusa Falguni,14561.26,Prakasam
Cowpea,Pusa Falguni,11693.77,Nizamabad
Cowpea,Pusa Falguni,12073.85,Khammam
Cowpea,Pusa Falguni,16004.86,Palakkad
Cowpea,Pusa Falguni,11835.26,Idukki
Cucumber,Pusa Sanyog,27259.89,Amritsar
Cucumber,Pusa Sanyog,26510.59,Ludhiana
Cucumber,Pusa Sanyog,18632.3,Karnal
Cucumber,Pusa Sanyog,21710.61,Kurukshetra
Cucumber,Pusa Sanyog,27696.83,Saharanpur
Cucumber,Pusa Sanyog,31971.54,Agra
Cucumber,Pusa Sanyog,23302.94,Varanasi
Cucumber,Pusa Sanyog,32258.93,Patna
Cucumber,Pusa Sanyog,30434.61,Muzaffarpur
Cucumber,Pusa Sanyog,20828.84,Nadia
Cucumber,Pusa Sanyog,25639.11,Burdwan
Cucumber,Pusa Sanyog,23215.38,Kamrup
Cucumber,Pusa Sanyog,21250.84,Cuttack
Cucumber,Pusa Sanyog,30716.43,Ganjam
Cucumber,Pusa Sanyog,33882.92,Raipur
Cucumber,Pusa Sanyog,22586.17,Bhopal
Cucumber,Pusa Sanyog,20585.91,Indore
Cucumber,Pusa Sanyog,27360.33,Ahmedabad
Cucumber,Pusa Sanyog,30637.34,Rajkot
Cucumber,Pusa Sanyog,22127.93,Surat
Cucumber,Pusa Sanyog,28410.36,Pune
Cucumber,Pusa Sanyog,27371.36,Nashik
Cucumber,Pusa Sanyog,20167.65,Nagpur
Cucumber,Pusa Sanyog,20637.5,Belagavi
Cucumber,Pusa Sanyog,20938.93,Mysuru
Cucumber,Pusa Sanyog,33325.25,Koppal
Cucumber,Pusa Sanyog,26826.88,Coimbatore
Cucumber,Pusa Sanyog,26968.71,Madurai
Cucumber,Pusa Sanyog,30871.47,Thanjavur
Cucumber,Pusa Sanyog,26848.46,Kurnool
Cucumber,Pusa Sanyog,31812.85,Guntur
Cucumber,Pusa Sanyog,30648.12,Prakasam
Cucumber,Pusa Sanyog,23982.24,Nizamabad
Cucumber,Pusa Sanyog,23660.32,Khammam
Cucumber,Pusa Sanyog,34168.39,Palakkad
Cucumber,Pusa Sanyog,23828.8,Idukki
Cucumber,Pusa Uday,25379.92,Amritsar
Cucumber,Pusa Uday,28319.72,Ludhiana
Cucumber,Pusa Uday,18568.72,Karnal
Cucumber,Pusa Uday,21192.48,Kurukshetra
Cucumber,Pusa Uday,29420.68,Saharanpur
Cucumber,Pusa Uday,29770.91,Agra
Cucumber,Pusa Uday,22165.65,Varanasi
Cucumber,Pusa Uday,32152.96,Patna
Cucumber,Pusa Uday,30534.68,Muzaffarpur
Cucumber,Pusa Uday,21323.87,Nadia
Cucumber,Pusa Uday,26049.49,Burdwan
Cucumber,Pusa Uday,24140.72,Kamrup
Cucumber,Pusa Uday,22336.75,Cuttack
Cucumber,Pusa Uday,28922.5,Ganjam
Cucumber,Pusa Uday,33466.03,Raipur
Cucumber,Pusa Uday,21503.93,Bhopal
Cucumber,Pusa Uday,20382.1,Indore
Cucumber,Pusa Uday,28111.86,Ahmedabad
Cucumber,Pusa Uday,30630.24,Rajkot
Cucumber,Pusa Uday,23431.02,Surat
Cucumber,Pusa Uday,29733.34,Pune
Cucumber,Pusa Uday,27605.04,Nashik
Cucumber,Pusa Uday,18756.66,Nagpur
Cucumber,Pusa Uday,21449.51,Belagavi
Cucumber,Pusa Uday,21818.56,Mysuru
Cucumber,Pusa Uday,32710.4,Koppal
Cucumber,Pusa Uday,27275.09,Coimbatore
Cucumber,Pusa Uday,26969.25,Madurai
Cucumber,Pusa Uday,28605.88,Thanjavur
Cucumber,Pusa Uday,26445.64,Kurnool
Cucumber,Pusa Uday,31871.7,Guntur
Cucumber,Pusa Uday,32143.24,Prakasam
Cucumber,Pusa Uday,24333.15,Nizamabad
Cucumber,Pusa Uday,23792.7,Khammam
Cucumber,Pusa Uday,31341.37,Palakkad
Cucumber,Pusa Uday,24469.92,Idukki
Cumin,GC-4,27689.82,Amritsar
Cumin,GC-4,26079.13,Ludhiana
Cumin,GC-4,20214.81,Karnal
Cumin,GC-4,21129.37,Kurukshetra
Cumin,GC-4,28180.56,Saharanpur
Cumin,GC-4,32293.04,Agra
Cumin,GC-4,22528.92,Varanasi
Cumin,GC-4,33749.76,Patna
Cumin,GC-4,30580.91,Muzaffarpur
Cumin,GC-4,22523.26,Nadia
Cumin,GC-4,28414.67,Burdwan
Cumin,GC-4,23400.17,Kamrup
Cumin,GC-4,21380.48,Cuttack
Cumin,GC-4,32045.84,Ganjam
Cumin,GC-4,32063.04,Raipur
Cumin,GC-4,22686.59,Bhopal
Cumin,GC-4,19949.19,Indore
Cumin,GC-4,28704.53,Ahmedabad
Cumin,GC-4,28391.49,Rajkot
Cumin,GC-4,24077.1,Surat
Cumin,GC-4,29335.28,Pune
Cumin,GC-4,27540.14,Nashik
Cumin,GC-4,19963.42,Nagpur
Cumin,GC-4,21125.11,Belagavi
Cumin,GC-4,22287.39,Mysuru
Cumin,GC-4,33182.1,Koppal
Cumin,GC-4,27571.3,Coimbatore
Cumin,GC-4,26709.08,Madurai
Cumin,GC-4,31168.5,Thanjavur
Cumin,GC-4,26349.8,Kurnool
Cumin,GC-4,33130.31,Guntur
Cumin,GC-4,30167.94,Prakasam
Cumin,GC-4,25423.79,Nizamabad
Cumin,GC-4,23392.42,Khammam
Cumin,GC-4,31840.32,Palakkad
Cumin,GC-4,24679.21,Idukki
Cumin,RZ-19,27192.42,Amritsar
Cumin,RZ-19,27883.07,Ludhiana
Cumin,RZ-19,19202.69,Karnal
Cumin,RZ-19,21478.22,Kurukshetra
Cumin,RZ-19,29344.48,Saharanpur
Cumin,RZ-19,32470.58,Agra
Cumin,RZ-19,23898.32,Varanasi
Cumin,RZ-19,32317.1,Patna
Cumin,RZ-19,29976.47,Muzaffarpur
Cumin,RZ-19,21885.71,Nadia
Cumin,RZ-19,28154.23,Burdwan
Cumin,RZ-19,23849.08,Kamrup
Cumin,RZ-19,21436.34,Cuttack
Cumin,RZ-19,30203.29,Ganjam
Cumin,RZ-19,32749.88,Raipur
Cumin,RZ-19,21357.1,Bhopal
Cumin,RZ-19,20450.62,Indore
Cumin,RZ-19,27686.88,Ahmedabad
Cumin,RZ-19,28686.13,Rajkot
Cumin,RZ-19,23045.42,Surat
Cumin,RZ-19,29413.12,Pune
Cumin,RZ-19,25724.14,Nashik
Cumin,RZ-19,20393.7,Nagpur
Cumin,RZ-19,20568.3,Belagavi
Cumin,RZ-19,22410.02,Mysuru
Cumin,RZ-19,35118.77,Koppal
Cumin,RZ-19,27797.97,Coimbatore
Cumin,RZ-19,28756.82,Madurai
Cumin,RZ-19,28596.68,Thanjavur
Cumin,RZ-19,28312.25,Kurnool
Cumin,RZ-19,33732.96,Guntur
Cumin,RZ-19,30255.73,Prakasam
Cumin,RZ-19,24554.11,Nizamabad
Cumin,RZ-19,24860.46,Khammam
Cumin,RZ-19,33740.48,Palakkad
Cumin,RZ-19,24921.07,Idukki
Curry Leaf,Sen Kaampu,20585.04,Amritsar
Curry Leaf,Sen Kaampu,22177.09,Ludhiana
Curry Leaf,Sen Kaampu,15644.83,Karnal
Curry Leaf,Sen Kaampu,17370.11,Kurukshetra
Curry Leaf,Sen Kaampu,23537.31,Saharanpur
Curry Leaf,Sen Kaampu,24538.23,Agra
Curry Leaf,Sen Kaampu,18730.24,Varanasi
Curry Leaf,Sen Kaampu,25801.21,Patna
Curry Leaf,Sen Kaampu,23842.66,Muzaffarpur
Curry Leaf,Sen Kaampu,17880.76,Nadia
Curry Leaf,Sen Kaampu,21969.56,Burdwan
Curry Leaf,Sen Kaampu,18967.86,Kamrup
Curry Leaf,Sen Kaampu,16554.58,Cuttack
Curry Leaf,Sen Kaampu,25694.61,Ganjam
Curry Leaf,Sen Kaampu,26573.19,Raipur
Curry Leaf,Sen Kaampu,18554.77,Bhopal
Curry Leaf,Sen Kaampu,15703.84,Indore
Curry Leaf,Sen Kaampu,22244.49,Ahmedabad
Curry Leaf,Sen Kaampu,23950.54,Rajkot
Curry Leaf,Sen Kaampu,18444.03,Surat
Curry Leaf,Sen Kaampu,24111.53,Pune
Curry Leaf,Sen Kaampu,20645.38,Nashik
Curry Leaf,Sen Kaampu,15572.84,Nagpur
Curry Leaf,Sen Kaampu,16420.71,Belagavi
Curry Leaf,Sen Kaampu,16744.69,Mysuru
Curry Leaf,Sen Kaampu,27762.48,Koppal
Curry Leaf,Sen Kaampu,20653.83,Coimbatore
Curry Leaf,Sen Kaampu,21385.28,Madurai
Curry Leaf,Sen Kaampu,24242.82,Thanjavur
Curry Leaf,Sen Kaampu,21575.09,Kurnool
Curry Leaf,Sen Kaampu,25655.34,Guntur
Curry Leaf,Sen Kaampu,25601.38,Prakasam
Curry Leaf,Sen Kaampu,20268.16,Nizamabad
Curry Leaf,Sen Kaampu,19453.04,Khammam
Curry Leaf,Sen Kaampu,25606.16,Palakkad
Curry Leaf,Sen Kaampu,18507.03,Idukki
Curry Leaf,Suhasini,21275.51,Amritsar
Curry Leaf,Suhasini,22765.54,Ludhiana
Curry Leaf,Suhasini,15470.49,Karnal
Curry Leaf,Suhasini,17873.06,Kurukshetra
Curry Leaf,Suhasini,23874.53,Saharanpur
Curry Leaf,Suhasini,23834.69,Agra
Curry Leaf,Suhasini,19561.42,Varanasi
Curry Leaf,Suhasini,26751.13,Patna
Curry Leaf,Suhasini,23831.88,Muzaffarpur
Curry Leaf,Suhasini,17317.59,Nadia
Curry Leaf,Suhasini,21127.18,Burdwan
Curry Leaf,Suhasini,20188.73,Kamrup
Curry Leaf,Suhasini,16955.96,Cuttack
Curry Leaf,Suhasini,23570.62,Ganjam
Curry Leaf,Suhasini,27461.57,Raipur
Curry Leaf,Suhasini,18220.23,Bhopal
Curry Leaf,Suhasini,15271.55,Indore
Curry Leaf,Suhasini,22080.91,Ahmedabad
Curry Leaf,Suhasini,22659.28,Rajkot
Curry Leaf,Suhasini,18504.22,Surat
Curry Leaf,Suhasini,22615.28,Pune
Curry Leaf,Suhasini,21542.99,Nashik
Curry Leaf,Suhasini,16227.34,Nagpur
Curry Leaf,Suhasini,16278.97,Belagavi
Curry Leaf,Suhasini,17255.01,Mysuru
Curry Leaf,Suhasini,28213.0,Koppal
Curry Leaf,Suhasini,21085.12,Coimbatore
Curry Leaf,Suhasini,22075.19,Madurai
Curry Leaf,Suhasini,22842.81,Thanjavur
Curry Leaf,Suhasini,21542.04,Kurnool
Curry Leaf,Suhasini,26728.44,Guntur
Curry Leaf,Suhasini,25564.6,Prakasam
Curry Leaf,Suhasini,19717.51,Nizamabad
Curry Leaf,Suhasini,19673.57,Khammam
Curry Leaf,Suhasini,26724.14,Palakkad
Curry Leaf,Suhasini,18964.95,Idukki
Drumstick,PKM-1,26718.67,Amritsar
Drumstick,PKM-1,25842.78,Ludhiana
Drumstick,PKM-1,18214.19,Karnal
Drumstick,PKM-1,21838.39,Kurukshetra
Drumstick,PKM-1,27492.35,Saharanpur
Drumstick,PKM-1,31268.53,Agra
Drumstick,PKM-1,22862.26,Varanasi
Drumstick,PKM-1,32208.59,Patna
Drumstick,PKM-1,29545.38,Muzaffarpur
Drumstick,PKM-1,20514.37,Nadia
Drumstick,PKM-1,28189.01,Burdwan
Drumstick,PKM-1,23513.01,Kamrup
Drumstick,PKM-1,20685.08,Cuttack
Drumstick,PKM-1,28933.06,Ganjam
Drumstick,PKM-1,33189.59,Raipur
Drumstick,PKM-1,23076.29,Bhopal
Drumstick,PKM-1,19383.93,Indore
Drumstick,PKM-1,26873.53,Ahmedabad
Drumstick,PKM-1,30389.57,Rajkot
Drumstick,PKM-1,22984.46,Surat
Drumstick,PKM-1,29500.34,Pune
Drumstick,PKM-1,26330.52,Nashik
Drumstick,PKM-1,18745.4,Nagpur
Drumstick,PKM-1,20041.34,Belagavi
Drumstick,PKM-1,20772.49,Mysuru
Drumstick,PKM-1,35031.9,Koppal
Drumstick,PKM-1,26775.21,Coimbatore
Drumstick,PKM-1,27299.75,Madurai
Drumstick,PKM-1,28729.24,Thanjavur
Drumstick,PKM-1,26149.01,Kurnool
Drumstick,PKM-1,32833.33,Guntur
Drumstick,PKM-1,31628.43,Prakasam
Drumstick,PKM-1,25055.63,Nizamabad
Drumstick,PKM-1,23182.11,Khammam
Drumstick,PKM-1,32944.4,Palakkad
Drumstick,PKM-1,24727.66,Idukki
Drumstick,PKM-2,26854.83,Amritsar
Drumstick,PKM-2,28298.06,Ludhiana
Drumstick,PKM-2,18267.59,Karnal
Drumstick,PKM-2,20956.05,Kurukshetra
Drumstick,PKM-2,29376.29,Saharanpur
Drumstick,PKM-2,32508.98,Agra
Drumstick,PKM-2,23847.1,Varanasi
Drumstick,PKM-2,30967.53,Patna
Drumstick,PKM-2,30087.59,Muzaffarpur
Drumstick,PKM-2,20621.49,Nadia
Drumstick,PKM-2,26728.21,Burdwan
Drumstick,PKM-2,24259.4,Kamrup
Drumstick,PKM-2,20656.78,Cuttack
Drumstick,PKM-2,29188.9,Ganjam
Drumstick,PKM-2,34419.61,Raipur
Drumstick,PKM-2,21559.34,Bhopal
Drumstick,PKM-2,19084.93,Indore
Drumstick,PKM-2,26548.87,Ahmedabad
Drumstick,PKM-2,30653.91,Rajkot
Drumstick,PKM-2,22329.36,Surat
Drumstick,PKM-2,28305.8,Pune
Drumstick,PKM-2,26153.77,Nashik
Drumstick,PKM-2,19097.45,Nagpur
Drumstick,PKM-2,20059.1,Belagavi
Drumstick,PKM-2,21653.49,Mysuru
Drumstick,PKM-2,34407.25,Koppal
Drumstick,PKM-2,25418.7,Coimbatore
Drumstick,PKM-2,26034.81,Madurai
Drumstick,PKM-2,30868.77,Thanjavur
Drumstick,PKM-2,27549.68,Kurnool
Drumstick,PKM-2,31982.79,Guntur
Drumstick,PKM-2,30306.27,Prakasam
Drumstick,PKM-2,25696.11,Nizamabad
Drumstick,PKM-2,24091.05,Khammam
Drumstick,PKM-2,34520.94,Palakkad
Drumstick,PKM-2,23154.27,Idukki
Fennel,Gujarat Fennel-1,21498.3,Amritsar
Fennel,Gujarat Fennel-1,21089.8,Ludhiana
Fennel,Gujarat Fennel-1,15385.56,Karnal
Fennel,Gujarat Fennel-1,16304.1,Kurukshetra
Fennel,Gujarat Fennel-1,23841.75,Saharanpur
Fennel,Gujarat Fennel-1,25006.03,Agra
Fennel,Gujarat Fennel-1,18287.94,Varanasi
Fennel,Gujarat Fennel-1,24873.62,Patna
Fennel,Gujarat Fennel-1,24592.16,Muzaffarpur
Fennel,Gujarat Fennel-1,17877.17,Nadia
Fennel,Gujarat Fennel-1,21516.31,Burdwan
Fennel,Gujarat Fennel-1,19856.36,Kamrup
Fennel,Gujarat Fennel-1,17843.28,Cuttack
Fennel,Gujarat Fennel-1,23512.0,Ganjam
Fennel,Gujarat Fennel-1,27857.02,Raipur
Fennel,Gujarat Fennel-1,17236.12,Bhopal
Fennel,Gujarat Fennel-1,15355.91,Indore
Fennel,Gujarat Fennel-1,23212.48,Ahmedabad
Fennel,Gujarat Fennel-1,23233.74,Rajkot
Fennel,Gujarat Fennel-1,18669.54,Surat
Fennel,Gujarat Fennel-1,23550.16,Pune
Fennel,Gujarat Fennel-1,20540.66,Nashik
Fennel,Gujarat Fennel-1,15105.23,Nagpur
Fennel,Gujarat Fennel-1,16692.14,Belagavi
Fennel,Gujarat Fennel-1,17797.62,Mysuru
Fennel,Gujarat Fennel-1,26967.26,Koppal
Fennel,Gujarat Fennel-1,21864.86,Coimbatore
Fennel,Gujarat Fennel-1,22476.89,Madurai
Fennel,Gujarat Fennel-1,24284.6,Thanjavur
Fennel,Gujarat Fennel-1,20716.79,Kurnool
Fennel,Gujarat Fennel-1,26966.53,Guntur
Fennel,Gujarat Fennel-1,23743.37,Prakasam
Fennel,Gujarat Fennel-1,19104.89,Nizamabad
Fennel,Gujarat Fennel-1,20116.77,Khammam
Fennel,Gujarat Fennel-1,25742.66,Palakkad
Fennel,Gujarat Fennel-1,19672.34,Idukki
Fennel,RF-101,20575.14,Amritsar
Fennel,RF-101,22153.79,Ludhiana
Fennel,RF-101,14762.89,Karnal
Fennel,RF-101,17528.3,Kurukshetra
Fennel,RF-101,23170.94,Saharanpur
Fennel,RF-101,25484.72,Agra
Fennel,RF-101,17944.57,Varanasi
Fennel,RF-101,25774.69,Patna
Fennel,RF-101,23368.62,Muzaffarpur
Fennel,RF-101,17546.04,Nadia
Fennel,RF-101,21250.89,Burdwan
Fennel,RF-101,19144.99,Kamrup
Fennel,RF-101,17447.86,Cuttack
Fennel,RF-101,23836.22,Ganjam
Fennel,RF-101,27538.61,Raipur
Fennel,RF-101,18161.02,Bhopal
Fennel,RF-101,15603.89,Indore
Fennel,RF-101,21314.39,Ahmedabad
Fennel,RF-101,24198.42,Rajkot
Fennel,RF-101,19019.44,Surat
Fennel,RF-101,23018.08,Pune
Fennel,RF-101,21259.8,Nashik
Fennel,RF-101,16339.43,Nagpur
Fennel,RF-101,15971.28,Belagavi
Fennel,RF-101,16522.36,Mysuru
Fennel,RF-101,26972.29,Koppal
Fennel,RF-101,21955.01,Coimbatore
Fennel,RF-101,22577.96,Madurai
Fennel,RF-101,22980.38,Thanjavur
Fennel,RF-101,21143.15,Kurnool
Fennel,RF-101,25934.02,Guntur
Fennel,RF-101,25661.46,Prakasam
Fennel,RF-101,20412.59,Nizamabad
Fennel,RF-101,18906.88,Khammam
Fennel,RF-101,27230.86,Palakkad
Fennel,RF-101,19347.83,Idukki
Fenugreek,RMt-1,16415.17,Amritsar
Fenugreek,RMt-1,15708.71,Ludhiana
Fenugreek,RMt-1,11221.93,Karnal
Fenugreek,RMt-1,12118.41,Kurukshetra
Fenugreek,RMt-1,17840.42,Saharanpur
Fenugreek,RMt-1,18022.98,Agra
Fenugreek,RMt-1,14416.96,Varanasi
Fenugreek,RMt-1,19668.92,Patna
Fenugreek,RMt-1,17536.28,Muzaffarpur
Fenugreek,RMt-1,12748.42,Nadia
Fenugreek,RMt-1,16466.07,Burdwan
Fenugreek,RMt-1,14533.84,Kamrup
Fenugreek,RMt-1,12766.63,Cuttack
Fenugreek,RMt-1,17322.84,Ganjam
Fenugreek,RMt-1,20522.32,Raipur
Fenugreek,RMt-1,12704.43,Bhopal
Fenugreek,RMt-1,11934.4,Indore
Fenugreek,RMt-1,17112.56,Ahmedabad
Fenugreek,RMt-1,17138.84,Rajkot
Fenugreek,RMt-1,13869.37,Surat
Fenugreek,RMt-1,16722.09,Pune
Fenugreek,RMt-1,16420.92,Nashik
Fenugreek,RMt-1,11371.62,Nagpur
Fenugreek,RMt-1,12102.14,Belagavi
Fenugreek,RMt-1,13172.51,Mysuru
Fenugreek,RMt-1,20806.01,Koppal
Fenugreek,RMt-1,16523.21,Coimbatore
Fenugreek,RMt-1,16984.93,Madurai
Fenugreek,RMt-1,17749.23,Thanjavur
Fenugreek,RMt-1,16359.27,Kurnool
Fenugreek,RMt-1,19758.26,Guntur
Fenugreek,RMt-1,17740.06,Prakasam
Fenugreek,RMt-1,14651.29,Nizamabad
Fenugreek,RMt-1,14471.14,Khammam
Fenugreek,RMt-1,19507.2,Palakkad
Fenugreek,RMt-1,14603.33,Idukki
Fenugreek,Pusa Early Bunching,15568.08,Amritsar
Fenugreek,Pusa Early Bunching,15582.05,Ludhiana
Fenugreek,Pusa Early Bunching,11046.61,Karnal
Fenugreek,Pusa Early Bunching,12400.64,Kurukshetra
Fenugreek,Pusa Early Bunching,17704.85,Saharanpur
Fenugreek,Pusa Early Bunching,18329.46,Agra
Fenugreek,Pusa Early Bunching,14533.28,Varanasi
Fenugreek,Pusa Early Bunching,19661.74,Patna
Fenugreek,Pusa Early Bunching,17019.43,Muzaffarpur
Fenugreek,Pusa Early Bunching,12921.11,Nadia
Fenugreek,Pusa Early Bunching,16196.71,Burdwan
Fenugreek,Pusa Early Bunching,14822.11,Kamrup
Fenugreek,Pusa Early Bunching,12307.64,Cuttack
Fenugreek,Pusa Early Bunching,18154.85,Ganjam
Fenugreek,Pusa Early Bunching,20495.09,Raipur
Fenugreek,Pusa Early Bunching,13678.6,Bhopal
Fenugreek,Pusa Early Bunching,12058.72,Indore
Fenugreek,Pusa Early Bunching,16369.2,Ahmedabad
Fenugreek,Pusa Early Bunching,18168.19,Rajkot
Fenugreek,Pusa Early Bunching,13913.09,Surat
Fenugreek,Pusa Early Bunching,16731.22,Pune
Fenugreek,Pusa Early Bunching,16006.75,Nashik
Fenugreek,Pusa Early Bunching,12144.91,Nagpur
Fenugreek,Pusa Early Bunching,12523.74,Belagavi
Fenugreek,Pusa Early Bunching,13456.51,Mysuru
Fenugreek,Pusa Early Bunching,20359.21,Koppal
Fenugreek,Pusa Early Bunching,15246.01,Coimbatore
Fenugreek,Pusa Early Bunching,15864.61,Madurai
Fenugreek,Pusa Early Bunching,17907.86,Thanjavur
Fenugreek,Pusa Early Bunching,16132.34,Kurnool
Fenugreek,Pusa Early Bunching,18747.53,Guntur
Fenugreek,Pusa Early Bunching,18104.36,Prakasam
Fenugreek,Pusa Early Bunching,14812.28,Nizamabad
Fenugreek,Pusa Early Bunching,14516.96,Khammam
Fenugreek,Pusa Early Bunching,18820.48,Palakkad
Fenugreek,Pusa Early Bunching,14696.21,Idukki
Field Pea,Rachna,15601.41,Amritsar
Field Pea,Rachna,16367.0,Ludhiana
Field Pea,Rachna,11150.82,Karnal
Field Pea,Rachna,13363.69,Kurukshetra
Field Pea,Rachna,17501.77,Saharanpur
Field Pea,Rachna,19032.79,Agra
Field Pea,Rachna,14435.74,Varanasi
Field Pea,Rachna,19729.88,Patna
Field Pea,Rachna,18559.42,Muzaffarpur
Field Pea,Rachna,13277.3,Nadia
Field Pea,Rachna,16146.55,Burdwan
Field Pea,Rachna,14956.31,Kamrup
Field Pea,Rachna,13076.59,Cuttack
Field Pea,Rachna,18407.13,Ganjam
Field Pea,Rachna,19282.63,Raipur
Field Pea,Rachna,13244.54,Bhopal
Field Pea,Rachna,11723.34,Indore
Field Pea,Rachna,17584.51,Ahmedabad
Field Pea,Rachna,18499.59,Rajkot
Field Pea,Rachna,13778.42,Surat
Field Pea,Rachna,18357.75,Pune
Field Pea,Rachna,15597.35,Nashik
Field Pea,Rachna,11845.68,Nagpur
Field Pea,Rachna,12286.75,Belagavi
Field Pea,Rachna,13166.57,Mysuru
Field Pea,Rachna,19637.94,Koppal
Field Pea,Rachna,15618.26,Coimbatore
Field Pea,Rachna,16358.2,Madurai
Field Pea,Rachna,17223.81,Thanjavur
Field Pea,Rachna,16063.37,Kurnool
Field Pea,Rachna,19833.15,Guntur
Field Pea,Rachna,17899.3,Prakasam
Field Pea,Rachna,15083.4,Nizamabad
Field Pea,Rachna,15156.8,Khammam
Field Pea,Rachna,19898.36,Palakkad
Field Pea,Rachna,14610.27,Idukki
Field Pea,Pant Matar 15,15710.45,Amritsar
Field Pea,Pant Matar 15,16302.46,Ludhiana
Field Pea,Pant Matar 15,11959.83,Karnal
Field Pea,Pant Matar 15,12815.08,Kurukshetra
Field Pea,Pant Matar 15,16905.95,Saharanpur
Field Pea,Pant Matar 15,19072.58,Agra
Field Pea,Pant Matar 15,13524.61,Varanasi
Field Pea,Pant Matar 15,19304.99,Patna
Field Pea,Pant Matar 15,18679.93,Muzaffarpur
Field Pea,Pant Matar 15,13053.08,Nadia
Field Pea,Pant Matar 15,16112.11,Burdwan
Field Pea,Pant Matar 15,14939.16,Kamrup
Field Pea,Pant Matar 15,13033.74,Cuttack
Field Pea,Pant Matar 15,17495.62,Ganjam
Field Pea,Pant Matar 15,20895.83,Raipur
Field Pea,Pant Matar 15,14044.9,Bhopal
Field Pea,Pant Matar 15,11634.27,Indore
Field Pea,Pant Matar 15,16631.23,Ahmedabad
Field Pea,Pant Matar 15,17249.2,Rajkot
Field Pea,Pant Matar 15,13221.82,Surat
Field Pea,Pant Matar 15,17263.93,Pune
Field Pea,Pant Matar 15,15927.66,Nashik
Field Pea,Pant Matar 15,11566.76,Nagpur
Field Pea,Pant Matar 15,12227.98,Belagavi
Field Pea,Pant Matar 15,12811.84,Mysuru
Field Pea,Pant Matar 15,20299.39,Koppal
Field Pea,Pant Matar 15,16730.79,Coimbatore
Field Pea,Pant Matar 15,15971.3,Madurai
Field Pea,Pant Matar 15,17519.77,Thanjavur
Field Pea,Pant Matar 15,15865.91,Kurnool
Field Pea,Pant Matar 15,19580.54,Guntur
Field Pea,Pant Matar 15,18748.11,Prakasam
Field Pea,Pant Matar 15,15439.73,Nizamabad
Field Pea,Pant Matar 15,14751.22,Khammam
Field Pea,Pant Matar 15,20805.52,Palakkad
Field Pea,Pant Matar 15,14868.67,Idukki
Garlic,Yamuna Safed,45296.43,Amritsar
Garlic,Yamuna Safed,47621.3,Ludhiana
Garlic,Yamuna Safed,35298.09,Karnal
Garlic,Yamuna Safed,37433.57,Kurukshetra
Garlic,Yamuna Safed,53242.94,Saharanpur
Garlic,Yamuna Safed,58379.18,Agra
Garlic,Yamuna Safed,42913.62,Varanasi
Garlic,Yamuna Safed,58475.5,Patna
Garlic,Yamuna Safed,52952.83,Muzaffarpur
Garlic,Yamuna Safed,37897.77,Nadia
Garlic,Yamuna Safed,46398.64,Burdwan
Garlic,Yamuna Safed,45085.13,Kamrup
Garlic,Yamuna Safed,38548.93,Cuttack
Garlic,Yamuna Safed,54906.87,Ganjam
Garlic,Yamuna Safed,57173.92,Raipur
Garlic,Yamuna Safed,40691.44,Bhopal
Garlic,Yamuna Safed,36430.39,Indore
Garlic,Yamuna Safed,49547.04,Ahmedabad
Garlic,Yamuna Safed,50645.01,Rajkot
Garlic,Yamuna Safed,39109.38,Surat
Garlic,Yamuna Safed,50244.32,Pune
Garlic,Yamuna Safed,48361.69,Nashik
Garlic,Yamuna Safed,33626.84,Nagpur
Garlic,Yamuna Safed,35438.17,Belagavi
Garlic,Yamuna Safed,40515.77,Mysuru
Garlic,Yamuna Safed,61663.79,Koppal
Garlic,Yamuna Safed,45696.05,Coimbatore
Garlic,Yamuna Safed,47462.2,Madurai
Garlic,Yamuna Safed,52234.3,Thanjavur
Garlic,Yamuna Safed,49846.79,Kurnool
Garlic,Yamuna Safed,56925.77,Guntur
Garlic,Yamuna Safed,53341.57,Prakasam
Garlic,Yamuna Safed,43548.32,Nizamabad
Garlic,Yamuna Safed,42767.33,Khammam
Garlic,Yamuna Safed,59343.91,Palakkad
Garlic,Yamuna Safed,44713.77,Idukki
Garlic,Agrifound White,49129.95,Amritsar
Garlic,Agrifound White,47148.89,Ludhiana
Garlic,Agrifound White,32662.0,Karnal
Garlic,Agrifound White,36759.71,Kurukshetra
Garlic,Agrifound White,51957.58,Saharanpur
Garlic,Agrifound White,55968.49,Agra
Garlic,Agrifound White,42883.97,Varanasi
Garlic,Agrifound White,58178.37,Patna
Garlic,Agrifound White,52959.42,Muzaffarpur
Garlic,Agrifound White,39055.21,Nadia
Garlic,Agrifound White,46802.35,Burdwan
Garlic,Agrifound White,43367.12,Kamrup
Garlic,Agrifound White,38565.08,Cuttack
Garlic,Agrifound White,53509.9,Ganjam
Garlic,Agrifound White,60315.03,Raipur
Garlic,Agrifound White,38147.94,Bhopal
Garlic,Agrifound White,37115.85,Indore
Garlic,Agrifound White,47755.67,Ahmedabad
Garlic,Agrifound White,51723.71,Rajkot
Garlic,Agrifound White,41328.81,Surat
Garlic,Agrifound White,52910.5,Pune
Garlic,Agrifound White,48893.6,Nashik
Garlic,Agrifound White,35197.5,Nagpur
Garlic,Agrifound White,37953.05,Belagavi
Garlic,Agrifound White,37669.1,Mysuru
Garlic,Agrifound White,58328.29,Koppal
Garlic,Agrifound White,45912.82,Coimbatore
Garlic,Agrifound White,49054.75,Madurai
Garlic,Agrifound White,53801.02,Thanjavur
Garlic,Agrifound White,50195.83,Kurnool
Garlic,Agrifound White,57916.51,Guntur
Garlic,Agrifound White,56184.15,Prakasam
Garlic,Agrifound White,45396.37,Nizamabad
Garlic,Agrifound White,42937.9,Khammam
Garlic,Agrifound White,57811.05,Palakkad
Garlic,Agrifound White,43548.25,Idukki
Ginger,Rio-De-Janeiro,59604.58,Amritsar
Ginger,Rio-De-Janeiro,58205.18,Ludhiana
Ginger,Rio-De-Janeiro,41551.18,Karnal
Ginger,Rio-De-Janeiro,49163.11,Kurukshetra
Ginger,Rio-De-Janeiro,62921.14,Saharanpur
Ginger,Rio-De-Janeiro,65691.8,Agra
Ginger,Rio-De-Janeiro,51941.67,Varanasi
Ginger,Rio-De-Janeiro,70629.06,Patna
Ginger,Rio-De-Janeiro,61848.26,Muzaffarpur
Ginger,Rio-De-Janeiro,46873.18,Nadia
Ginger,Rio-De-Janeiro,58611.11,Burdwan
Ginger,Rio-De-Janeiro,52024.45,Kamrup
Ginger,Rio-De-Janeiro,48324.29,Cuttack
Ginger,Rio-De-Janeiro,63977.79,Ganjam
Ginger,Rio-De-Janeiro,76464.7,Raipur
Ginger,Rio-De-Janeiro,48349.89,Bhopal
Ginger,Rio-De-Janeiro,42955.41,Indore
Ginger,Rio-De-Janeiro,60820.94,Ahmedabad
Ginger,Rio-De-Janeiro,62827.45,Rajkot
Ginger,Rio-De-Janeiro,49861.6,Surat
Ginger,Rio-De-Janeiro,64963.75,Pune
Ginger,Rio-De-Janeiro,59471.81,Nashik
Ginger,Rio-De-Janeiro,42103.47,Nagpur
Ginger,Rio-De-Janeiro,44038.88,Belagavi
Ginger,Rio-De-Janeiro,48607.29,Mysuru
Ginger,Rio-De-Janeiro,77739.4,Koppal
Ginger,Rio-De-Janeiro,55671.75,Coimbatore
Ginger,Rio-De-Janeiro,62775.22,Madurai
Ginger,Rio-De-Janeiro,68657.48,Thanjavur
Ginger,Rio-De-Janeiro,56940.02,Kurnool
Ginger,Rio-De-Janeiro,72952.07,Guntur
Ginger,Rio-De-Janeiro,69132.12,Prakasam
Ginger,Rio-De-Janeiro,55684.72,Nizamabad
Ginger,Rio-De-Janeiro,52411.95,Khammam
Ginger,Rio-De-Janeiro,73554.41,Palakkad
Ginger,Rio-De-Janeiro,52890.85,Idukki
Ginger,Nadia,57306.67,Amritsar
Ginger,Nadia,60700.03,Ludhiana
Ginger,Nadia,44107.52,Karnal
Ginger,Nadia,47728.98,Kurukshetra
Ginger,Nadia,66175.07,Saharanpur
Ginger,Nadia,70139.06,Agra
Ginger,Nadia,53203.48,Varanasi
Ginger,Nadia,68416.76,Patna
Ginger,Nadia,63877.49,Muzaffarpur
Ginger,Nadia,47423.55,Nadia
Ginger,Nadia,62089.59,Burdwan
Ginger,Nadia,54417.77,Kamrup
Ginger,Nadia,45602.96,Cuttack
Ginger,Nadia,66553.16,Ganjam
Ginger,Nadia,74134.03,Raipur
Ginger,Nadia,49098.89,Bhopal
Ginger,Nadia,43608.79,Indore
Ginger,Nadia,64176.59,Ahmedabad
Ginger,Nadia,62307.0,Rajkot
Ginger,Nadia,49478.38,Surat
Ginger,Nadia,67046.18,Pune
Ginger,Nadia,56473.73,Nashik
Ginger,Nadia,42531.77,Nagpur
Ginger,Nadia,43550.03,Belagavi
Ginger,Nadia,47320.74,Mysuru
Ginger,Nadia,77006.57,Koppal
Ginger,Nadia,56263.76,Coimbatore
Ginger,Nadia,59684.65,Madurai
Ginger,Nadia,67242.5,Thanjavur
Ginger,Nadia,56841.99,Kurnool
Ginger,Nadia,69470.63,Guntur
Ginger,Nadia,64945.85,Prakasam
Ginger,Nadia,57110.15,Nizamabad
Ginger,Nadia,55464.7,Khammam
Ginger,Nadia,73178.93,Palakkad
Ginger,Nadia,54446.46,Idukki
Gram,Desi,14576.81,Amritsar
Gram,Desi,14510.54,Ludhiana
Gram,Desi,10956.91,Karnal
Gram,Desi,12414.78,Kurukshetra
Gram,Desi,16140.28,Saharanpur
Gram,Desi,16978.04,Agra
Gram,Desi,13399.74,Varanasi
Gram,Desi,18523.36,Patna
Gram,Desi,17176.98,Muzaffarpur
Gram,Desi,12579.02,Nadia
Gram,Desi,14481.99,Burdwan
Gram,Desi,12822.57,Kamrup
Gram,Desi,11534.43,Cuttack
Gram,Desi,17909.54,Ganjam
Gram,Desi,17938.94,Raipur
Gram,Desi,12848.86,Bhopal
Gram,Desi,10994.55,Indore
Gram,Desi,16080.57,Ahmedabad
Gram,Desi,16605.45,Rajkot
Gram,Desi,13078.6,Surat
Gram,Desi,15930.75,Pune
Gram,Desi,15263.8,Nashik
Gram,Desi,11376.44,Nagpur
Gram,Desi,11530.3,Belagavi
Gram,Desi,11496.98,Mysuru
Gram,Desi,18743.94,Koppal
Gram,Desi,14892.7,Coimbatore
Gram,Desi,15555.32,Madurai
Gram,Desi,16185.59,Thanjavur
Gram,Desi,15283.4,Kurnool
Gram,Desi,17379.09,Guntur
Gram,Desi,16874.96,Prakasam
Gram,Desi,14477.27,Nizamabad
Gram,Desi,13970.03,Khammam
Gram,Desi,17763.45,Palakkad
Gram,Desi,13084.22,Idukki
Gram,Kabuli,14667.89,Amritsar
Gram,Kabuli,15822.74,Ludhiana
Gram,Kabuli,10778.26,Karnal
Gram,Kabuli,12189.44,Kurukshetra
Gram,Kabuli,15539.12,Saharanpur
Gram,Kabuli,17095.26,Agra
Gram,Kabuli,13114.6,Varanasi
Gram,Kabuli,17744.47,Patna
Gram,Kabuli,17354.03,Muzaffarpur
Gram,Kabuli,12672.66,Nadia
Gram,Kabuli,15185.79,Burdwan
Gram,Kabuli,13212.66,Kamrup
Gram,Kabuli,11703.47,Cuttack
Gram,Kabuli,17804.15,Ganjam
Gram,Kabuli,19063.67,Raipur
Gram,Kabuli,12767.82,Bhopal
Gram,Kabuli,11504.36,Indore
Gram,Kabuli,15324.42,Ahmedabad
Gram,Kabuli,16984.23,Rajkot
Gram,Kabuli,12264.66,Surat
Gram,Kabuli,16809.16,Pune
Gram,Kabuli,15066.34,Nashik
Gram,Kabuli,11187.81,Nagpur
Gram,Kabuli,11898.48,Belagavi
Gram,Kabuli,11690.66,Mysuru
Gram,Kabuli,19023.27,Koppal
Gram,Kabuli,15441.17,Coimbatore
Gram,Kabuli,15238.53,Madurai
Gram,Kabuli,16576.84,Thanjavur
Gram,Kabuli,14788.33,Kurnool
Gram,Kabuli,18444.37,Guntur
Gram,Kabuli,17010.87,Prakasam
Gram,Kabuli,13569.16,Nizamabad
Gram,Kabuli,13976.31,Khammam
Gram,Kabuli,18460.8,Palakkad
Gram,Kabuli,13706.57,Idukki
Grapes,Thompson Seedless,82335.76,Amritsar
Grapes,Thompson Seedless,90899.3,Ludhiana
Grapes,Thompson Seedless,60923.1,Karnal
Grapes,Thompson Seedless,69914.7,Kurukshetra
Grapes,Thompson Seedless,88435.5,Saharanpur
Grapes,Thompson Seedless,98445.89,Agra
Grapes,Thompson Seedless,75293.97,Varanasi
Grapes,Thompson Seedless,104883.92,Patna
Grapes,Thompson Seedless,91190.84,Muzaffarpur
Grapes,Thompson Seedless,66259.11,Nadia
Grapes,Thompson Seedless,82615.39,Burdwan
Grapes,Thompson Seedless,74628.85,Kamrup
Grapes,Thompson Seedless,71794.83,Cuttack
Grapes,Thompson Seedless,98260.48,Ganjam
Grapes,Thompson Seedless,108254.66,Raipur
Grapes,Thompson Seedless,73551.43,Bhopal
Grapes,Thompson Seedless,66556.38,Indore
Grapes,Thompson Seedless,85610.45,Ahmedabad
Grapes,Thompson Seedless,94749.27,Rajkot
Grapes,Thompson Seedless,73240.61,Surat
Grapes,Thompson Seedless,91672.05,Pune
Grapes,Thompson Seedless,87830.37,Nashik
Grapes,Thompson Seedless,59354.09,Nagpur
Grapes,Thompson Seedless,63655.57,Belagavi
Grapes,Thompson Seedless,67294.12,Mysuru
Grapes,Thompson Seedless,102591.44,Koppal
Grapes,Thompson Seedless,88931.45,Coimbatore
Grapes,Thompson Seedless,89364.79,Madurai
Grapes,Thompson Seedless,95559.79,Thanjavur
Grapes,Thompson Seedless,83318.37,Kurnool
Grapes,Thompson Seedless,98934.27,Guntur
Grapes,Thompson Seedless,103159.45,Prakasam
Grapes,Thompson Seedless,82559.93,Nizamabad
Grapes,Thompson Seedless,80368.27,Khammam
Grapes,Thompson Seedless,101268.97,Palakkad
Grapes,Thompson Seedless,75287.74,Idukki
Grapes,Sharad Seedless,88232.06,Amritsar
Grapes,Sharad Seedless,88005.73,Ludhiana
Grapes,Sharad Seedless,63092.47,Karnal
Grapes,Sharad Seedless,69357.73,Kurukshetra
Grapes,Sharad Seedless,92234.3,Saharanpur
Grapes,Sharad Seedless,97713.32,Agra
Grapes,Sharad Seedless,71904.55,Varanasi
Grapes,Sharad Seedless,99093.0,Patna
Grapes,Sharad Seedless,92972.06,Muzaffarpur
Grapes,Sharad Seedless,69303.79,Nadia
Grapes,Sharad Seedless,82280.49,Burdwan
Grapes,Sharad Seedless,75753.61,Kamrup
Grapes,Sharad Seedless,68203.21,Cuttack
Grapes,Sharad Seedless,98360.05,Ganjam
Grapes,Sharad Seedless,109450.39,Raipur
Grapes,Sharad Seedless,70517.85,Bhopal
Grapes,Sharad Seedless,64353.07,Indore
Grapes,Sharad Seedless,88048.01,Ahmedabad
Grapes,Sharad Seedless,94355.99,Rajkot
Grapes,Sharad Seedless,76167.13,Surat
Grapes,Sharad Seedless,88742.63,Pune
Grapes,Sharad Seedless,81412.08,Nashik
Grapes,Sharad Seedless,62313.19,Nagpur
Grapes,Sharad Seedless,68443.53,Belagavi
Grapes,Sharad Seedless,71334.29,Mysuru
Grapes,Sharad Seedless,112238.86,Koppal
Grapes,Sharad Seedless,83922.33,Coimbatore
Grapes,Sharad Seedless,85391.16,Madurai
Grapes,Sharad Seedless,99538.35,Thanjavur
Grapes,Sharad Seedless,86973.72,Kurnool
Grapes,Sharad Seedless,105289.06,Guntur
Grapes,Sharad Seedless,95296.94,Prakasam
Grapes,Sharad Seedless,82774.51,Nizamabad
Grapes,Sharad Seedless,73418.19,Khammam
Grapes,Sharad Seedless,103726.29,Palakkad
Grapes,Sharad Seedless,79202.58,Idukki
Greengram,Pusa Vishal,13305.69,Amritsar
Greengram,Pusa Vishal,13134.27,Ludhiana
Greengram,Pusa Vishal,9457.48,Karnal
Greengram,Pusa Vishal,10750.03,Kurukshetra
Greengram,Pusa Vishal,14315.55,Saharanpur
Greengram,Pusa Vishal,14894.59,Agra
Greengram,Pusa Vishal,11123.93,Varanasi
Greengram,Pusa Vishal,16237.81,Patna
Greengram,Pusa Vishal,14377.76,Muzaffarpur
Greengram,Pusa Vishal,10081.49,Nadia
Greengram,Pusa Vishal,12635.02,Burdwan
Greengram,Pusa Vishal,11926.27,Kamrup
Greengram,Pusa Vishal,10392.76,Cuttack
Greengram,Pusa Vishal,15279.55,Ganjam
Greengram,Pusa Vishal,16519.15,Raipur
Greengram,Pusa Vishal,10933.94,Bhopal
Greengram,Pusa Vishal,9626.62,Indore
Greengram,Pusa Vishal,13329.82,Ahmedabad
Greengram,Pusa Vishal,13909.47,Rajkot
Greengram,Pusa Vishal,11150.93,Surat
Greengram,Pusa Vishal,14197.0,Pune
Greengram,Pusa Vishal,12789.22,Nashik
Greengram,Pusa Vishal,9846.08,Nagpur
Greengram,Pusa Vishal,10075.35,Belagavi
Greengram,Pusa Vishal,10708.4,Mysuru
Greengram,Pusa Vishal,16881.17,Koppal
Greengram,Pusa Vishal,12749.51,Coimbatore
Greengram,Pusa Vishal,12820.68,Madurai
Greengram,Pusa Vishal,14425.36,Thanjavur
Greengram,Pusa Vishal,13331.9,Kurnool
Greengram,Pusa Vishal,15944.49,Guntur
Greengram,Pusa Vishal,15345.04,Prakasam
Greengram,Pusa Vishal,11963.02,Nizamabad
Greengram,Pusa Vishal,11930.81,Khammam
Greengram,Pusa Vishal,15360.07,Palakkad
Greengram,Pusa Vishal,11592.2,Idukki
Greengram,SML-668,12976.28,Amritsar
Greengram,SML-668,13130.45,Ludhiana
Greengram,SML-668,9258.44,Karnal
Greengram,SML-668,10779.02,Kurukshetra
Greengram,SML-668,14482.16,Saharanpur
Greengram,SML-668,15791.6,Agra
Greengram,SML-668,11758.28,Varanasi
Greengram,SML-668,16235.46,Patna
Greengram,SML-668,14422.54,Muzaffarpur
Greengram,SML-668,10112.95,Nadia
Greengram,SML-668,12520.33,Burdwan
Greengram,SML-668,11555.65,Kamrup
Greengram,SML-668,10628.99,Cuttack
Greengram,SML-668,14265.06,Ganjam
Greengram,SML-668,15422.15,Raipur
Greengram,SML-668,11121.18,Bhopal
Greengram,SML-668,9166.98,Indore
Greengram,SML-668,13854.57,Ahmedabad
Greengram,SML-668,13894.13,Rajkot
Greengram,SML-668,11209.75,Surat
Greengram,SML-668,13945.13,Pune
Greengram,SML-668,13207.07,Nashik
Greengram,SML-668,9171.74,Nagpur
Greengram,SML-668,10289.05,Belagavi
Greengram,SML-668,10614.94,Mysuru
Greengram,SML-668,15794.35,Koppal
Greengram,SML-668,12986.47,Coimbatore
Greengram,SML-668,13882.03,Madurai
Greengram,SML-668,14988.24,Thanjavur
Greengram,SML-668,13329.2,Kurnool
Greengram,SML-668,15673.8,Guntur
Greengram,SML-668,15541.88,Prakasam
Greengram,SML-668,12529.7,Nizamabad
Greengram,SML-668,11248.77,Khammam
Greengram,SML-668,15483.22,Palakkad
Greengram,SML-668,11301.39,Idukki
Groundnut,Kadon,22765.74,Amritsar
Groundnut,Kadon,23688.83,Ludhiana
Groundnut,Kadon,17169.07,Karnal
Groundnut,Kadon,19221.67,Kurukshetra
Groundnut,Kadon,26724.8,Saharanpur
Groundnut,Kadon,28754.66,Agra
Groundnut,Kadon,21357.48,Varanasi
Groundnut,Kadon,28247.79,Patna
Groundnut,Kadon,25908.55,Muzaffarpur
Groundnut,Kadon,18349.29,Nadia
Groundnut,Kadon,22731.78,Burdwan
Groundnut,Kadon,22037.43,Kamrup
Groundnut,Kadon,19411.88,Cuttack
Groundnut,Kadon,26835.05,Ganjam
Groundnut,Kadon,27903.32,Raipur
Groundnut,Kadon,20360.2,Bhopal
Groundnut,Kadon,17754.8,Indore
Groundnut,Kadon,25278.22,Ahmedabad
Groundnut,Kadon,26948.75,Rajkot
Groundnut,Kadon,19487.83,Surat
Groundnut,Kadon,24708.61,Pune
Groundnut,Kadon,24322.42,Nashik
Groundnut,Kadon,17745.84,Nagpur
Groundnut,Kadon,19067.31,Belagavi
Groundnut,Kadon,19766.98,Mysuru
Groundnut,Kadon,30470.57,Koppal
Groundnut,Kadon,23186.21,Coimbatore
Groundnut,Kadon,25278.95,Madurai
Groundnut,Kadon,26285.5,Thanjavur
Groundnut,Kadon,23402.53,Kurnool
Groundnut,Kadon,27368.25,Guntur
Groundnut,Kadon,28477.4,Prakasam
Groundnut,Kadon,22037.11,Nizamabad
Groundnut,Kadon,21271.65,Khammam
Groundnut,Kadon,28561.21,Palakkad
Groundnut,Kadon,20789.27,Idukki
Groundnut,TMV-2,23598.7,Amritsar
Groundnut,TMV-2,25163.05,Ludhiana
Groundnut,TMV-2,17661.46,Karnal
Groundnut,TMV-2,18860.89,Kurukshetra
Groundnut,TMV-2,25828.65,Saharanpur
Groundnut,TMV-2,28249.55,Agra
Groundnut,TMV-2,20014.41,Varanasi
Groundnut,TMV-2,28162.14,Patna
Groundnut,TMV-2,27240.46,Muzaffarpur
Groundnut,TMV-2,19744.68,Nadia
Groundnut,TMV-2,24558.89,Burdwan
Groundnut,TMV-2,21702.95,Kamrup
Groundnut,TMV-2,18279.12,Cuttack
Groundnut,TMV-2,26387.25,Ganjam
Groundnut,TMV-2,30610.97,Raipur
Groundnut,TMV-2,18704.66,Bhopal
Groundnut,TMV-2,18206.07,Indore
Groundnut,TMV-2,23296.33,Ahmedabad
Groundnut,TMV-2,27388.22,Rajkot
Groundnut,TMV-2,19199.71,Surat
Groundnut,TMV-2,26433.59,Pune
Groundnut,TMV-2,23038.73,Nashik
Groundnut,TMV-2,17440.45,Nagpur
Groundnut,TMV-2,17862.92,Belagavi
Groundnut,TMV-2,18155.76,Mysuru
Groundnut,TMV-2,30894.4,Koppal
Groundnut,TMV-2,23105.53,Coimbatore
Groundnut,TMV-2,25294.45,Madurai
Groundnut,TMV-2,26605.15,Thanjavur
Groundnut,TMV-2,23740.6,Kurnool
Groundnut,TMV-2,28199.57,Guntur
Groundnut,TMV-2,27642.72,Prakasam
Groundnut,TMV-2,22243.12,Nizamabad
Groundnut,TMV-2,20554.74,Khammam
Groundnut,TMV-2,28726.35,Palakkad
Groundnut,TMV-2,21932.83,Idukki
Guar,HG 365,12648.5,Amritsar
Guar,HG 365,12941.33,Ludhiana
Guar,HG 365,9238.99,Karnal
Guar,HG 365,10516.37,Kurukshetra
Guar,HG 365,13897.01,Saharanpur
Guar,HG 365,14959.81,Agra
Guar,HG 365,11688.56,Varanasi
Guar,HG 365,15245.37,Patna
Guar,HG 365,13636.02,Muzaffarpur
Guar,HG 365,10404.9,Nadia
Guar,HG 365,12436.61,Burdwan
Guar,HG 365,11945.79,Kamrup
Guar,HG 365,10270.32,Cuttack
Guar,HG 365,14131.15,Ganjam
Guar,HG 365,15416.77,Raipur
Guar,HG 365,10375.8,Bhopal
Guar,HG 365,9929.85,Indore
Guar,HG 365,13494.9,Ahmedabad
Guar,HG 365,14409.12,Rajkot
Guar,HG 365,10894.28,Surat
Guar,HG 365,14474.76,Pune
Guar,HG 365,12342.35,Nashik
Guar,HG 365,9049.38,Nagpur
Guar,HG 365,9919.94,Belagavi
Guar,HG 365,10579.61,Mysuru
Guar,HG 365,16123.18,Koppal
Guar,HG 365,12153.87,Coimbatore
Guar,HG 365,13159.29,Madurai
Guar,HG 365,14912.41,Thanjavur
Guar,HG 365,12925.47,Kurnool
Guar,HG 365,16063.3,Guntur
Guar,HG 365,14618.87,Prakasam
Guar,HG 365,12169.16,Nizamabad
Guar,HG 365,12039.43,Khammam
Guar,HG 365,15609.23,Palakkad
Guar,HG 365,10956.52,Idukki
Guar,RGC 936,13308.31,Amritsar
Guar,RGC 936,13101.14,Ludhiana
Guar,RGC 936,8753.37,Karnal
Guar,RGC 936,10066.37,Kurukshetra
Guar,RGC 936,14345.56,Saharanpur
Guar,RGC 936,15419.67,Agra
Guar,RGC 936,11421.07,Varanasi
Guar,RGC 936,16162.4,Patna
Guar,RGC 936,14760.6,Muzaffarpur
Guar,RGC 936,10421.2,Nadia
Guar,RGC 936,12375.52,Burdwan
Guar,RGC 936,11998.9,Kamrup
Guar,RGC 936,9867.1,Cuttack
Guar,RGC 936,14162.02,Ganjam
Guar,RGC 936,15181.62,Raipur
Guar,RGC 936,10193.46,Bhopal
Guar,RGC 936,9348.31,Indore
Guar,RGC 936,12935.42,Ahmedabad
Guar,RGC 936,13891.48,Rajkot
Guar,RGC 936,11384.57,Surat
Guar,RGC 936,14406.73,Pune
Guar,RGC 936,13016.41,Nashik
Guar,RGC 936,9241.22,Nagpur
Guar,RGC 936,10345.13,Belagavi
Guar,RGC 936,10751.0,Mysuru
Guar,RGC 936,16488.78,Koppal
Guar,RGC 936,12167.83,Coimbatore
Guar,RGC 936,12694.78,Madurai
Guar,RGC 936,13920.58,Thanjavur
Guar,RGC 936,13167.48,Kurnool
Guar,RGC 936,15454.2,Guntur
Guar,RGC 936,14901.53,Prakasam
Guar,RGC 936,11361.48,Nizamabad
Guar,RGC 936,11388.21,Khammam
Guar,RGC 936,15463.35,Palakkad
Guar,RGC 936,11027.94,Idukki
Guava,Allahabad Safeda,38639.54,Amritsar
Guava,Allahabad Safeda,38249.19,Ludhiana
Guava,Allahabad Safeda,26676.63,Karnal
Guava,Allahabad Safeda,29904.79,Kurukshetra
Guava,Allahabad Safeda,39628.99,Saharanpur
Guava,Allahabad Safeda,45071.45,Agra
Guava,Allahabad Safeda,33137.77,Varanasi
Guava,Allahabad Safeda,47182.62,Patna
Guava,Allahabad Safeda,42484.05,Muzaffarpur
Guava,Allahabad Safeda,30071.97,Nadia
Guava,Allahabad Safeda,39397.65,Burdwan
Guava,Allahabad Safeda,32833.5,Kamrup
Guava,Allahabad Safeda,30442.73,Cuttack
Guava,Allahabad Safeda,44353.71,Ganjam
Guava,Allahabad Safeda,47063.81,Raipur
Guava,Allahabad Safeda,32104.79,Bhopal
Guava,Allahabad Safeda,28841.07,Indore
Guava,Allahabad Safeda,38736.22,Ahmedabad
Guava,Allahabad Safeda,40640.37,Rajkot
Guava,Allahabad Safeda,33384.44,Surat
Guava,Allahabad Safeda,39193.35,Pune
Guava,Allahabad Safeda,36609.05,Nashik
Guava,Allahabad Safeda,28580.57,Nagpur
Guava,Allahabad Safeda,29826.56,Belagavi
Guava,Allahabad Safeda,30699.25,Mysuru
Guava,Allahabad Safeda,47712.15,Koppal
Guava,Allahabad Safeda,35981.94,Coimbatore
Guava,Allahabad Safeda,39982.63,Madurai
Guava,Allahabad Safeda,41508.61,Thanjavur
Guava,Allahabad Safeda,38633.19,Kurnool
Guava,Allahabad Safeda,44579.71,Guntur
Guava,Allahabad Safeda,43876.08,Prakasam
Guava,Allahabad Safeda,33637.82,Nizamabad
Guava,Allahabad Safeda,32567.87,Khammam
Guava,Allahabad Safeda,46857.47,Palakkad
Guava,Allahabad Safeda,32998.62,Idukki
Guava,Lucknow 49,38087.71,Amritsar
Guava,Lucknow 49,38240.45,Ludhiana
Guava,Lucknow 49,27030.28,Karnal
Guava,Lucknow 49,29998.83,Kurukshetra
Guava,Lucknow 49,40942.03,Saharanpur
Guava,Lucknow 49,44820.33,Agra
Guava,Lucknow 49,32508.32,Varanasi
Guava,Lucknow 49,43954.41,Patna
Guava,Lucknow 49,42611.86,Muzaffarpur
Guava,Lucknow 49,30379.16,Nadia
Guava,Lucknow 49,37465.03,Burdwan
Guava,Lucknow 49,32059.1,Kamrup
Guava,Lucknow 49,29467.93,Cuttack
Guava,Lucknow 49,43384.46,Ganjam
Guava,Lucknow 49,44199.74,Raipur
Guava,Lucknow 49,30454.92,Bhopal
Guava,Lucknow 49,29096.48,Indore
Guava,Lucknow 49,37998.32,Ahmedabad
Guava,Lucknow 49,41750.49,Rajkot
Guava,Lucknow 49,33172.56,Surat
Guava,Lucknow 49,40052.54,Pune
Guava,Lucknow 49,37733.21,Nashik
Guava,Lucknow 49,27384.08,Nagpur
Guava,Lucknow 49,28600.37,Belagavi
Guava,Lucknow 49,29541.91,Mysuru
Guava,Lucknow 49,47357.8,Koppal
Guava,Lucknow 49,36137.9,Coimbatore
Guava,Lucknow 49,37220.73,Madurai
Guava,Lucknow 49,42409.68,Thanjavur
Guava,Lucknow 49,37028.08,Kurnool
Guava,Lucknow 49,45605.5,Guntur
Guava,Lucknow 49,42557.89,Prakasam
Guava,Lucknow 49,34565.3,Nizamabad
Guava,Lucknow 49,34701.24,Khammam
Guava,Lucknow 49,44954.59,Palakkad
Guava,Lucknow 49,34011.16,Idukki
Horse Gram,AK-21,9217.16,Amritsar
Horse Gram,AK-21,9978.84,Ludhiana
Horse Gram,AK-21,7207.23,Karnal
Horse Gram,AK-21,7286.36,Kurukshetra
Horse Gram,AK-21,10513.31,Saharanpur
Horse Gram,AK-21,11410.65,Agra
Horse Gram,AK-21,8111.81,Varanasi
Horse Gram,AK-21,11482.31,Patna
Horse Gram,AK-21,10416.12,Muzaffarpur
Horse Gram,AK-21,7989.05,Nadia
Horse Gram,AK-21,9415.0,Burdwan
Horse Gram,AK-21,8940.56,Kamrup
Horse Gram,AK-21,8068.65,Cuttack
Horse Gram,AK-21,11393.01,Ganjam
Horse Gram,AK-21,11488.47,Raipur
Horse Gram,AK-21,8202.33,Bhopal
Horse Gram,AK-21,6866.57,Indore
Horse Gram,AK-21,9471.46,Ahmedabad
Horse Gram,AK-21,10630.26,Rajkot
Horse Gram,AK-21,8052.95,Surat
Horse Gram,AK-21,10502.07,Pune
Horse Gram,AK-21,9783.69,Nashik
Horse Gram,AK-21,6777.34,Nagpur
Horse Gram,AK-21,7305.21,Belagavi
Horse Gram,AK-21,7998.77,Mysuru
Horse Gram,AK-21,11781.42,Koppal
Horse Gram,AK-21,9612.37,Coimbatore
Horse Gram,AK-21,9728.31,Madurai
Horse Gram,AK-21,10454.2,Thanjavur
Horse Gram,AK-21,9248.29,Kurnool
Horse Gram,AK-21,11978.5,Guntur
Horse Gram,AK-21,11520.42,Prakasam
Horse Gram,AK-21,8835.66,Nizamabad
Horse Gram,AK-21,8830.61,Khammam
Horse Gram,AK-21,11453.49,Palakkad
Horse Gram,AK-21,8486.35,Idukki
Horse Gram,Madhu,9907.51,Amritsar
Horse Gram,Madhu,10107.73,Ludhiana
Horse Gram,Madhu,6799.69,Karnal
Horse Gram,Madhu,7258.02,Kurukshetra
Horse Gram,Madhu,10524.77,Saharanpur
Horse Gram,Madhu,11111.55,Agra
Horse Gram,Madhu,8630.87,Varanasi
Horse Gram,Madhu,11830.56,Patna
Horse Gram,Madhu,10540.87,Muzaffarpur
Horse Gram,Madhu,7735.31,Nadia
Horse Gram,Madhu,9657.07,Burdwan
Horse Gram,Madhu,8650.41,Kamrup
Horse Gram,Madhu,8019.08,Cuttack
Horse Gram,Madhu,11228.24,Ganjam
Horse Gram,Madhu,11389.14,Raipur
Horse Gram,Madhu,7882.04,Bhopal
Horse Gram,Madhu,6816.51,Indore
Horse Gram,Madhu,9507.69,Ahmedabad
Horse Gram,Madhu,10326.96,Rajkot
Horse Gram,Madhu,8398.05,Surat
Horse Gram,Madhu,10320.61,Pune
Horse Gram,Madhu,9069.77,Nashik
Horse Gram,Madhu,6887.37,Nagpur
Horse Gram,Madhu,7737.81,Belagavi
Horse Gram,Madhu,7923.88,Mysuru
Horse Gram,Madhu,11474.91,Koppal
Horse Gram,Madhu,9312.3,Coimbatore
Horse Gram,Madhu,9767.11,Madurai
Horse Gram,Madhu,10566.61,Thanjavur
Horse Gram,Madhu,9522.57,Kurnool
Horse Gram,Madhu,12029.44,Guntur
Horse Gram,Madhu,10777.73,Prakasam
Horse Gram,Madhu,9089.12,Nizamabad
Horse Gram,Madhu,8453.45,Khammam
Horse Gram,Madhu,11766.12,Palakkad
Horse Gram,Madhu,8850.2,Idukki
Jackfruit,Singapore (Ceylon),33241.43,Amritsar
Jackfruit,Singapore (Ceylon),31467.71,Ludhiana
Jackfruit,Singapore (Ceylon),22780.66,Karnal
Jackfruit,Singapore (Ceylon),26498.86,Kurukshetra
Jackfruit,Singapore (Ceylon),35165.76,Saharanpur
Jackfruit,Singapore (Ceylon),37437.95,Agra
Jackfruit,Singapore (Ceylon),28756.58,Varanasi
Jackfruit,Singapore (Ceylon),38346.43,Patna
Jackfruit,Singapore (Ceylon),35289.07,Muzaffarpur
Jackfruit,Singapore (Ceylon),25940.77,Nadia
Jackfruit,Singapore (Ceylon),31980.12,Burdwan
Jackfruit,Singapore (Ceylon),29050.16,Kamrup
Jackfruit,Singapore (Ceylon),24803.47,Cuttack
Jackfruit,Singapore (Ceylon),35245.48,Ganjam
Jackfruit,Singapore (Ceylon),38493.98,Raipur
Jackfruit,Singapore (Ceylon),27896.86,Bhopal
Jackfruit,Singapore (Ceylon),25129.55,Indore
Jackfruit,Singapore (Ceylon),34497.78,Ahmedabad
Jackfruit,Singapore (Ceylon),34922.18,Rajkot
Jackfruit,Singapore (Ceylon),28001.95,Surat
Jackfruit,Singapore (Ceylon),36024.66,Pune
Jackfruit,Singapore (Ceylon),31815.03,Nashik
Jackfruit,Singapore (Ceylon),24162.56,Nagpur
Jackfruit,Singapore (Ceylon),24506.88,Belagavi
Jackfruit,Singapore (Ceylon),26907.87,Mysuru
Jackfruit,Singapore (Ceylon),38923.14,Koppal
Jackfruit,Singapore (Ceylon),31377.24,Coimbatore
Jackfruit,Singapore (Ceylon),34011.54,Madurai
Jackfruit,Singapore (Ceylon),37217.04,Thanjavur
Jackfruit,Singapore (Ceylon),32525.84,Kurnool
Jackfruit,Singapore (Ceylon),37338.67,Guntur
Jackfruit,Singapore (Ceylon),36157.18,Prakasam
Jackfruit,Singapore (Ceylon),28534.06,Nizamabad
Jackfruit,Singapore (Ceylon),27631.92,Khammam
Jackfruit,Singapore (Ceylon),41371.8,Palakkad
Jackfruit,Singapore (Ceylon),28783.88,Idukki
Jackfruit,Rudrakshi,32430.69,Amritsar
Jackfruit,Rudrakshi,33599.72,Ludhiana
Jackfruit,Rudrakshi,23672.4,Karnal
Jackfruit,Rudrakshi,26169.78,Kurukshetra
Jackfruit,Rudrakshi,35237.78,Saharanpur
Jackfruit,Rudrakshi,36068.66,Agra
Jackfruit,Rudrakshi,27809.55,Varanasi
Jackfruit,Rudrakshi,37338.61,Patna
Jackfruit,Rudrakshi,36959.98,Muzaffarpur
Jackfruit,Rudrakshi,25516.07,Nadia
Jackfruit,Rudrakshi,33850.06,Burdwan
Jackfruit,Rudrakshi,28614.03,Kamrup
Jackfruit,Rudrakshi,26832.04,Cuttack
Jackfruit,Rudrakshi,38641.18,Ganjam
Jackfruit,Rudrakshi,40166.01,Raipur
Jackfruit,Rudrakshi,26730.59,Bhopal
Jackfruit,Rudrakshi,23756.03,Indore
Jackfruit,Rudrakshi,33383.47,Ahmedabad
Jackfruit,Rudrakshi,36906.87,Rajkot
Jackfruit,Rudrakshi,28259.01,Surat
Jackfruit,Rudrakshi,35600.9,Pune
Jackfruit,Rudrakshi,32147.6,Nashik
Jackfruit,Rudrakshi,22899.38,Nagpur
Jackfruit,Rudrakshi,24038.84,Belagavi
Jackfruit,Rudrakshi,25031.32,Mysuru
Jackfruit,Rudrakshi,40762.81,Koppal
Jackfruit,Rudrakshi,32707.42,Coimbatore
Jackfruit,Rudrakshi,32535.98,Madurai
Jackfruit,Rudrakshi,34783.83,Thanjavur
Jackfruit,Rudrakshi,30852.6,Kurnool
Jackfruit,Rudrakshi,37662.59,Guntur
Jackfruit,Rudrakshi,38090.97,Prakasam
Jackfruit,Rudrakshi,29422.31,Nizamabad
Jackfruit,Rudrakshi,27625.83,Khammam
Jackfruit,Rudrakshi,41364.51,Palakkad
Jackfruit,Rudrakshi,28984.41,Idukki
Jowar,CSH-1,10053.69,Amritsar
Jowar,CSH-1,11188.41,Ludhiana
Jowar,CSH-1,7566.28,Karnal
Jowar,CSH-1,8092.78,Kurukshetra
Jowar,CSH-1,12057.02,Saharanpur
Jowar,CSH-1,12042.64,Agra
Jowar,CSH-1,8822.64,Varanasi
Jowar,CSH-1,12537.93,Patna
Jowar,CSH-1,12039.74,Muzaffarpur
Jowar,CSH-1,8760.17,Nadia
Jowar,CSH-1,11141.45,Burdwan
Jowar,CSH-1,9988.52,Kamrup
Jowar,CSH-1,8511.89,Cuttack
Jowar,CSH-1,12050.59,Ganjam
Jowar,CSH-1,12969.56,Raipur
Jowar,CSH-1,9024.32,Bhopal
Jowar,CSH-1,8149.78,Indore
Jowar,CSH-1,11055.36,Ahmedabad
Jowar,CSH-1,11309.33,Rajkot
Jowar,CSH-1,9471.43,Surat
Jowar,CSH-1,11764.4,Pune
Jowar,CSH-1,10980.38,Nashik
Jowar,CSH-1,7742.68,Nagpur
Jowar,CSH-1,8685.66,Belagavi
Jowar,CSH-1,8857.01,Mysuru
Jowar,CSH-1,13492.86,Koppal
Jowar,CSH-1,11072.78,Coimbatore
Jowar,CSH-1,11321.16,Madurai
Jowar,CSH-1,11803.87,Thanjavur
Jowar,CSH-1,10351.45,Kurnool
Jowar,CSH-1,13451.76,Guntur
Jowar,CSH-1,12502.73,Prakasam
Jowar,CSH-1,9398.15,Nizamabad
Jowar,CSH-1,10010.54,Khammam
Jowar,CSH-1,12564.06,Palakkad
Jowar,CSH-1,9666.65,Idukki
Jowar,CSH-9,10653.07,Amritsar
Jowar,CSH-9,11074.88,Ludhiana
Jowar,CSH-9,7942.45,Karnal
Jowar,CSH-9,8669.99,Kurukshetra
Jowar,CSH-9,11567.19,Saharanpur
Jowar,CSH-9,12667.13,Agra
Jowar,CSH-9,9677.83,Varanasi
Jowar,CSH-9,13384.1,Patna
Jowar,CSH-9,12280.89,Muzaffarpur
Jowar,CSH-9,8895.45,Nadia
Jowar,CSH-9,10241.79,Burdwan
Jowar,CSH-9,9757.3,Kamrup
Jowar,CSH-9,8247.75,Cuttack
Jowar,CSH-9,12342.03,Ganjam
Jowar,CSH-9,13867.39,Raipur
Jowar,CSH-9,8452.58,Bhopal
Jowar,CSH-9,7961.36,Indore
Jowar,CSH-9,11534.12,Ahmedabad
Jowar,CSH-9,11896.33,Rajkot
Jowar,CSH-9,9067.26,Surat
Jowar,CSH-9,12016.74,Pune
Jowar,CSH-9,10459.1,Nashik
Jowar,CSH-9,7369.39,Nagpur
Jowar,CSH-9,8633.7,Belagavi
Jowar,CSH-9,8719.06,Mysuru
Jowar,CSH-9,13269.96,Koppal
Jowar,CSH-9,10280.28,Coimbatore
Jowar,CSH-9,11070.19,Madurai
Jowar,CSH-9,11577.15,Thanjavur
Jowar,CSH-9,10583.26,Kurnool
Jowar,CSH-9,12384.36,Guntur
Jowar,CSH-9,11706.23,Prakasam
Jowar,CSH-9,9398.69,Nizamabad
Jowar,CSH-9,9933.35,Khammam
Jowar,CSH-9,13312.31,Palakkad
Jowar,CSH-9,9476.54,Idukki
Jute,JRO 524,26527.11,Amritsar
Jute,JRO 524,27335.46,Ludhiana
Jute,JRO 524,18957.46,Karnal
Jute,JRO 524,20621.87,Kurukshetra
Jute,JRO 524,28168.58,Saharanpur
Jute,JRO 524,31397.3,Agra
Jute,JRO 524,23342.82,Varanasi
Jute,JRO 524,33701.13,Patna
Jute,JRO 524,30729.43,Muzaffarpur
Jute,JRO 524,22731.39,Nadia
Jute,JRO 524,27379.76,Burdwan
Jute,JRO 524,23464.86,Kamrup
Jute,JRO 524,21103.83,Cuttack
Jute,JRO 524,32013.24,Ganjam
Jute,JRO 524,33387.51,Raipur
Jute,JRO 524,21721.91,Bhopal
Jute,JRO 524,19668.49,Indore
Jute,JRO 524,27488.55,Ahmedabad
Jute,JRO 524,28532.02,Rajkot
Jute,JRO 524,21998.18,Surat
Jute,JRO 524,28358.2,Pune
Jute,JRO 524,25442.41,Nashik
Jute,JRO 524,20276.6,Nagpur
Jute,JRO 524,19871.03,Belagavi
Jute,JRO 524,20645.44,Mysuru
Jute,JRO 524,33257.02,Koppal
Jute,JRO 524,26469.19,Coimbatore
Jute,JRO 524,28603.33,Madurai
Jute,JRO 524,29892.17,Thanjavur
Jute,JRO 524,26989.72,Kurnool
Jute,JRO 524,31807.82,Guntur
Jute,JRO 524,30398.68,Prakasam
Jute,JRO 524,23882.85,Nizamabad
Jute,JRO 524,24932.85,Khammam
Jute,JRO 524,34603.39,Palakkad
Jute,JRO 524,24710.2,Idukki
Jute,JRO 878,26007.53,Amritsar
Jute,JRO 878,28420.75,Ludhiana
Jute,JRO 878,18777.73,Karnal
Jute,JRO 878,21610.0,Kurukshetra
Jute,JRO 878,29894.69,Saharanpur
Jute,JRO 878,32339.08,Agra
Jute,JRO 878,24461.82,Varanasi
Jute,JRO 878,31833.44,Patna
Jute,JRO 878,29335.53,Muzaffarpur
Jute,JRO 878,20906.74,Nadia
Jute,JRO 878,27884.47,Burdwan
Jute,JRO 878,23524.39,Kamrup
Jute,JRO 878,21202.15,Cuttack
Jute,JRO 878,30228.12,Ganjam
Jute,JRO 878,34027.62,Raipur
Jute,JRO 878,22155.12,Bhopal
Jute,JRO 878,19633.25,Indore
Jute,JRO 878,26809.07,Ahmedabad
Jute,JRO 878,30948.6,Rajkot
Jute,JRO 878,21840.64,Surat
Jute,JRO 878,29773.55,Pune
Jute,JRO 878,25963.47,Nashik
Jute,JRO 878,18929.46,Nagpur
Jute,JRO 878,20489.38,Belagavi
Jute,JRO 878,20994.87,Mysuru
Jute,JRO 878,34980.53,Koppal
Jute,JRO 878,26922.8,Coimbatore
Jute,JRO 878,26447.76,Madurai
Jute,JRO 878,28712.01,Thanjavur
Jute,JRO 878,25820.21,Kurnool
Jute,JRO 878,33617.63,Guntur
Jute,JRO 878,31660.5,Prakasam
Jute,JRO 878,25892.81,Nizamabad
Jute,JRO 878,24299.4,Khammam
Jute,JRO 878,33909.7,Palakkad
Jute,JRO 878,23103.12,Idukki
Lemon,Kagzi,35468.15,Amritsar
Lemon,Kagzi,37708.74,Ludhiana
Lemon,Kagzi,26598.46,Karnal
Lemon,Kagzi,29676.41,Kurukshetra
Lemon,Kagzi,42332.54,Saharanpur
Lemon,Kagzi,42392.07,Agra
Lemon,Kagzi,33901.78,Varanasi
Lemon,Kagzi,43805.98,Patna
Lemon,Kagzi,42627.68,Muzaffarpur
Lemon,Kagzi,31841.54,Nadia
Lemon,Kagzi,39935.28,Burdwan
Lemon,Kagzi,32904.76,Kamrup
Lemon,Kagzi,28832.7,Cuttack
Lemon,Kagzi,43153.51,Ganjam
Lemon,Kagzi,48253.44,Raipur
Lemon,Kagzi,32722.13,Bhopal
Lemon,Kagzi,27947.39,Indore
Lemon,Kagzi,38412.78,Ahmedabad
Lemon,Kagzi,42439.53,Rajkot
Lemon,Kagzi,32964.97,Surat
Lemon,Kagzi,42479.97,Pune
Lemon,Kagzi,36097.56,Nashik
Lemon,Kagzi,28730.0,Nagpur
Lemon,Kagzi,29079.89,Belagavi
Lemon,Kagzi,31116.97,Mysuru
Lemon,Kagzi,45803.18,Koppal
Lemon,Kagzi,36345.97,Coimbatore
Lemon,Kagzi,38824.93,Madurai
Lemon,Kagzi,42592.47,Thanjavur
Lemon,Kagzi,37499.26,Kurnool
Lemon,Kagzi,47253.99,Guntur
Lemon,Kagzi,43792.7,Prakasam
Lemon,Kagzi,33595.88,Nizamabad
Lemon,Kagzi,34297.25,Khammam
Lemon,Kagzi,48138.31,Palakkad
Lemon,Kagzi,32270.62,Idukki
Lemon,Eureka,38311.2,Amritsar
Lemon,Eureka,39542.41,Ludhiana
Lemon,Eureka,27509.22,Karnal
Lemon,Eureka,30712.1,Kurukshetra
Lemon,Eureka,42464.13,Saharanpur
Lemon,Eureka,42525.2,Agra
Lemon,Eureka,33422.55,Varanasi
Lemon,Eureka,43816.05,Patna
Lemon,Eureka,40146.97,Muzaffarpur
Lemon,Eureka,31594.9,Nadia
Lemon,Eureka,37628.39,Burdwan
Lemon,Eureka,34167.49,Kamrup
Lemon,Eureka,30697.35,Cuttack
Lemon,Eureka,44949.3,Ganjam
Lemon,Eureka,46025.13,Raipur
Lemon,Eureka,30238.75,Bhopal
Lemon,Eureka,28644.31,Indore
Lemon,Eureka,39264.63,Ahmedabad
Lemon,Eureka,43766.32,Rajkot
Lemon,Eureka,30903.86,Surat
Lemon,Eureka,42049.0,Pune
Lemon,Eureka,35811.56,Nashik
Lemon,Eureka,26967.58,Nagpur
Lemon,Eureka,29163.16,Belagavi
Lemon,Eureka,29086.48,Mysuru
Lemon,Eureka,46939.04,Koppal
Lemon,Eureka,36720.92,Coimbatore
Lemon,Eureka,38959.66,Madurai
Lemon,Eureka,42522.78,Thanjavur
Lemon,Eureka,36641.8,Kurnool
Lemon,Eureka,47366.63,Guntur
Lemon,Eureka,42098.16,Prakasam
Lemon,Eureka,34161.08,Nizamabad
Lemon,Eureka,32239.04,Khammam
Lemon,Eureka,45066.74,Palakkad
Lemon,Eureka,34500.18,Idukki
Lentil,Pant L-406,12450.7,Amritsar
Lentil,Pant L-406,13692.78,Ludhiana
Lentil,Pant L-406,9108.6,Karnal
Lentil,Pant L-406,9828.97,Kurukshetra
Lentil,Pant L-406,13752.99,Saharanpur
Lentil,Pant L-406,15268.31,Agra
Lentil,Pant L-406,11252.38,Varanasi
Lentil,Pant L-406,15506.59,Patna
Lentil,Pant L-406,14069.58,Muzaffarpur
Lentil,Pant L-406,9941.91,Nadia
Lentil,Pant L-406,13346.85,Burdwan
Lentil,Pant L-406,11091.32,Kamrup
Lentil,Pant L-406,10670.57,Cuttack
Lentil,Pant L-406,14748.5,Ganjam
Lentil,Pant L-406,16591.87,Raipur
Lentil,Pant L-406,10282.42,Bhopal
Lentil,Pant L-406,9746.85,Indore
Lentil,Pant L-406,13609.09,Ahmedabad
Lentil,Pant L-406,14637.43,Rajkot
Lentil,Pant L-406,11512.76,Surat
Lentil,Pant L-406,14458.44,Pune
Lentil,Pant L-406,12317.95,Nashik
Lentil,Pant L-406,9123.96,Nagpur
Lentil,Pant L-406,9721.71,Belagavi
Lentil,Pant L-406,10479.84,Mysuru
Lentil,Pant L-406,16606.47,Koppal
Lentil,Pant L-406,13078.8,Coimbatore
Lentil,Pant L-406,12952.82,Madurai
Lentil,Pant L-406,14774.78,Thanjavur
Lentil,Pant L-406,12993.44,Kurnool
Lentil,Pant L-406,16342.65,Guntur
Lentil,Pant L-406,14382.17,Prakasam
Lentil,Pant L-406,11585.35,Nizamabad
Lentil,Pant L-406,11232.21,Khammam
Lentil,Pant L-406,15356.44,Palakkad
Lentil,Pant L-406,11001.24,Idukki
Lentil,DPL 15,13188.77,Amritsar
Lentil,DPL 15,13552.98,Ludhiana
Lentil,DPL 15,9025.44,Karnal
Lentil,DPL 15,10234.87,Kurukshetra
Lentil,DPL 15,13715.72,Saharanpur
Lentil,DPL 15,15565.66,Agra
Lentil,DPL 15,11217.48,Varanasi
Lentil,DPL 15,15563.97,Patna
Lentil,DPL 15,14038.3,Muzaffarpur
Lentil,DPL 15,10863.11,Nadia
Lentil,DPL 15,12628.1,Burdwan
Lentil,DPL 15,12064.9,Kamrup
Lentil,DPL 15,10088.47,Cuttack
Lentil,DPL 15,15207.4,Ganjam
Lentil,DPL 15,15399.43,Raipur
Lentil,DPL 15,11078.21,Bhopal
Lentil,DPL 15,9732.64,Indore
Lentil,DPL 15,13876.66,Ahmedabad
Lentil,DPL 15,14072.13,Rajkot
Lentil,DPL 15,10766.72,Surat
Lentil,DPL 15,14275.53,Pune
Lentil,DPL 15,12315.39,Nashik
Lentil,DPL 15,9813.94,Nagpur
Lentil,DPL 15,9657.27,Belagavi
Lentil,DPL 15,10751.94,Mysuru
Lentil,DPL 15,16594.42,Koppal
Lentil,DPL 15,12559.75,Coimbatore
Lentil,DPL 15,12712.13,Madurai
Lentil,DPL 15,13794.27,Thanjavur
Lentil,DPL 15,12553.18,Kurnool
Lentil,DPL 15,16128.42,Guntur
Lentil,DPL 15,14952.57,Prakasam
Lentil,DPL 15,12245.57,Nizamabad
Lentil,DPL 15,11677.88,Khammam
Lentil,DPL 15,15185.34,Palakkad
Lentil,DPL 15,11771.45,Idukki
Lettuce,Great Lakes,30328.72,Amritsar
Lettuce,Great Lakes,33107.96,Ludhiana
Lettuce,Great Lakes,22398.39,Karnal
Lettuce,Great Lakes,25837.43,Kurukshetra
Lettuce,Great Lakes,36669.61,Saharanpur
Lettuce,Great Lakes,39533.61,Agra
Lettuce,Great Lakes,27482.29,Varanasi
Lettuce,Great Lakes,40064.07,Patna
Lettuce,Great Lakes,36012.06,Muzaffarpur
Lettuce,Great Lakes,25562.59,Nadia
Lettuce,Great Lakes,31885.14,Burdwan
Lettuce,Great Lakes,28940.46,Kamrup
Lettuce,Great Lakes,26924.35,Cuttack
Lettuce,Great Lakes,38535.78,Ganjam
Lettuce,Great Lakes,38314.6,Raipur
Lettuce,Great Lakes,25489.34,Bhopal
Lettuce,Great Lakes,24347.24,Indore
Lettuce,Great Lakes,32466.99,Ahmedabad
Lettuce,Great Lakes,36509.46,Rajkot
Lettuce,Great Lakes,26800.16,Surat
Lettuce,Great Lakes,34644.24,Pune
Lettuce,Great Lakes,33271.88,Nashik
Lettuce,Great Lakes,22394.34,Nagpur
Lettuce,Great Lakes,25928.76,Belagavi
Lettuce,Great Lakes,26080.83,Mysuru
Lettuce,Great Lakes,42459.22,Koppal
Lettuce,Great Lakes,33559.79,Coimbatore
Lettuce,Great Lakes,34650.46,Madurai
Lettuce,Great Lakes,36230.95,Thanjavur
Lettuce,Great Lakes,32409.54,Kurnool
Lettuce,Great Lakes,40359.39,Guntur
Lettuce,Great Lakes,36104.01,Prakasam
Lettuce,Great Lakes,30417.91,Nizamabad
Lettuce,Great Lakes,29389.13,Khammam
Lettuce,Great Lakes,41337.01,Palakkad
Lettuce,Great Lakes,29136.37,Idukki
Lettuce,Iceberg,30467.82,Amritsar
Lettuce,Iceberg,32006.35,Ludhiana
Lettuce,Iceberg,22857.53,Karnal
Lettuce,Iceberg,26778.34,Kurukshetra
Lettuce,Iceberg,35707.42,Saharanpur
Lettuce,Iceberg,39307.96,Agra
Lettuce,Iceberg,28821.88,Varanasi
Lettuce,Iceberg,37064.08,Patna
Lettuce,Iceberg,34025.1,Muzaffarpur
Lettuce,Iceberg,24993.53,Nadia
Lettuce,Iceberg,31084.77,Burdwan
Lettuce,Iceberg,30193.34,Kamrup
Lettuce,Iceberg,25979.94,Cuttack
Lettuce,Iceberg,36561.62,Ganjam
Lettuce,Iceberg,38153.36,Raipur
Lettuce,Iceberg,26451.76,Bhopal
Lettuce,Iceberg,23352.36,Indore
Lettuce,Iceberg,34497.27,Ahmedabad
Lettuce,Iceberg,34865.13,Rajkot
Lettuce,Iceberg,28420.73,Surat
Lettuce,Iceberg,35572.18,Pune
Lettuce,Iceberg,32501.58,Nashik
Lettuce,Iceberg,22976.4,Nagpur
Lettuce,Iceberg,23927.31,Belagavi
Lettuce,Iceberg,24692.58,Mysuru
Lettuce,Iceberg,40880.41,Koppal
Lettuce,Iceberg,30946.86,Coimbatore
Lettuce,Iceberg,34447.89,Madurai
Lettuce,Iceberg,34908.34,Thanjavur
Lettuce,Iceberg,31496.57,Kurnool
Lettuce,Iceberg,38379.27,Guntur
Lettuce,Iceberg,37245.36,Prakasam
Lettuce,Iceberg,30875.43,Nizamabad
Lettuce,Iceberg,30205.8,Khammam
Lettuce,Iceberg,38158.52,Palakkad
Lettuce,Iceberg,27828.89,Idukki
Linseed,Garima,12995.51,Amritsar
Linseed,Garima,13243.36,Ludhiana
Linseed,Garima,9529.55,Karnal
Linseed,Garima,10418.6,Kurukshetra
Linseed,Garima,13543.08,Saharanpur
Linseed,Garima,14863.69,Agra
Linseed,Garima,10935.17,Varanasi
Linseed,Garima,15711.6,Patna
Linseed,Garima,13523.73,Muzaffarpur
Linseed,Garima,9810.27,Nadia
Linseed,Garima,12368.14,Burdwan
Linseed,Garima,11063.19,Kamrup
Linseed,Garima,10400.96,Cuttack
Linseed,Garima,14199.03,Ganjam
Linseed,Garima,15453.74,Raipur
Linseed,Garima,10241.08,Bhopal
Linseed,Garima,9065.15,Indore
Linseed,Garima,13322.34,Ahmedabad
Linseed,Garima,14755.6,Rajkot
Linseed,Garima,11006.05,Surat
Linseed,Garima,13424.11,Pune
Linseed,Garima,12947.54,Nashik
Linseed,Garima,9062.14,Nagpur
Linseed,Garima,9698.61,Belagavi
Linseed,Garima,10229.42,Mysuru
Linseed,Garima,15761.3,Koppal
Linseed,Garima,12042.33,Coimbatore
Linseed,Garima,12734.33,Madurai
Linseed,Garima,14804.25,Thanjavur
Linseed,Garima,13164.14,Kurnool
Linseed,Garima,14756.84,Guntur
Linseed,Garima,14096.61,Prakasam
Linseed,Garima,11863.4,Nizamabad
Linseed,Garima,11119.65,Khammam
Linseed,Garima,16289.92,Palakkad
Linseed,Garima,11268.4,Idukki
Linseed,Sharda,12816.57,Amritsar
Linseed,Sharda,12410.41,Ludhiana
Linseed,Sharda,8910.55,Karnal
Linseed,Sharda,10112.73,Kurukshetra
Linseed,Sharda,13509.17,Saharanpur
Linseed,Sharda,14588.57,Agra
Linseed,Sharda,10721.83,Varanasi
Linseed,Sharda,14856.69,Patna
Linseed,Sharda,13788.1,Muzaffarpur
Linseed,Sharda,10597.51,Nadia
Linseed,Sharda,12573.68,Burdwan
Linseed,Sharda,10947.41,Kamrup
Linseed,Sharda,9734.81,Cuttack
Linseed,Sharda,14402.67,Ganjam
Linseed,Sharda,16056.54,Raipur
Linseed,Sharda,10188.54,Bhopal
Linseed,Sharda,9620.42,Indore
Linseed,Sharda,13171.12,Ahmedabad
Linseed,Sharda,14317.36,Rajkot
Linseed,Sharda,11115.68,Surat
Linseed,Sharda,14020.65,Pune
Linseed,Sharda,12246.87,Nashik
Linseed,Sharda,9629.29,Nagpur
Linseed,Sharda,9558.15,Belagavi
Linseed,Sharda,10013.5,Mysuru
Linseed,Sharda,16814.69,Koppal
Linseed,Sharda,12315.69,Coimbatore
Linseed,Sharda,13096.14,Madurai
Linseed,Sharda,13798.76,Thanjavur
Linseed,Sharda,13182.34,Kurnool
Linseed,Sharda,15308.87,Guntur
Linseed,Sharda,14118.75,Prakasam
Linseed,Sharda,12196.2,Nizamabad
Linseed,Sharda,10962.24,Khammam
Linseed,Sharda,15986.77,Palakkad
Linseed,Sharda,11830.57,Idukki
Litchi,Shahi,41601.33,Amritsar
Litchi,Shahi,43599.11,Ludhiana
Litchi,Shahi,29068.41,Karnal
Litchi,Shahi,34763.2,Kurukshetra
Litchi,Shahi,44124.1,Saharanpur
Litchi,Shahi,51054.74,Agra
Litchi,Shahi,36588.39,Varanasi
Litchi,Shahi,48756.78,Patna
Litchi,Shahi,45946.16,Muzaffarpur
Litchi,Shahi,33068.96,Nadia
Litchi,Shahi,43703.58,Burdwan
Litchi,Shahi,37549.99,Kamrup
Litchi,Shahi,32543.71,Cuttack
Litchi,Shahi,50205.09,Ganjam
Litchi,Shahi,54188.26,Raipur
Litchi,Shahi,36318.82,Bhopal
Litchi,Shahi,31684.22,Indore
Litchi,Shahi,42426.88,Ahmedabad
Litchi,Shahi,45608.51,Rajkot
Litchi,Shahi,36266.44,Surat
Litchi,Shahi,45421.13,Pune
Litchi,Shahi,40063.86,Nashik
Litchi,Shahi,29673.62,Nagpur
Litchi,Shahi,32669.89,Belagavi
Litchi,Shahi,33493.6,Mysuru
Litchi,Shahi,52148.13,Koppal
Litchi,Shahi,43420.29,Coimbatore
Litchi,Shahi,42208.89,Madurai
Litchi,Shahi,47634.02,Thanjavur
Litchi,Shahi,43968.02,Kurnool
Litchi,Shahi,51451.29,Guntur
Litchi,Shahi,49153.11,Prakasam
Litchi,Shahi,40001.75,Nizamabad
Litchi,Shahi,36925.04,Khammam
Litchi,Shahi,51861.22,Palakkad
Litchi,Shahi,38308.88,Idukki
Litchi,China,40779.8,Amritsar
Litchi,China,44285.61,Ludhiana
Litchi,China,29185.73,Karnal
Litchi,China,33235.29,Kurukshetra
Litchi,China,44598.01,Saharanpur
Litchi,China,48859.34,Agra
Litchi,China,37096.99,Varanasi
Litchi,China,51687.49,Patna
Litchi,China,44703.83,Muzaffarpur
Litchi,China,35674.99,Nadia
Litchi,China,42786.4,Burdwan
Litchi,China,38127.11,Kamrup
Litchi,China,32444.29,Cuttack
Litchi,China,50225.46,Ganjam
Litchi,China,53505.93,Raipur
Litchi,China,36655.34,Bhopal
Litchi,China,31578.0,Indore
Litchi,China,43267.3,Ahmedabad
Litchi,China,48553.15,Rajkot
Litchi,China,34714.29,Surat
Litchi,China,48089.64,Pune
Litchi,China,41591.98,Nashik
Litchi,China,32418.68,Nagpur
Litchi,China,32055.75,Belagavi
Litchi,China,34170.71,Mysuru
Litchi,China,52712.92,Koppal
Litchi,China,41256.17,Coimbatore
Litchi,China,43598.36,Madurai
Litchi,China,46853.7,Thanjavur
Litchi,China,44700.93,Kurnool
Litchi,China,51204.88,Guntur
Litchi,China,47724.99,Prakasam
Litchi,China,38334.67,Nizamabad
Litchi,China,40018.35,Khammam
Litchi,China,50739.32,Palakkad
Litchi,China,39535.31,Idukki
Maize,Ganga 5,19802.37,Amritsar
Maize,Ganga 5,19871.28,Ludhiana
Maize,Ganga 5,14267.02,Karnal
Maize,Ganga 5,14738.75,Kurukshetra
Maize,Ganga 5,20274.08,Saharanpur
Maize,Ganga 5,21389.56,Agra
Maize,Ganga 5,17165.66,Varanasi
Maize,Ganga 5,22287.37,Patna
Maize,Ganga 5,21059.18,Muzaffarpur
Maize,Ganga 5,15214.01,Nadia
Maize,Ganga 5,20224.56,Burdwan
Maize,Ganga 5,16517.69,Kamrup
Maize,Ganga 5,15720.98,Cuttack
Maize,Ganga 5,22555.27,Ganjam
Maize,Ganga 5,22660.4,Raipur
Maize,Ganga 5,15757.84,Bhopal
Maize,Ganga 5,13653.17,Indore
Maize,Ganga 5,20796.94,Ahmedabad
Maize,Ganga 5,20303.4,Rajkot
Maize,Ganga 5,15873.33,Surat
Maize,Ganga 5,20076.83,Pune
Maize,Ganga 5,18816.94,Nashik
Maize,Ganga 5,14112.93,Nagpur
Maize,Ganga 5,15425.41,Belagavi
Maize,Ganga 5,15652.16,Mysuru
Maize,Ganga 5,23114.84,Koppal
Maize,Ganga 5,18826.42,Coimbatore
Maize,Ganga 5,19346.64,Madurai
Maize,Ganga 5,21638.47,Thanjavur
Maize,Ganga 5,19479.1,Kurnool
Maize,Ganga 5,22604.84,Guntur
Maize,Ganga 5,21370.71,Prakasam
Maize,Ganga 5,17368.47,Nizamabad
Maize,Ganga 5,16590.06,Khammam
Maize,Ganga 5,22527.27,Palakkad
Maize,Ganga 5,17467.64,Idukki
Maize,Deccan 103,19568.18,Amritsar
Maize,Deccan 103,18825.35,Ludhiana
Maize,Deccan 103,13562.95,Karnal
Maize,Deccan 103,15782.22,Kurukshetra
Maize,Deccan 103,20031.81,Saharanpur
Maize,Deccan 103,22393.53,Agra
Maize,Deccan 103,16797.46,Varanasi
Maize,Deccan 103,22775.92,Patna
Maize,Deccan 103,20576.43,Muzaffarpur
Maize,Deccan 103,15879.62,Nadia
Maize,Deccan 103,18599.88,Burdwan
Maize,Deccan 103,16631.49,Kamrup
Maize,Deccan 103,15257.13,Cuttack
Maize,Deccan 103,22128.39,Ganjam
Maize,Deccan 103,23130.48,Raipur
Maize,Deccan 103,16444.74,Bhopal
Maize,Deccan 103,14828.48,Indore
Maize,Deccan 103,20513.32,Ahmedabad
Maize,Deccan 103,21472.2,Rajkot
Maize,Deccan 103,16442.18,Surat
Maize,Deccan 103,20322.92,Pune
Maize,Deccan 103,19063.58,Nashik
Maize,Deccan 103,14220.23,Nagpur
Maize,Deccan 103,14340.97,Belagavi
Maize,Deccan 103,15195.89,Mysuru
Maize,Deccan 103,24939.96,Koppal
Maize,Deccan 103,18610.58,Coimbatore
Maize,Deccan 103,19409.42,Madurai
Maize,Deccan 103,21431.17,Thanjavur
Maize,Deccan 103,19075.27,Kurnool
Maize,Deccan 103,22392.6,Guntur
Maize,Deccan 103,21473.99,Prakasam
Maize,Deccan 103,18261.54,Nizamabad
Maize,Deccan 103,16860.28,Khammam
Maize,Deccan 103,24080.78,Palakkad
Maize,Deccan 103,16799.35,Idukki
Mango,Alphonso,47573.81,Amritsar
Mango,Alphonso,49387.72,Ludhiana
Mango,Alphonso,34202.81,Karnal
Mango,Alphonso,37834.44,Kurukshetra
Mango,Alphonso,53759.53,Saharanpur
Mango,Alphonso,56229.81,Agra
Mango,Alphonso,42888.84,Varanasi
Mango,Alphonso,55439.31,Patna
Mango,Alphonso,51871.4,Muzaffarpur
Mango,Alphonso,39421.97,Nadia
Mango,Alphonso,48197.1,Burdwan
Mango,Alphonso,40969.2,Kamrup
Mango,Alphonso,38265.68,Cuttack
Mango,Alphonso,54364.46,Ganjam
Mango,Alphonso,60842.04,Raipur
Mango,Alphonso,40063.98,Bhopal
Mango,Alphonso,35202.29,Indore
Mango,Alphonso,51481.9,Ahmedabad
Mango,Alphonso,53399.63,Rajkot
Mango,Alphonso,42979.93,Surat
Mango,Alphonso,53396.29,Pune
Mango,Alphonso,49139.59,Nashik
Mango,Alphonso,34503.09,Nagpur
Mango,Alphonso,36991.63,Belagavi
Mango,Alphonso,39746.81,Mysuru
Mango,Alphonso,61551.63,Koppal
Mango,Alphonso,45217.28,Coimbatore
Mango,Alphonso,46742.63,Madurai
Mango,Alphonso,55374.5,Thanjavur
Mango,Alphonso,50042.65,Kurnool
Mango,Alphonso,57052.79,Guntur
Mango,Alphonso,52976.5,Prakasam
Mango,Alphonso,45605.25,Nizamabad
Mango,Alphonso,44777.73,Khammam
Mango,Alphonso,60232.42,Palakkad
Mango,Alphonso,41271.5,Idukki
Mango,Dasheri,45650.78,Amritsar
Mango,Dasheri,48567.03,Ludhiana
Mango,Dasheri,35352.78,Karnal
Mango,Dasheri,36727.23,Kurukshetra
Mango,Dasheri,53486.45,Saharanpur
Mango,Dasheri,57310.78,Agra
Mango,Dasheri,41696.17,Varanasi
Mango,Dasheri,55231.18,Patna
Mango,Dasheri,54423.85,Muzaffarpur
Mango,Dasheri,37843.75,Nadia
Mango,Dasheri,46588.23,Burdwan
Mango,Dasheri,41327.11,Kamrup
Mango,Dasheri,38772.44,Cuttack
Mango,Dasheri,57263.22,Ganjam
Mango,Dasheri,61756.31,Raipur
Mango,Dasheri,41445.55,Bhopal
Mango,Dasheri,36453.33,Indore
Mango,Dasheri,49117.84,Ahmedabad
Mango,Dasheri,51740.53,Rajkot
Mango,Dasheri,39982.23,Surat
Mango,Dasheri,54305.6,Pune
Mango,Dasheri,47745.54,Nashik
Mango,Dasheri,33513.55,Nagpur
Mango,Dasheri,37932.72,Belagavi
Mango,Dasheri,39232.25,Mysuru
Mango,Dasheri,57812.94,Koppal
Mango,Dasheri,49929.16,Coimbatore
Mango,Dasheri,48681.37,Madurai
Mango,Dasheri,52843.51,Thanjavur
Mango,Dasheri,50472.39,Kurnool
Mango,Dasheri,56589.21,Guntur
Mango,Dasheri,53802.73,Prakasam
Mango,Dasheri,45351.45,Nizamabad
Mango,Dasheri,42441.44,Khammam
Mango,Dasheri,57686.97,Palakkad
Mango,Dasheri,40831.63,Idukki
Mango,Kesar,48184.47,Amritsar
Mango,Kesar,47489.0,Ludhiana
Mango,Kesar,33543.68,Karnal
Mango,Kesar,38000.91,Kurukshetra
Mango,Kesar,54105.79,Saharanpur
Mango,Kesar,53494.49,Agra
Mango,Kesar,41055.98,Varanasi
Mango,Kesar,58969.47,Patna
Mango,Kesar,50349.63,Muzaffarpur
Mango,Kesar,40132.31,Nadia
Mango,Kesar,47597.04,Burdwan
Mango,Kesar,44923.48,Kamrup
Mango,Kesar,37341.88,Cuttack
Mango,Kesar,55817.03,Ganjam
Mango,Kesar,61240.14,Raipur
Mango,Kesar,40065.45,Bhopal
Mango,Kesar,36406.63,Indore
Mango,Kesar,49594.32,Ahmedabad
Mango,Kesar,52684.0,Rajkot
Mango,Kesar,41111.96,Surat
Mango,Kesar,52993.72,Pune
Mango,Kesar,45212.54,Nashik
Mango,Kesar,33895.68,Nagpur
Mango,Kesar,38518.49,Belagavi
Mango,Kesar,36988.31,Mysuru
Mango,Kesar,57584.54,Koppal
Mango,Kesar,48703.96,Coimbatore
Mango,Kesar,49917.63,Madurai
Mango,Kesar,51656.5,Thanjavur
Mango,Kesar,48749.06,Kurnool
Mango,Kesar,59690.75,Guntur
Mango,Kesar,54699.11,Prakasam
Mango,Kesar,45239.77,Nizamabad
Mango,Kesar,41411.03,Khammam
Mango,Kesar,58457.32,Palakkad
Mango,Kesar,42778.15,Idukki
Mentha,Kosi,26715.02,Amritsar
Mentha,Kosi,26427.84,Ludhiana
Mentha,Kosi,19694.67,Karnal
Mentha,Kosi,21036.55,Kurukshetra
Mentha,Kosi,28713.3,Saharanpur
Mentha,Kosi,30369.9,Agra
Mentha,Kosi,23403.89,Varanasi
Mentha,Kosi,32310.71,Patna
Mentha,Kosi,30377.73,Muzaffarpur
Mentha,Kosi,21733.44,Nadia
Mentha,Kosi,26792.11,Burdwan
Mentha,Kosi,24191.7,Kamrup
Mentha,Kosi,20654.33,Cuttack
Mentha,Kosi,30835.33,Ganjam
Mentha,Kosi,31616.8,Raipur
Mentha,Kosi,22207.08,Bhopal
Mentha,Kosi,19345.61,Indore
Mentha,Kosi,28671.55,Ahmedabad
Mentha,Kosi,29233.17,Rajkot
Mentha,Kosi,23000.46,Surat
Mentha,Kosi,28568.39,Pune
Mentha,Kosi,26842.47,Nashik
Mentha,Kosi,20109.63,Nagpur
Mentha,Kosi,20504.44,Belagavi
Mentha,Kosi,21478.38,Mysuru
Mentha,Kosi,33155.52,Koppal
Mentha,Kosi,26453.25,Coimbatore
Mentha,Kosi,26844.83,Madurai
Mentha,Kosi,30861.35,Thanjavur
Mentha,Kosi,27047.53,Kurnool
Mentha,Kosi,32401.25,Guntur
Mentha,Kosi,31870.28,Prakasam
Mentha,Kosi,25227.29,Nizamabad
Mentha,Kosi,24520.11,Khammam
Mentha,Kosi,33240.08,Palakkad
Mentha,Kosi,24325.79,Idukki
Mentha,Himalaya,25915.77,Amritsar
Mentha,Himalaya,27822.5,Ludhiana
Mentha,Himalaya,18479.29,Karnal
Mentha,Himalaya,20687.69,Kurukshetra
Mentha,Himalaya,28110.9,Saharanpur
Mentha,Himalaya,30210.2,Agra
Mentha,Himalaya,22897.91,Varanasi
Mentha,Himalaya,31830.0,Patna
Mentha,Himalaya,30209.84,Muzaffarpur
Mentha,Himalaya,22314.57,Nadia
Mentha,Himalaya,26856.07,Burdwan
Mentha,Himalaya,23036.24,Kamrup
Mentha,Himalaya,20678.15,Cuttack
Mentha,Himalaya,30950.09,Ganjam
Mentha,Himalaya,32512.18,Raipur
Mentha,Himalaya,21127.64,Bhopal
Mentha,Himalaya,20666.36,Indore
Mentha,Himalaya,28264.6,Ahmedabad
Mentha,Himalaya,30567.58,Rajkot
Mentha,Himalaya,22634.67,Surat
Mentha,Himalaya,27602.21,Pune
Mentha,Himalaya,27257.21,Nashik
Mentha,Himalaya,19513.58,Nagpur
Mentha,Himalaya,19763.76,Belagavi
Mentha,Himalaya,21743.02,Mysuru
Mentha,Himalaya,33703.41,Koppal
Mentha,Himalaya,26382.73,Coimbatore
Mentha,Himalaya,27634.12,Madurai
Mentha,Himalaya,30005.07,Thanjavur
Mentha,Himalaya,25334.16,Kurnool
Mentha,Himalaya,31283.69,Guntur
Mentha,Himalaya,31919.39,Prakasam
Mentha,Himalaya,23757.83,Nizamabad
Mentha,Himalaya,22871.02,Khammam
Mentha,Himalaya,32870.54,Palakkad
Mentha,Himalaya,23660.24,Idukki
Moth Bean,RMO-40,10612.1,Amritsar
Moth Bean,RMO-40,10877.49,Ludhiana
Moth Bean,RMO-40,7920.69,Karnal
Moth Bean,RMO-40,8651.72,Kurukshetra
Moth Bean,RMO-40,12144.3,Saharanpur
Moth Bean,RMO-40,12611.59,Agra
Moth Bean,RMO-40,9466.21,Varanasi
Moth Bean,RMO-40,13380.02,Patna
Moth Bean,RMO-40,11627.27,Muzaffarpur
Moth Bean,RMO-40,9028.81,Nadia
Moth Bean,RMO-40,11140.94,Burdwan
Moth Bean,RMO-40,9824.15,Kamrup
Moth Bean,RMO-40,8381.41,Cuttack
Moth Bean,RMO-40,12273.38,Ganjam
Moth Bean,RMO-40,12689.45,Raipur
Moth Bean,RMO-40,9301.17,Bhopal
Moth Bean,RMO-40,8112.96,Indore
Moth Bean,RMO-40,10692.69,Ahmedabad
Moth Bean,RMO-40,12430.31,Rajkot
Moth Bean,RMO-40,9508.39,Surat
Moth Bean,RMO-40,11715.15,Pune
Moth Bean,RMO-40,10577.78,Nashik
Moth Bean,RMO-40,8062.58,Nagpur
Moth Bean,RMO-40,8372.3,Belagavi
Moth Bean,RMO-40,8757.79,Mysuru
Moth Bean,RMO-40,14019.18,Koppal
Moth Bean,RMO-40,10649.19,Coimbatore
Moth Bean,RMO-40,10445.1,Madurai
Moth Bean,RMO-40,11333.48,Thanjavur
Moth Bean,RMO-40,10636.39,Kurnool
Moth Bean,RMO-40,12891.44,Guntur
Moth Bean,RMO-40,12437.95,Prakasam
Moth Bean,RMO-40,9886.4,Nizamabad
Moth Bean,RMO-40,9580.3,Khammam
Moth Bean,RMO-40,12607.5,Palakkad
Moth Bean,RMO-40,9347.19,Idukki
Moth Bean,RMO-225,11017.76,Amritsar
Moth Bean,RMO-225,10511.0,Ludhiana
Moth Bean,RMO-225,7749.14,Karnal
Moth Bean,RMO-225,8350.71,Kurukshetra
Moth Bean,RMO-225,11649.67,Saharanpur
Moth Bean,RMO-225,12096.27,Agra
Moth Bean,RMO-225,9542.68,Varanasi
Moth Bean,RMO-225,12267.0,Patna
Moth Bean,RMO-225,12132.16,Muzaffarpur
Moth Bean,RMO-225,8899.14,Nadia
Moth Bean,RMO-225,11095.26,Burdwan
Moth Bean,RMO-225,9179.49,Kamrup
Moth Bean,RMO-225,8878.78,Cuttack
Moth Bean,RMO-225,11667.43,Ganjam
Moth Bean,RMO-225,13846.1,Raipur
Moth Bean,RMO-225,9149.74,Bhopal
Moth Bean,RMO-225,8004.47,Indore
Moth Bean,RMO-225,11512.81,Ahmedabad
Moth Bean,RMO-225,12348.45,Rajkot
Moth Bean,RMO-225,9321.34,Surat
Moth Bean,RMO-225,11441.64,Pune
Moth Bean,RMO-225,10242.09,Nashik
Moth Bean,RMO-225,7639.05,Nagpur
Moth Bean,RMO-225,8151.84,Belagavi
Moth Bean,RMO-225,8870.31,Mysuru
Moth Bean,RMO-225,13485.05,Koppal
Moth Bean,RMO-225,10496.55,Coimbatore
Moth Bean,RMO-225,11207.49,Madurai
Moth Bean,RMO-225,11800.19,Thanjavur
Moth Bean,RMO-225,10818.66,Kurnool
Moth Bean,RMO-225,13474.48,Guntur
Moth Bean,RMO-225,12369.96,Prakasam
Moth Bean,RMO-225,10093.31,Nizamabad
Moth Bean,RMO-225,9467.82,Khammam
Moth Bean,RMO-225,13681.66,Palakkad
Moth Bean,RMO-225,10004.57,Idukki
Mung Bean,PDM-11,12319.52,Amritsar
Mung Bean,PDM-11,13420.04,Ludhiana
Mung Bean,PDM-11,9398.81,Karnal
Mung Bean,PDM-11,10082.13,Kurukshetra
Mung Bean,PDM-11,14314.82,Saharanpur
Mung Bean,PDM-11,15108.15,Agra
Mung Bean,PDM-11,11425.66,Varanasi
Mung Bean,PDM-11,15548.41,Patna
Mung Bean,PDM-11,13581.87,Muzaffarpur
Mung Bean,PDM-11,10061.33,Nadia
Mung Bean,PDM-11,13015.19,Burdwan
Mung Bean,PDM-11,11055.27,Kamrup
Mung Bean,PDM-11,10569.09,Cuttack
Mung Bean,PDM-11,14283.5,Ganjam
Mung Bean,PDM-11,15822.52,Raipur
Mung Bean,PDM-11,10885.18,Bhopal
Mung Bean,PDM-11,9964.7,Indore
Mung Bean,PDM-11,12954.77,Ahmedabad
Mung Bean,PDM-11,13762.54,Rajkot
Mung Bean,PDM-11,10575.48,Surat
Mung Bean,PDM-11,14002.85,Pune
Mung Bean,PDM-11,12424.21,Nashik
Mung Bean,PDM-11,9709.54,Nagpur
Mung Bean,PDM-11,9953.68,Belagavi
Mung Bean,PDM-11,10079.35,Mysuru
Mung Bean,PDM-11,16438.82,Koppal
Mung Bean,PDM-11,12883.53,Coimbatore
Mung Bean,PDM-11,13421.79,Madurai
Mung Bean,PDM-11,14370.94,Thanjavur
Mung Bean,PDM-11,12930.19,Kurnool
Mung Bean,PDM-11,16141.75,Guntur
Mung Bean,PDM-11,15137.57,Prakasam
Mung Bean,PDM-11,11314.98,Nizamabad
Mung Bean,PDM-11,11957.22,Khammam
Mung Bean,PDM-11,15884.23,Palakkad
Mung Bean,PDM-11,11925.47,Idukki
Mung Bean,Samrat,12870.73,Amritsar
Mung Bean,Samrat,12567.36,Ludhiana
Mung Bean,Samrat,9070.0,Karnal
Mung Bean,Samrat,9764.62,Kurukshetra
Mung Bean,Samrat,14107.58,Saharanpur
Mung Bean,Samrat,15597.98,Agra
Mung Bean,Samrat,10832.69,Varanasi
Mung Bean,Samrat,14900.91,Patna
Mung Bean,Samrat,14126.99,Muzaffarpur
Mung Bean,Samrat,10735.6,Nadia
Mung Bean,Samrat,13521.19,Burdwan
Mung Bean,Samrat,12054.03,Kamrup
Mung Bean,Samrat,9846.11,Cuttack
Mung Bean,Samrat,15287.69,Ganjam
Mung Bean,Samrat,15552.16,Raipur
Mung Bean,Samrat,10510.4,Bhopal
Mung Bean,Samrat,9866.35,Indore
Mung Bean,Samrat,12806.6,Ahmedabad
Mung Bean,Samrat,14536.39,Rajkot
Mung Bean,Samrat,11122.66,Surat
Mung Bean,Samrat,14342.37,Pune
Mung Bean,Samrat,12494.76,Nashik
Mung Bean,Samrat,9383.84,Nagpur
Mung Bean,Samrat,10167.19,Belagavi
Mung Bean,Samrat,10756.59,Mysuru
Mung Bean,Samrat,16925.98,Koppal
Mung Bean,Samrat,12588.42,Coimbatore
Mung Bean,Samrat,12638.7,Madurai
Mung Bean,Samrat,14012.46,Thanjavur
Mung Bean,Samrat,13025.59,Kurnool
Mung Bean,Samrat,14888.54,Guntur
Mung Bean,Samrat,15464.58,Prakasam
Mung Bean,Samrat,12420.64,Nizamabad
Mung Bean,Samrat,11914.7,Khammam
Mung Bean,Samrat,15584.5,Palakkad
Mung Bean,Samrat,12032.19,Idukki
Muskmelon,Pusa Sharbati,31884.77,Amritsar
Muskmelon,Pusa Sharbati,34182.5,Ludhiana
Muskmelon,Pusa Sharbati,22337.78,Karnal
Muskmelon,Pusa Sharbati,26739.54,Kurukshetra
Muskmelon,Pusa Sharbati,35525.16,Saharanpur
Muskmelon,Pusa Sharbati,36974.92,Agra
Muskmelon,Pusa Sharbati,26798.27,Varanasi
Muskmelon,Pusa Sharbati,39860.98,Patna
Muskmelon,Pusa Sharbati,35945.14,Muzaffarpur
Muskmelon,Pusa Sharbati,25739.08,Nadia
Muskmelon,Pusa Sharbati,33898.64,Burdwan
Muskmelon,Pusa Sharbati,29287.52,Kamrup
Muskmelon,Pusa Sharbati,25410.58,Cuttack
Muskmelon,Pusa Sharbati,36030.73,Ganjam
Muskmelon,Pusa Sharbati,39668.78,Raipur
Muskmelon,Pusa Sharbati,26175.55,Bhopal
Muskmelon,Pusa Sharbati,23666.12,Indore
Muskmelon,Pusa Sharbati,34176.51,Ahmedabad
Muskmelon,Pusa Sharbati,37130.22,Rajkot
Muskmelon,Pusa Sharbati,28206.43,Surat
Muskmelon,Pusa Sharbati,36153.3,Pune
Muskmelon,Pusa Sharbati,32220.44,Nashik
Muskmelon,Pusa Sharbati,22682.86,Nagpur
Muskmelon,Pusa Sharbati,23889.84,Belagavi
Muskmelon,Pusa Sharbati,26414.31,Mysuru
Muskmelon,Pusa Sharbati,42334.86,Koppal
Muskmelon,Pusa Sharbati,32464.38,Coimbatore
Muskmelon,Pusa Sharbati,31881.19,Madurai
Muskmelon,Pusa Sharbati,37096.02,Thanjavur
Muskmelon,Pusa Sharbati,33809.17,Kurnool
Muskmelon,Pusa Sharbati,40464.49,Guntur
Muskmelon,Pusa Sharbati,38584.05,Prakasam
Muskmelon,Pusa Sharbati,30869.25,Nizamabad
Muskmelon,Pusa Sharbati,29284.18,Khammam
Muskmelon,Pusa Sharbati,37760.76,Palakkad
Muskmelon,Pusa Sharbati,29459.32,Idukki
Muskmelon,Hara Madhu,32753.15,Amritsar
Muskmelon,Hara Madhu,31671.28,Ludhiana
Muskmelon,Hara Madhu,22605.58,Karnal
Muskmelon,Hara Madhu,26531.89,Kurukshetra
Muskmelon,Hara Madhu,36229.37,Saharanpur
Muskmelon,Hara Madhu,37419.84,Agra
Muskmelon,Hara Madhu,27027.48,Varanasi
Muskmelon,Hara Madhu,39171.79,Patna
Muskmelon,Hara Madhu,35321.99,Muzaffarpur
Muskmelon,Hara Madhu,24609.71,Nadia
Muskmelon,Hara Madhu,31732.64,Burdwan
Muskmelon,Hara Madhu,28127.42,Kamrup
Muskmelon,Hara Madhu,24939.96,Cuttack
Muskmelon,Hara Madhu,36227.61,Ganjam
Muskmelon,Hara Madhu,40630.8,Raipur
Muskmelon,Hara Madhu,27687.08,Bhopal
Muskmelon,Hara Madhu,24849.44,Indore
Muskmelon,Hara Madhu,31672.81,Ahmedabad
Muskmelon,Hara Madhu,36093.26,Rajkot
Muskmelon,Hara Madhu,28057.02,Surat
Muskmelon,Hara Madhu,36459.07,Pune
Muskmelon,Hara Madhu,30908.15,Nashik
Muskmelon,Hara Madhu,22314.89,Nagpur
Muskmelon,Hara Madhu,24715.86,Belagavi
Muskmelon,Hara Madhu,25255.01,Mysuru
Muskmelon,Hara Madhu,39654.58,Koppal
Muskmelon,Hara Madhu,30366.61,Coimbatore
Muskmelon,Hara Madhu,33340.84,Madurai
Muskmelon,Hara Madhu,35748.62,Thanjavur
Muskmelon,Hara Madhu,32413.59,Kurnool
Muskmelon,Hara Madhu,40649.44,Guntur
Muskmelon,Hara Madhu,37022.99,Prakasam
Muskmelon,Hara Madhu,28575.83,Nizamabad
Muskmelon,Hara Madhu,29846.0,Khammam
Muskmelon,Hara Madhu,39755.19,Palakkad
Muskmelon,Hara Madhu,28250.91,Idukki
Mustard,Pusa Jaikisan,12706.3,Amritsar
Mustard,Pusa Jaikisan,13239.71,Ludhiana
Mustard,Pusa Jaikisan,9521.87,Karnal
Mustard,Pusa Jaikisan,9802.99,Kurukshetra
Mustard,Pusa Jaikisan,13130.19,Saharanpur
Mustard,Pusa Jaikisan,14078.05,Agra
Mustard,Pusa Jaikisan,10745.35,Varanasi
Mustard,Pusa Jaikisan,14479.55,Patna
Mustard,Pusa Jaikisan,13380.18,Muzaffarpur
Mustard,Pusa Jaikisan,9808.13,Nadia
Mustard,Pusa Jaikisan,12299.09,Burdwan
Mustard,Pusa Jaikisan,11055.61,Kamrup
Mustard,Pusa Jaikisan,10219.13,Cuttack
Mustard,Pusa Jaikisan,15057.11,Ganjam
Mustard,Pusa Jaikisan,15853.79,Raipur
Mustard,Pusa Jaikisan,10441.99,Bhopal
Mustard,Pusa Jaikisan,9016.76,Indore
Mustard,Pusa Jaikisan,13409.83,Ahmedabad
Mustard,Pusa Jaikisan,13811.54,Rajkot
Mustard,Pusa Jaikisan,11296.53,Surat
Mustard,Pusa Jaikisan,14358.64,Pune
Mustard,Pusa Jaikisan,11970.66,Nashik
Mustard,Pusa Jaikisan,9337.64,Nagpur
Mustard,Pusa Jaikisan,10207.93,Belagavi
Mustard,Pusa Jaikisan,10237.17,Mysuru
Mustard,Pusa Jaikisan,16112.76,Koppal
Mustard,Pusa Jaikisan,12500.43,Coimbatore
Mustard,Pusa Jaikisan,12867.67,Madurai
Mustard,Pusa Jaikisan,14720.52,Thanjavur
Mustard,Pusa Jaikisan,12117.25,Kurnool
Mustard,Pusa Jaikisan,14905.36,Guntur
Mustard,Pusa Jaikisan,15093.59,Prakasam
Mustard,Pusa Jaikisan,11950.07,Nizamabad
Mustard,Pusa Jaikisan,11152.6,Khammam
Mustard,Pusa Jaikisan,15044.71,Palakkad
Mustard,Pusa Jaikisan,10775.02,Idukki
Mustard,Kranti,12239.07,Amritsar
Mustard,Kranti,13015.62,Ludhiana
Mustard,Kranti,9448.78,Karnal
Mustard,Kranti,9885.04,Kurukshetra
Mustard,Kranti,13092.62,Saharanpur
Mustard,Kranti,14252.71,Agra
Mustard,Kranti,10732.32,Varanasi
Mustard,Kranti,14652.31,Patna
Mustard,Kranti,13928.39,Muzaffarpur
Mustard,Kranti,10437.5,Nadia
Mustard,Kranti,12339.02,Burdwan
Mustard,Kranti,11479.66,Kamrup
Mustard,Kranti,10109.81,Cuttack
Mustard,Kranti,15012.13,Ganjam
Mustard,Kranti,16419.94,Raipur
Mustard,Kranti,10888.58,Bhopal
Mustard,Kranti,9572.16,Indore
Mustard,Kranti,13083.25,Ahmedabad
Mustard,Kranti,13927.03,Rajkot
Mustard,Kranti,11225.42,Surat
Mustard,Kranti,13607.48,Pune
Mustard,Kranti,12511.25,Nashik
Mustard,Kranti,8960.74,Nagpur
Mustard,Kranti,10201.21,Belagavi
Mustard,Kranti,10014.77,Mysuru
Mustard,Kranti,15488.13,Koppal
Mustard,Kranti,12758.45,Coimbatore
Mustard,Kranti,12542.64,Madurai
Mustard,Kranti,13488.61,Thanjavur
Mustard,Kranti,12095.11,Kurnool
Mustard,Kranti,14903.6,Guntur
Mustard,Kranti,14491.91,Prakasam
Mustard,Kranti,11704.29,Nizamabad
Mustard,Kranti,11746.01,Khammam
Mustard,Kranti,15246.3,Palakkad
Mustard,Kranti,11717.6,Idukki
Niger,IGP-76,10538.54,Amritsar
Niger,IGP-76,10507.96,Ludhiana
Niger,IGP-76,7711.21,Karnal
Niger,IGP-76,8451.27,Kurukshetra
Niger,IGP-76,11569.67,Saharanpur
Niger,IGP-76,12443.63,Agra
Niger,IGP-76,8921.72,Varanasi
Niger,IGP-76,12797.86,Patna
Niger,IGP-76,11482.5,Muzaffarpur
Niger,IGP-76,8426.6,Nadia
Niger,IGP-76,10496.89,Burdwan
Niger,IGP-76,9309.6,Kamrup
Niger,IGP-76,8857.69,Cuttack
Niger,IGP-76,11526.47,Ganjam
Niger,IGP-76,13468.0,Raipur
Niger,IGP-76,8910.12,Bhopal
Niger,IGP-76,7605.95,Indore
Niger,IGP-76,10530.18,Ahmedabad
Niger,IGP-76,11949.45,Rajkot
Niger,IGP-76,8724.8,Surat
Niger,IGP-76,10974.65,Pune
Niger,IGP-76,10284.39,Nashik
Niger,IGP-76,7636.48,Nagpur
Niger,IGP-76,8129.66,Belagavi
Niger,IGP-76,8578.27,Mysuru
Niger,IGP-76,13759.01,Koppal
Niger,IGP-76,10406.7,Coimbatore
Niger,IGP-76,11010.91,Madurai
Niger,IGP-76,11328.27,Thanjavur
Niger,IGP-76,11174.83,Kurnool
Niger,IGP-76,12364.91,Guntur
Niger,IGP-76,12223.41,Prakasam
Niger,IGP-76,9762.4,Nizamabad
Niger,IGP-76,9371.24,Khammam
Niger,IGP-76,13341.14,Palakkad
Niger,IGP-76,9099.25,Idukki
Niger,JNC-6,10544.09,Amritsar
Niger,JNC-6,10867.02,Ludhiana
Niger,JNC-6,7250.31,Karnal
Niger,JNC-6,8543.55,Kurukshetra
Niger,JNC-6,11608.58,Saharanpur
Niger,JNC-6,12052.49,Agra
Niger,JNC-6,9671.51,Varanasi
Niger,JNC-6,12299.73,Patna
Niger,JNC-6,11361.32,Muzaffarpur
Niger,JNC-6,8894.36,Nadia
Niger,JNC-6,10578.43,Burdwan
Niger,JNC-6,9964.76,Kamrup
Niger,JNC-6,8392.48,Cuttack
Niger,JNC-6,12140.94,Ganjam
Niger,JNC-6,13750.69,Raipur
Niger,JNC-6,9121.27,Bhopal
Niger,JNC-6,8310.13,Indore
Niger,JNC-6,11558.84,Ahmedabad
Niger,JNC-6,11327.64,Rajkot
Niger,JNC-6,8930.71,Surat
Niger,JNC-6,11604.3,Pune
Niger,JNC-6,10752.36,Nashik
Niger,JNC-6,8114.08,Nagpur
Niger,JNC-6,8204.53,Belagavi
Niger,JNC-6,8638.71,Mysuru
Niger,JNC-6,13637.22,Koppal
Niger,JNC-6,10442.68,Coimbatore
Niger,JNC-6,11354.29,Madurai
Niger,JNC-6,11927.87,Thanjavur
Niger,JNC-6,10641.11,Kurnool
Niger,JNC-6,13062.63,Guntur
Niger,JNC-6,12740.63,Prakasam
Niger,JNC-6,9696.34,Nizamabad
Niger,JNC-6,9929.1,Khammam
Niger,JNC-6,13164.65,Palakkad
Niger,JNC-6,9335.19,Idukki
Okra,Pusa Sawani,27366.45,Amritsar
Okra,Pusa Sawani,28483.31,Ludhiana
Okra,Pusa Sawani,18665.4,Karnal
Okra,Pusa Sawani,22377.68,Kurukshetra
Okra,Pusa Sawani,28664.9,Saharanpur
Okra,Pusa Sawani,32314.49,Agra
Okra,Pusa Sawani,23627.6,Varanasi
Okra,Pusa Sawani,32787.15,Patna
Okra,Pusa Sawani,30122.38,Muzaffarpur
Okra,Pusa Sawani,21879.01,Nadia
Okra,Pusa Sawani,26247.28,Burdwan
Okra,Pusa Sawani,22949.7,Kamrup
Okra,Pusa Sawani,21003.81,Cuttack
Okra,Pusa Sawani,30999.68,Ganjam
Okra,Pusa Sawani,31775.7,Raipur
Okra,Pusa Sawani,23229.05,Bhopal
Okra,Pusa Sawani,19823.72,Indore
Okra,Pusa Sawani,28648.2,Ahmedabad
Okra,Pusa Sawani,30973.36,Rajkot
Okra,Pusa Sawani,22681.37,Surat
Okra,Pusa Sawani,30556.58,Pune
Okra,Pusa Sawani,26745.11,Nashik
Okra,Pusa Sawani,18988.45,Nagpur
Okra,Pusa Sawani,21177.72,Belagavi
Okra,Pusa Sawani,22720.74,Mysuru
Okra,Pusa Sawani,35079.53,Koppal
Okra,Pusa Sawani,26246.25,Coimbatore
Okra,Pusa Sawani,26256.03,Madurai
Okra,Pusa Sawani,30699.82,Thanjavur
Okra,Pusa Sawani,28255.88,Kurnool
Okra,Pusa Sawani,32304.08,Guntur
Okra,Pusa Sawani,31678.91,Prakasam
Okra,Pusa Sawani,25248.09,Nizamabad
Okra,Pusa Sawani,24741.78,Khammam
Okra,Pusa Sawani,31927.54,Palakkad
Okra,Pusa Sawani,24951.95,Idukki
Okra,Arka Anamika,25434.9,Amritsar
Okra,Arka Anamika,26976.82,Ludhiana
Okra,Arka Anamika,18548.49,Karnal
Okra,Arka Anamika,20993.48,Kurukshetra
Okra,Arka Anamika,30357.2,Saharanpur
Okra,Arka Anamika,31307.41,Agra
Okra,Arka Anamika,23216.0,Varanasi
Okra,Arka Anamika,33678.07,Patna
Okra,Arka Anamika,31011.92,Muzaffarpur
Okra,Arka Anamika,21874.56,Nadia
Okra,Arka Anamika,27377.59,Burdwan
Okra,Arka Anamika,23286.66,Kamrup
Okra,Arka Anamika,21458.44,Cuttack
Okra,Arka Anamika,29775.75,Ganjam
Okra,Arka Anamika,33042.81,Raipur
Okra,Arka Anamika,21780.4,Bhopal
Okra,Arka Anamika,19622.25,Indore
Okra,Arka Anamika,26808.12,Ahmedabad
Okra,Arka Anamika,29407.92,Rajkot
Okra,Arka Anamika,23763.49,Surat
Okra,Arka Anamika,29746.89,Pune
Okra,Arka Anamika,27325.59,Nashik
Okra,Arka Anamika,18957.17,Nagpur
Okra,Arka Anamika,21938.89,Belagavi
Okra,Arka Anamika,21769.81,Mysuru
Okra,Arka Anamika,32300.07,Koppal
Okra,Arka Anamika,27434.83,Coimbatore
Okra,Arka Anamika,26311.93,Madurai
Okra,Arka Anamika,28546.23,Thanjavur
Okra,Arka Anamika,26909.58,Kurnool
Okra,Arka Anamika,31120.61,Guntur
Okra,Arka Anamika,29571.02,Prakasam
Okra,Arka Anamika,24473.45,Nizamabad
Okra,Arka Anamika,24201.24,Khammam
Okra,Arka Anamika,34254.9,Palakkad
Okra,Arka Anamika,24213.84,Idukki
Onion,Agrifound Light Red,43589.4,Amritsar
Onion,Agrifound Light Red,45940.71,Ludhiana
Onion,Agrifound Light Red,31285.01,Karnal
Onion,Agrifound Light Red,33626.65,Kurukshetra
Onion,Agrifound Light Red,47923.06,Saharanpur
Onion,Agrifound Light Red,47959.44,Agra
Onion,Agrifound Light Red,38693.13,Varanasi
Onion,Agrifound Light Red,52545.77,Patna
Onion,Agrifound Light Red,47111.16,Muzaffarpur
Onion,Agrifound Light Red,35779.76,Nadia
Onion,Agrifound Light Red,44919.0,Burdwan
Onion,Agrifound Light Red,38587.67,Kamrup
Onion,Agrifound Light Red,34787.08,Cuttack
Onion,Agrifound Light Red,47974.87,Ganjam
Onion,Agrifound Light Red,52310.03,Raipur
Onion,Agrifound Light Red,34907.19,Bhopal
Onion,Agrifound Light Red,32077.88,Indore
Onion,Agrifound Light Red,46698.54,Ahmedabad
Onion,Agrifound Light Red,49484.41,Rajkot
Onion,Agrifound Light Red,37084.0,Surat
Onion,Agrifound Light Red,48917.32,Pune
Onion,Agrifound Light Red,41184.88,Nashik
Onion,Agrifound Light Red,31828.02,Nagpur
Onion,Agrifound Light Red,34619.23,Belagavi
Onion,Agrifound Light Red,35886.27,Mysuru
Onion,Agrifound Light Red,55268.08,Koppal
Onion,Agrifound Light Red,40730.65,Coimbatore
Onion,Agrifound Light Red,42395.82,Madurai
Onion,Agrifound Light Red,47026.47,Thanjavur
Onion,Agrifound Light Red,42749.75,Kurnool
Onion,Agrifound Light Red,54609.65,Guntur
Onion,Agrifound Light Red,49659.55,Prakasam
Onion,Agrifound Light Red,40049.1,Nizamabad
Onion,Agrifound Light Red,40162.57,Khammam
Onion,Agrifound Light Red,53880.72,Palakkad
Onion,Agrifound Light Red,39805.84,Idukki
Onion,Pusa Red,43026.33,Amritsar
Onion,Pusa Red,42685.28,Ludhiana
Onion,Pusa Red,29395.79,Karnal
Onion,Pusa Red,33154.77,Kurukshetra
Onion,Pusa Red,46094.81,Saharanpur
Onion,Pusa Red,51825.17,Agra
Onion,Pusa Red,36465.82,Varanasi
Onion,Pusa Red,53561.72,Patna
Onion,Pusa Red,45748.87,Muzaffarpur
Onion,Pusa Red,33847.28,Nadia
Onion,Pusa Red,45435.2,Burdwan
Onion,Pusa Red,40095.44,Kamrup
Onion,Pusa Red,33431.6,Cuttack
Onion,Pusa Red,49344.2,Ganjam
Onion,Pusa Red,54760.31,Raipur
Onion,Pusa Red,36550.12,Bhopal
Onion,Pusa Red,30851.97,Indore
Onion,Pusa Red,43023.92,Ahmedabad
Onion,Pusa Red,46849.99,Rajkot
Onion,Pusa Red,37749.28,Surat
Onion,Pusa Red,48154.66,Pune
Onion,Pusa Red,43567.86,Nashik
Onion,Pusa Red,30265.27,Nagpur
Onion,Pusa Red,34212.09,Belagavi
Onion,Pusa Red,35668.25,Mysuru
Onion,Pusa Red,53735.03,Koppal
Onion,Pusa Red,41976.81,Coimbatore
Onion,Pusa Red,42059.9,Madurai
Onion,Pusa Red,45899.26,Thanjavur
Onion,Pusa Red,43006.71,Kurnool
Onion,Pusa Red,51014.9,Guntur
Onion,Pusa Red,48228.47,Prakasam
Onion,Pusa Red,39312.31,Nizamabad
Onion,Pusa Red,39032.85,Khammam
Onion,Pusa Red,52569.6,Palakkad
Onion,Pusa Red,38083.83,Idukki
Orange,Nagpur Mandarin,46117.08,Amritsar
Orange,Nagpur Mandarin,49833.96,Ludhiana
Orange,Nagpur Mandarin,34270.64,Karnal
Orange,Nagpur Mandarin,37421.2,Kurukshetra
Orange,Nagpur Mandarin,49988.77,Saharanpur
Orange,Nagpur Mandarin,57143.24,Agra
Orange,Nagpur Mandarin,39765.21,Varanasi
Orange,Nagpur Mandarin,60472.3,Patna
Orange,Nagpur Mandarin,54496.61,Muzaffarpur
Orange,Nagpur Mandarin,38169.52,Nadia
Orange,Nagpur Mandarin,48783.9,Burdwan
Orange,Nagpur Mandarin,44260.71,Kamrup
Orange,Nagpur Mandarin,36716.91,Cuttack
Orange,Nagpur Mandarin,56026.35,Ganjam
Orange,Nagpur Mandarin,61591.96,Raipur
Orange,Nagpur Mandarin,38823.57,Bhopal
Orange,Nagpur Mandarin,35195.41,Indore
Orange,Nagpur Mandarin,52126.17,Ahmedabad
Orange,Nagpur Mandarin,52230.92,Rajkot
Orange,Nagpur Mandarin,41600.45,Surat
Orange,Nagpur Mandarin,53727.39,Pune
Orange,Nagpur Mandarin,49271.62,Nashik
Orange,Nagpur Mandarin,34828.93,Nagpur
Orange,Nagpur Mandarin,37644.89,Belagavi
Orange,Nagpur Mandarin,39009.55,Mysuru
Orange,Nagpur Mandarin,62802.92,Koppal
Orange,Nagpur Mandarin,45557.37,Coimbatore
Orange,Nagpur Mandarin,51451.42,Madurai
Orange,Nagpur Mandarin,55662.58,Thanjavur
Orange,Nagpur Mandarin,47027.82,Kurnool
Orange,Nagpur Mandarin,58311.24,Guntur
Orange,Nagpur Mandarin,56529.15,Prakasam
Orange,Nagpur Mandarin,43526.78,Nizamabad
Orange,Nagpur Mandarin,42141.01,Khammam
Orange,Nagpur Mandarin,59165.46,Palakkad
Orange,Nagpur Mandarin,44192.51,Idukki
Orange,Kinnow,46277.89,Amritsar
Orange,Kinnow,50043.08,Ludhiana
Orange,Kinnow,33505.06,Karnal
Orange,Kinnow,37972.49,Kurukshetra
Orange,Kinnow,51312.11,Saharanpur
Orange,Kinnow,56786.92,Agra
Orange,Kinnow,40580.17,Varanasi
Orange,Kinnow,59000.45,Patna
Orange,Kinnow,55132.31,Muzaffarpur
Orange,Kinnow,39773.24,Nadia
Orange,Kinnow,46954.63,Burdwan
Orange,Kinnow,41645.12,Kamrup
Orange,Kinnow,39802.25,Cuttack
Orange,Kinnow,53744.91,Ganjam
Orange,Kinnow,59078.6,Raipur
Orange,Kinnow,40052.25,Bhopal
Orange,Kinnow,34250.86,Indore
Orange,Kinnow,49375.84,Ahmedabad
Orange,Kinnow,54880.79,Rajkot
Orange,Kinnow,42269.73,Surat
Orange,Kinnow,53654.76,Pune
Orange,Kinnow,47839.2,Nashik
Orange,Kinnow,34437.29,Nagpur
Orange,Kinnow,35730.22,Belagavi
Orange,Kinnow,38401.22,Mysuru
Orange,Kinnow,61038.3,Koppal
Orange,Kinnow,46538.78,Coimbatore
Orange,Kinnow,46920.89,Madurai
Orange,Kinnow,53794.89,Thanjavur
Orange,Kinnow,48860.98,Kurnool
Orange,Kinnow,57568.52,Guntur
Orange,Kinnow,53163.02,Prakasam
Orange,Kinnow,44823.14,Nizamabad
Orange,Kinnow,45267.31,Khammam
Orange,Kinnow,59112.4,Palakkad
Orange,Kinnow,44320.18,Idukki
Paddy,IR8,30479.2,Amritsar
Paddy,IR8,29856.83,Ludhiana
Paddy,IR8,21540.0,Karnal
Paddy,IR8,23991.9,Kurukshetra
Paddy,IR8,34290.23,Saharanpur
Paddy,IR8,34007.86,Agra
Paddy,IR8,25205.16,Varanasi
Paddy,IR8,36384.28,Patna
Paddy,IR8,32426.48,Muzaffarpur
Paddy,IR8,25138.03,Nadia
Paddy,IR8,29799.18,Burdwan
Paddy,IR8,26667.91,Kamrup
Paddy,IR8,25243.49,Cuttack
Paddy,IR8,35094.61,Ganjam
Paddy,IR8,36589.64,Raipur
Paddy,IR8,24524.69,Bhopal
Paddy,IR8,21725.97,Indore
Paddy,IR8,29977.09,Ahmedabad
Paddy,IR8,34601.98,Rajkot
Paddy,IR8,26515.68,Surat
Paddy,IR8,33340.11,Pune
Paddy,IR8,29410.37,Nashik
Paddy,IR8,22725.83,Nagpur
Paddy,IR8,22380.3,Belagavi
Paddy,IR8,23623.04,Mysuru
Paddy,IR8,39480.12,Koppal
Paddy,IR8,30723.82,Coimbatore
Paddy,IR8,32390.87,Madurai
Paddy,IR8,32449.4,Thanjavur
Paddy,IR8,30801.85,Kurnool
Paddy,IR8,37249.55,Guntur
Paddy,IR8,35144.97,Prakasam
Paddy,IR8,27546.19,Nizamabad
Paddy,IR8,26670.78,Khammam
Paddy,IR8,36483.19,Palakkad
Paddy,IR8,26985.87,Idukki
Paddy,Basmati,28684.87,Amritsar
Paddy,Basmati,30231.04,Ludhiana
Paddy,Basmati,21906.84,Karnal
Paddy,Basmati,24158.8,Kurukshetra
Paddy,Basmati,31568.44,Saharanpur
Paddy,Basmati,36919.76,Agra
Paddy,Basmati,26146.41,Varanasi
Paddy,Basmati,37015.44,Patna
Paddy,Basmati,33779.65,Muzaffarpur
Paddy,Basmati,24057.62,Nadia
Paddy,Basmati,29217.84,Burdwan
Paddy,Basmati,26803.27,Kamrup
Paddy,Basmati,23830.69,Cuttack
Paddy,Basmati,33662.65,Ganjam
Paddy,Basmati,39176.66,Raipur
Paddy,Basmati,25522.02,Bhopal
Paddy,Basmati,23171.32,Indore
Paddy,Basmati,32375.35,Ahmedabad
Paddy,Basmati,33950.18,Rajkot
Paddy,Basmati,26556.81,Surat
Paddy,Basmati,33764.2,Pune
Paddy,Basmati,29036.86,Nashik
Paddy,Basmati,23003.45,Nagpur
Paddy,Basmati,22767.18,Belagavi
Paddy,Basmati,25141.04,Mysuru
Paddy,Basmati,36102.67,Koppal
Paddy,Basmati,28466.18,Coimbatore
Paddy,Basmati,29742.06,Madurai
Paddy,Basmati,32939.76,Thanjavur
Paddy,Basmati,30653.23,Kurnool
Paddy,Basmati,37126.89,Guntur
Paddy,Basmati,36178.47,Prakasam
Paddy,Basmati,27275.55,Nizamabad
Paddy,Basmati,26136.61,Khammam
Paddy,Basmati,36310.37,Palakkad
Paddy,Basmati,25631.14,Idukki
Paddy,Swarna,31287.38,Amritsar
Paddy,Swarna,29603.86,Ludhiana
Paddy,Swarna,22671.24,Karnal
Paddy,Swarna,24093.42,Kurukshetra
Paddy,Swarna,31713.74,Saharanpur
Paddy,Swarna,33821.56,Agra
Paddy,Swarna,25202.82,Varanasi
Paddy,Swarna,35080.69,Patna
Paddy,Swarna,32472.44,Muzaffarpur
Paddy,Swarna,25092.5,Nadia
Paddy,Swarna,30981.08,Burdwan
Paddy,Swarna,27858.33,Kamrup
Paddy,Swarna,25405.68,Cuttack
Paddy,Swarna,34657.76,Ganjam
Paddy,Swarna,38242.67,Raipur
Paddy,Swarna,24557.01,Bhopal
Paddy,Swarna,22188.71,Indore
Paddy,Swarna,31990.25,Ahmedabad
Paddy,Swarna,34332.72,Rajkot
Paddy,Swarna,26159.83,Surat
Paddy,Swarna,32262.96,Pune
Paddy,Swarna,28933.84,Nashik
Paddy,Swarna,22678.52,Nagpur
Paddy,Swarna,23847.77,Belagavi
Paddy,Swarna,24284.11,Mysuru
Paddy,Swarna,37424.48,Koppal
Paddy,Swarna,28514.29,Coimbatore
Paddy,Swarna,29758.21,Madurai
Paddy,Swarna,32503.79,Thanjavur
Paddy,Swarna,29973.13,Kurnool
Paddy,Swarna,35966.36,Guntur
Paddy,Swarna,36223.71,Prakasam
Paddy,Swarna,27983.1,Nizamabad
Paddy,Swarna,27005.65,Khammam
Paddy,Swarna,36626.74,Palakkad
Paddy,Swarna,27946.88,Idukki
Papaya,Taiwan 786,51258.58,Amritsar
Papaya,Taiwan 786,53196.21,Ludhiana
Papaya,Taiwan 786,36789.51,Karnal
Papaya,Taiwan 786,41158.96,Kurukshetra
Papaya,Taiwan 786,55760.36,Saharanpur
Papaya,Taiwan 786,62630.99,Agra
Papaya,Taiwan 786,46546.02,Varanasi
Papaya,Taiwan 786,66953.54,Patna
Papaya,Taiwan 786,56983.52,Muzaffarpur
Papaya,Taiwan 786,42690.33,Nadia
Papaya,Taiwan 786,53693.3,Burdwan
Papaya,Taiwan 786,47923.34,Kamrup
Papaya,Taiwan 786,44443.07,Cuttack
Papaya,Taiwan 786,63299.38,Ganjam
Papaya,Taiwan 786,68866.47,Raipur
Papaya,Taiwan 786,45305.01,Bhopal
Papaya,Taiwan 786,40663.79,Indore
Papaya,Taiwan 786,55190.22,Ahmedabad
Papaya,Taiwan 786,62039.17,Rajkot
Papaya,Taiwan 786,46218.65,Surat
Papaya,Taiwan 786,56809.72,Pune
Papaya,Taiwan 786,51525.0,Nashik
Papaya,Taiwan 786,39816.27,Nagpur
Papaya,Taiwan 786,41445.13,Belagavi
Papaya,Taiwan 786,41436.3,Mysuru
Papaya,Taiwan 786,65355.38,Koppal
Papaya,Taiwan 786,55067.58,Coimbatore
Papaya,Taiwan 786,55256.57,Madurai
Papaya,Taiwan 786,61374.78,Thanjavur
Papaya,Taiwan 786,51417.77,Kurnool
Papaya,Taiwan 786,66333.63,Guntur
Papaya,Taiwan 786,64398.63,Prakasam
Papaya,Taiwan 786,47379.26,Nizamabad
Papaya,Taiwan 786,48094.9,Khammam
Papaya,Taiwan 786,62893.76,Palakkad
Papaya,Taiwan 786,49227.12,Idukki
Papaya,Red Lady,50420.29,Amritsar
Papaya,Red Lady,54666.86,Ludhiana
Papaya,Red Lady,40044.69,Karnal
Papaya,Red Lady,42417.91,Kurukshetra
Papaya,Red Lady,60442.61,Saharanpur
Papaya,Red Lady,62617.03,Agra
Papaya,Red Lady,45657.85,Varanasi
Papaya,Red Lady,66854.37,Patna
Papaya,Red Lady,60950.76,Muzaffarpur
Papaya,Red Lady,42546.42,Nadia
Papaya,Red Lady,56533.16,Burdwan
Papaya,Red Lady,49717.54,Kamrup
Papaya,Red Lady,42426.4,Cuttack
Papaya,Red Lady,62121.3,Ganjam
Papaya,Red Lady,68907.14,Raipur
Papaya,Red Lady,42988.49,Bhopal
Papaya,Red Lady,39935.45,Indore
Papaya,Red Lady,54319.21,Ahmedabad
Papaya,Red Lady,61474.65,Rajkot
Papaya,Red Lady,45692.82,Surat
Papaya,Red Lady,59381.28,Pune
Papaya,Red Lady,53718.14,Nashik
Papaya,Red Lady,40142.8,Nagpur
Papaya,Red Lady,41849.36,Belagavi
Papaya,Red Lady,43320.69,Mysuru
Papaya,Red Lady,65224.95,Koppal
Papaya,Red Lady,51590.65,Coimbatore
Papaya,Red Lady,54345.24,Madurai
Papaya,Red Lady,61924.76,Thanjavur
Papaya,Red Lady,51790.78,Kurnool
Papaya,Red Lady,63000.29,Guntur
Papaya,Red Lady,63833.97,Prakasam
Papaya,Red Lady,51666.22,Nizamabad
Papaya,Red Lady,49424.75,Khammam
Papaya,Red Lady,63548.81,Palakkad
Papaya,Red Lady,47577.2,Idukki
Pea,Arkel,16008.02,Amritsar
Pea,Arkel,16283.19,Ludhiana
Pea,Arkel,10960.03,Karnal
Pea,Arkel,13335.41,Kurukshetra
Pea,Arkel,16670.28,Saharanpur
Pea,Arkel,18911.27,Agra
Pea,Arkel,13899.76,Varanasi
Pea,Arkel,18833.88,Patna
Pea,Arkel,17191.67,Muzaffarpur
Pea,Arkel,12841.67,Nadia
Pea,Arkel,15460.49,Burdwan
Pea,Arkel,14436.49,Kamrup
Pea,Arkel,12237.86,Cuttack
Pea,Arkel,18669.1,Ganjam
Pea,Arkel,19635.59,Raipur
Pea,Arkel,13891.11,Bhopal
Pea,Arkel,12445.09,Indore
Pea,Arkel,17098.09,Ahmedabad
Pea,Arkel,18521.13,Rajkot
Pea,Arkel,14104.55,Surat
Pea,Arkel,17530.46,Pune
Pea,Arkel,16182.76,Nashik
Pea,Arkel,11207.09,Nagpur
Pea,Arkel,12029.16,Belagavi
Pea,Arkel,12797.59,Mysuru
Pea,Arkel,20509.6,Koppal
Pea,Arkel,16069.64,Coimbatore
Pea,Arkel,15909.22,Madurai
Pea,Arkel,17111.37,Thanjavur
Pea,Arkel,16110.95,Kurnool
Pea,Arkel,19787.72,Guntur
Pea,Arkel,17980.41,Prakasam
Pea,Arkel,14466.17,Nizamabad
Pea,Arkel,14560.04,Khammam
Pea,Arkel,20036.66,Palakkad
Pea,Arkel,14545.93,Idukki
Pea,Bonneville,15337.21,Amritsar
Pea,Bonneville,16738.47,Ludhiana
Pea,Bonneville,11559.0,Karnal
Pea,Bonneville,12668.94,Kurukshetra
Pea,Bonneville,17268.48,Saharanpur
Pea,Bonneville,19124.41,Agra
Pea,Bonneville,14251.21,Varanasi
Pea,Bonneville,19890.27,Patna
Pea,Bonneville,17962.72,Muzaffarpur
Pea,Bonneville,13402.47,Nadia
Pea,Bonneville,15807.94,Burdwan
Pea,Bonneville,15000.42,Kamrup
Pea,Bonneville,13358.24,Cuttack
Pea,Bonneville,18933.4,Ganjam
Pea,Bonneville,20853.77,Raipur
Pea,Bonneville,13640.91,Bhopal
Pea,Bonneville,11657.12,Indore
Pea,Bonneville,16522.53,Ahmedabad
Pea,Bonneville,17874.69,Rajkot
Pea,Bonneville,13609.23,Surat
Pea,Bonneville,17734.28,Pune
Pea,Bonneville,16149.68,Nashik
Pea,Bonneville,11384.97,Nagpur
Pea,Bonneville,12264.39,Belagavi
Pea,Bonneville,13509.14,Mysuru
Pea,Bonneville,20215.7,Koppal
Pea,Bonneville,15811.33,Coimbatore
Pea,Bonneville,16346.81,Madurai
Pea,Bonneville,17024.73,Thanjavur
Pea,Bonneville,16003.34,Kurnool
Pea,Bonneville,19037.36,Guntur
Pea,Bonneville,18829.21,Prakasam
Pea,Bonneville,14961.17,Nizamabad
Pea,Bonneville,14597.18,Khammam
Pea,Bonneville,19853.06,Palakkad
Pea,Bonneville,14988.67,Idukki
Pearl Millet,Pusa-415,10057.94,Amritsar
Pearl Millet,Pusa-415,11380.34,Ludhiana
Pearl Millet,Pusa-415,7359.88,Karnal
Pearl Millet,Pusa-415,8884.24,Kurukshetra
Pearl Millet,Pusa-415,11012.48,Saharanpur
Pearl Millet,Pusa-415,13036.14,Agra
Pearl Millet,Pusa-415,8956.09,Varanasi
Pearl Millet,Pusa-415,13220.3,Patna
Pearl Millet,Pusa-415,11385.9,Muzaffarpur
Pearl Millet,Pusa-415,8918.31,Nadia
Pearl Millet,Pusa-415,10308.74,Burdwan
Pearl Millet,Pusa-415,9419.27,Kamrup
Pearl Millet,Pusa-415,8785.69,Cuttack
Pearl Millet,Pusa-415,11826.53,Ganjam
Pearl Millet,Pusa-415,12724.06,Raipur
Pearl Millet,Pusa-415,8616.06,Bhopal
Pearl Millet,Pusa-415,8239.48,Indore
Pearl Millet,Pusa-415,11645.71,Ahmedabad
Pearl Millet,Pusa-415,11748.4,Rajkot
Pearl Millet,Pusa-415,8988.81,Surat
Pearl Millet,Pusa-415,11571.87,Pune
Pearl Millet,Pusa-415,10777.0,Nashik
Pearl Millet,Pusa-415,7930.64,Nagpur
Pearl Millet,Pusa-415,8064.33,Belagavi
Pearl Millet,Pusa-415,8569.54,Mysuru
Pearl Millet,Pusa-415,13329.75,Koppal
Pearl Millet,Pusa-415,10929.55,Coimbatore
Pearl Millet,Pusa-415,11114.98,Madurai
Pearl Millet,Pusa-415,11289.72,Thanjavur
Pearl Millet,Pusa-415,10352.11,Kurnool
Pearl Millet,Pusa-415,13414.14,Guntur
Pearl Millet,Pusa-415,12006.64,Prakasam
Pearl Millet,Pusa-415,9803.98,Nizamabad
Pearl Millet,Pusa-415,9514.49,Khammam
Pearl Millet,Pusa-415,13107.79,Palakkad
Pearl Millet,Pusa-415,9595.94,Idukki
Pearl Millet,Raj-171,10570.35,Amritsar
Pearl Millet,Raj-171,11151.29,Ludhiana
Pearl Millet,Raj-171,7406.57,Karnal
Pearl Millet,Raj-171,8587.37,Kurukshetra
Pearl Millet,Raj-171,11384.2,Saharanpur
Pearl Millet,Raj-171,12270.92,Agra
Pearl Millet,Raj-171,8955.34,Varanasi
Pearl Millet,Raj-171,13135.11,Patna
Pearl Millet,Raj-171,11731.45,Muzaffarpur
Pearl Millet,Raj-171,8380.62,Nadia
Pearl Millet,Raj-171,10435.34,Burdwan
Pearl Millet,Raj-171,9687.16,Kamrup
Pearl Millet,Raj-171,8304.55,Cuttack
Pearl Millet,Raj-171,12698.05,Ganjam
Pearl Millet,Raj-171,13856.31,Raipur
Pearl Millet,Raj-171,8840.34,Bhopal
Pearl Millet,Raj-171,8221.04,Indore
Pearl Millet,Raj-171,11555.47,Ahmedabad
Pearl Millet,Raj-171,11842.1,Rajkot
Pearl Millet,Raj-171,9002.46,Surat
Pearl Millet,Raj-171,11576.42,Pune
Pearl Millet,Raj-171,10879.49,Nashik
Pearl Millet,Raj-171,7474.42,Nagpur
Pearl Millet,Raj-171,8051.61,Belagavi
Pearl Millet,Raj-171,8198.56,Mysuru
Pearl Millet,Raj-171,13914.13,Koppal
Pearl Millet,Raj-171,10551.61,Coimbatore
Pearl Millet,Raj-171,10554.6,Madurai
Pearl Millet,Raj-171,11895.92,Thanjavur
Pearl Millet,Raj-171,11016.35,Kurnool
Pearl Millet,Raj-171,12599.68,Guntur
Pearl Millet,Raj-171,12741.1,Prakasam
Pearl Millet,Raj-171,10093.38,Nizamabad
Pearl Millet,Raj-171,9279.65,Khammam
Pearl Millet,Raj-171,12901.69,Palakkad
Pearl Millet,Raj-171,9377.71,Idukki
Pigeon Pea,Bahar,14598.78,Amritsar
Pigeon Pea,Bahar,15206.7,Ludhiana
Pigeon Pea,Bahar,10469.3,Karnal
Pigeon Pea,Bahar,11481.46,Kurukshetra
Pigeon Pea,Bahar,16464.68,Saharanpur
Pigeon Pea,Bahar,17573.65,Agra
Pigeon Pea,Bahar,12565.92,Varanasi
Pigeon Pea,Bahar,17881.25,Patna
Pigeon Pea,Bahar,17248.4,Muzaffarpur
Pigeon Pea,Bahar,11791.63,Nadia
Pigeon Pea,Bahar,14780.18,Burdwan
Pigeon Pea,Bahar,12799.4,Kamrup
Pigeon Pea,Bahar,12307.42,Cuttack
Pigeon Pea,Bahar,17100.32,Ganjam
Pigeon Pea,Bahar,19006.66,Raipur
Pigeon Pea,Bahar,12751.83,Bhopal
Pigeon Pea,Bahar,11658.59,Indore
Pigeon Pea,Bahar,15590.09,Ahmedabad
Pigeon Pea,Bahar,16653.79,Rajkot
Pigeon Pea,Bahar,12261.32,Surat
Pigeon Pea,Bahar,16408.34,Pune
Pigeon Pea,Bahar,14935.07,Nashik
Pigeon Pea,Bahar,10616.6,Nagpur
Pigeon Pea,Bahar,11065.65,Belagavi
Pigeon Pea,Bahar,12551.07,Mysuru
Pigeon Pea,Bahar,18716.41,Koppal
Pigeon Pea,Bahar,14749.0,Coimbatore
Pigeon Pea,Bahar,14948.41,Madurai
Pigeon Pea,Bahar,16699.29,Thanjavur
Pigeon Pea,Bahar,15039.49,Kurnool
Pigeon Pea,Bahar,18672.82,Guntur
Pigeon Pea,Bahar,17178.19,Prakasam
Pigeon Pea,Bahar,14369.21,Nizamabad
Pigeon Pea,Bahar,12856.23,Khammam
Pigeon Pea,Bahar,17940.22,Palakkad
Pigeon Pea,Bahar,12843.08,Idukki
Pigeon Pea,Pusa 9,15326.24,Amritsar
Pigeon Pea,Pusa 9,15605.76,Ludhiana
Pigeon Pea,Pusa 9,10977.63,Karnal
Pigeon Pea,Pusa 9,11495.64,Kurukshetra
Pigeon Pea,Pusa 9,16214.46,Saharanpur
Pigeon Pea,Pusa 9,18232.04,Agra
Pigeon Pea,Pusa 9,13022.18,Varanasi
Pigeon Pea,Pusa 9,17730.56,Patna
Pigeon Pea,Pusa 9,15914.08,Muzaffarpur
Pigeon Pea,Pusa 9,12339.93,Nadia
Pigeon Pea,Pusa 9,15760.33,Burdwan
Pigeon Pea,Pusa 9,14003.5,Kamrup
Pigeon Pea,Pusa 9,12004.29,Cuttack
Pigeon Pea,Pusa 9,17279.36,Ganjam
Pigeon Pea,Pusa 9,19284.25,Raipur
Pigeon Pea,Pusa 9,11833.05,Bhopal
Pigeon Pea,Pusa 9,10647.41,Indore
Pigeon Pea,Pusa 9,16001.59,Ahmedabad
Pigeon Pea,Pusa 9,16993.8,Rajkot
Pigeon Pea,Pusa 9,12914.86,Surat
Pigeon Pea,Pusa 9,16328.71,Pune
Pigeon Pea,Pusa 9,14593.07,Nashik
Pigeon Pea,Pusa 9,10909.04,Nagpur
Pigeon Pea,Pusa 9,11558.37,Belagavi
Pigeon Pea,Pusa 9,11536.56,Mysuru
Pigeon Pea,Pusa 9,19000.32,Koppal
Pigeon Pea,Pusa 9,15515.74,Coimbatore
Pigeon Pea,Pusa 9,14803.62,Madurai
Pigeon Pea,Pusa 9,16913.34,Thanjavur
Pigeon Pea,Pusa 9,15076.58,Kurnool
Pigeon Pea,Pusa 9,17252.28,Guntur
Pigeon Pea,Pusa 9,18035.6,Prakasam
Pigeon Pea,Pusa 9,14000.34,Nizamabad
Pigeon Pea,Pusa 9,13516.0,Khammam
Pigeon Pea,Pusa 9,18093.97,Palakkad
Pigeon Pea,Pusa 9,13733.91,Idukki
Pineapple,Kew,48912.9,Amritsar
Pineapple,Kew,49862.14,Ludhiana
Pineapple,Kew,35264.54,Karnal
Pineapple,Kew,38390.17,Kurukshetra
Pineapple,Kew,50148.96,Saharanpur
Pineapple,Kew,57776.46,Agra
Pineapple,Kew,43895.95,Varanasi
Pineapple,Kew,57435.93,Patna
Pineapple,Kew,51675.01,Muzaffarpur
Pineapple,Kew,40045.9,Nadia
Pineapple,Kew,49204.77,Burdwan
Pineapple,Kew,42195.59,Kamrup
Pineapple,Kew,37524.98,Cuttack
Pineapple,Kew,52585.26,Ganjam
Pineapple,Kew,58305.22,Raipur
Pineapple,Kew,39267.44,Bhopal
Pineapple,Kew,37549.28,Indore
Pineapple,Kew,51262.67,Ahmedabad
Pineapple,Kew,53011.33,Rajkot
Pineapple,Kew,40117.47,Surat
Pineapple,Kew,54068.56,Pune
Pineapple,Kew,48303.95,Nashik
Pineapple,Kew,34368.13,Nagpur
Pineapple,Kew,36903.58,Belagavi
Pineapple,Kew,39671.34,Mysuru
Pineapple,Kew,63419.88,Koppal
Pineapple,Kew,46285.74,Coimbatore
Pineapple,Kew,48838.04,Madurai
Pineapple,Kew,53988.6,Thanjavur
Pineapple,Kew,49670.32,Kurnool
Pineapple,Kew,58857.51,Guntur
Pineapple,Kew,57211.43,Prakasam
Pineapple,Kew,45386.33,Nizamabad
Pineapple,Kew,43717.66,Khammam
Pineapple,Kew,57121.94,Palakkad
Pineapple,Kew,42226.85,Idukki
Pineapple,Queen,47731.58,Amritsar
Pineapple,Queen,50955.31,Ludhiana
Pineapple,Queen,34903.74,Karnal
Pineapple,Queen,37519.6,Kurukshetra
Pineapple,Queen,52264.04,Saharanpur
Pineapple,Queen,54272.95,Agra
Pineapple,Queen,43395.23,Varanasi
Pineapple,Queen,56770.84,Patna
Pineapple,Queen,54423.14,Muzaffarpur
Pineapple,Queen,40311.37,Nadia
Pineapple,Queen,49143.34,Burdwan
Pineapple,Queen,43887.66,Kamrup
Pineapple,Queen,37213.55,Cuttack
Pineapple,Queen,54391.65,Ganjam
Pineapple,Queen,59931.27,Raipur
Pineapple,Queen,41935.79,Bhopal
Pineapple,Queen,35498.07,Indore
Pineapple,Queen,48933.4,Ahmedabad
Pineapple,Queen,55416.93,Rajkot
Pineapple,Queen,43268.17,Surat
Pineapple,Queen,50144.15,Pune
Pineapple,Queen,48844.85,Nashik
Pineapple,Queen,33760.31,Nagpur
Pineapple,Queen,36507.68,Belagavi
Pineapple,Queen,40761.21,Mysuru
Pineapple,Queen,61128.9,Koppal
Pineapple,Queen,49256.71,Coimbatore
Pineapple,Queen,47984.22,Madurai
Pineapple,Queen,55197.55,Thanjavur
Pineapple,Queen,49556.45,Kurnool
Pineapple,Queen,58346.54,Guntur
Pineapple,Queen,55193.96,Prakasam
Pineapple,Queen,46568.5,Nizamabad
Pineapple,Queen,41652.1,Khammam
Pineapple,Queen,61068.93,Palakkad
Pineapple,Queen,43492.82,Idukki
Pomegranate,Bhagawa,59857.91,Amritsar
Pomegranate,Bhagawa,59223.17,Ludhiana
Pomegranate,Bhagawa,41742.38,Karnal
Pomegranate,Bhagawa,46888.63,Kurukshetra
Pomegranate,Bhagawa,61161.74,Saharanpur
Pomegranate,Bhagawa,65663.68,Agra
Pomegranate,Bhagawa,53991.95,Varanasi
Pomegranate,Bhagawa,70468.8,Patna
Pomegranate,Bhagawa,66072.23,Muzaffarpur
Pomegranate,Bhagawa,49810.9,Nadia
Pomegranate,Bhagawa,57688.56,Burdwan
Pomegranate,Bhagawa,51180.42,Kamrup
Pomegranate,Bhagawa,46496.8,Cuttack
Pomegranate,Bhagawa,68414.34,Ganjam
Pomegranate,Bhagawa,73142.5,Raipur
Pomegranate,Bhagawa,48457.24,Bhopal
Pomegranate,Bhagawa,45892.45,Indore
Pomegranate,Bhagawa,59742.47,Ahmedabad
Pomegranate,Bhagawa,68007.31,Rajkot
Pomegranate,Bhagawa,52365.74,Surat
Pomegranate,Bhagawa,66691.89,Pune
Pomegranate,Bhagawa,56618.7,Nashik
Pomegranate,Bhagawa,44352.25,Nagpur
Pomegranate,Bhagawa,44857.47,Belagavi
Pomegranate,Bhagawa,48042.21,Mysuru
Pomegranate,Bhagawa,72427.1,Koppal
Pomegranate,Bhagawa,61401.29,Coimbatore
Pomegranate,Bhagawa,57953.79,Madurai
Pomegranate,Bhagawa,67873.18,Thanjavur
Pomegranate,Bhagawa,58287.89,Kurnool
Pomegranate,Bhagawa,69387.87,Guntur
Pomegranate,Bhagawa,66628.3,Prakasam
Pomegranate,Bhagawa,52361.89,Nizamabad
Pomegranate,Bhagawa,53495.78,Khammam
Pomegranate,Bhagawa,69306.71,Palakkad
Pomegranate,Bhagawa,54611.26,Idukki
Pomegranate,Ganesh,60063.72,Amritsar
Pomegranate,Ganesh,61341.14,Ludhiana
Pomegranate,Ganesh,43186.58,Karnal
Pomegranate,Ganesh,46745.98,Kurukshetra
Pomegranate,Ganesh,66977.31,Saharanpur
Pomegranate,Ganesh,72186.48,Agra
Pomegranate,Ganesh,51020.56,Varanasi
Pomegranate,Ganesh,69630.68,Patna
Pomegranate,Ganesh,64612.89,Muzaffarpur
Pomegranate,Ganesh,47691.06,Nadia
Pomegranate,Ganesh,59077.12,Burdwan
Pomegranate,Ganesh,51449.47,Kamrup
Pomegranate,Ganesh,49081.43,Cuttack
Pomegranate,Ganesh,68147.0,Ganjam
Pomegranate,Ganesh,70951.85,Raipur
Pomegranate,Ganesh,47303.45,Bhopal
Pomegranate,Ganesh,42938.93,Indore
Pomegranate,Ganesh,62018.23,Ahmedabad
Pomegranate,Ganesh,68372.86,Rajkot
Pomegranate,Ganesh,48144.8,Surat
Pomegranate,Ganesh,66186.14,Pune
Pomegranate,Ganesh,56923.57,Nashik
Pomegranate,Ganesh,44296.27,Nagpur
Pomegranate,Ganesh,47748.25,Belagavi
Pomegranate,Ganesh,48156.94,Mysuru
Pomegranate,Ganesh,74209.59,Koppal
Pomegranate,Ganesh,57431.1,Coimbatore
Pomegranate,Ganesh,59658.37,Madurai
Pomegranate,Ganesh,68657.47,Thanjavur
Pomegranate,Ganesh,61334.1,Kurnool
Pomegranate,Ganesh,74765.74,Guntur
Pomegranate,Ganesh,66309.92,Prakasam
Pomegranate,Ganesh,53065.88,Nizamabad
Pomegranate,Ganesh,53632.85,Khammam
Pomegranate,Ganesh,75711.45,Palakkad
Pomegranate,Ganesh,50974.67,Idukki
Potato,Kufri Jyoti,49380.91,Amritsar
Potato,Kufri Jyoti,47070.41,Ludhiana
Potato,Kufri Jyoti,33022.83,Karnal
Potato,Kufri Jyoti,38400.83,Kurukshetra
Potato,Kufri Jyoti,54050.92,Saharanpur
Potato,Kufri Jyoti,56165.5,Agra
Potato,Kufri Jyoti,39860.64,Varanasi
Potato,Kufri Jyoti,59732.85,Patna
Potato,Kufri Jyoti,55082.29,Muzaffarpur
Potato,Kufri Jyoti,37763.37,Nadia
Potato,Kufri Jyoti,48931.03,Burdwan
Potato,Kufri Jyoti,42095.97,Kamrup
Potato,Kufri Jyoti,40082.19,Cuttack
Potato,Kufri Jyoti,55743.65,Ganjam
Potato,Kufri Jyoti,59543.94,Raipur
Potato,Kufri Jyoti,40092.98,Bhopal
Potato,Kufri Jyoti,35649.99,Indore
Potato,Kufri Jyoti,50641.31,Ahmedabad
Potato,Kufri Jyoti,54836.84,Rajkot
Potato,Kufri Jyoti,39204.54,Surat
Potato,Kufri Jyoti,53272.27,Pune
Potato,Kufri Jyoti,47795.69,Nashik
Potato,Kufri Jyoti,36291.4,Nagpur
Potato,Kufri Jyoti,35442.88,Belagavi
Potato,Kufri Jyoti,37996.84,Mysuru
Potato,Kufri Jyoti,57974.11,Koppal
Potato,Kufri Jyoti,48778.79,Coimbatore
Potato,Kufri Jyoti,47404.7,Madurai
Potato,Kufri Jyoti,51065.69,Thanjavur
Potato,Kufri Jyoti,48380.77,Kurnool
Potato,Kufri Jyoti,55872.19,Guntur
Potato,Kufri Jyoti,53254.3,Prakasam
Potato,Kufri Jyoti,45429.76,Nizamabad
Potato,Kufri Jyoti,44091.5,Khammam
Potato,Kufri Jyoti,56346.79,Palakkad
Potato,Kufri Jyoti,44106.92,Idukki
Potato,Kufri Chandramukhi,45282.87,Amritsar
Potato,Kufri Chandramukhi,46899.25,Ludhiana
Potato,Kufri Chandramukhi,33789.47,Karnal
Potato,Kufri Chandramukhi,36911.12,Kurukshetra
Potato,Kufri Chandramukhi,52740.33,Saharanpur
Potato,Kufri Chandramukhi,54429.15,Agra
Potato,Kufri Chandramukhi,41405.47,Varanasi
Potato,Kufri Chandramukhi,58082.88,Patna
Potato,Kufri Chandramukhi,51212.6,Muzaffarpur
Potato,Kufri Chandramukhi,36730.13,Nadia
Potato,Kufri Chandramukhi,50657.88,Burdwan
Potato,Kufri Chandramukhi,42479.83,Kamrup
Potato,Kufri Chandramukhi,38730.45,Cuttack
Potato,Kufri Chandramukhi,51869.85,Ganjam
Potato,Kufri Chandramukhi,56837.49,Raipur
Potato,Kufri Chandramukhi,41215.92,Bhopal
Potato,Kufri Chandramukhi,36189.51,Indore
Potato,Kufri Chandramukhi,48934.92,Ahmedabad
Potato,Kufri Chandramukhi,54665.04,Rajkot
Potato,Kufri Chandramukhi,39912.01,Surat
Potato,Kufri Chandramukhi,50376.51,Pune
Potato,Kufri Chandramukhi,48537.11,Nashik
Potato,Kufri Chandramukhi,35003.96,Nagpur
Potato,Kufri Chandramukhi,37942.03,Belagavi
Potato,Kufri Chandramukhi,37401.91,Mysuru
Potato,Kufri Chandramukhi,62750.39,Koppal
Potato,Kufri Chandramukhi,46454.15,Coimbatore
Potato,Kufri Chandramukhi,49626.43,Madurai
Potato,Kufri Chandramukhi,51331.26,Thanjavur
Potato,Kufri Chandramukhi,48057.19,Kurnool
Potato,Kufri Chandramukhi,57906.83,Guntur
Potato,Kufri Chandramukhi,55592.49,Prakasam
Potato,Kufri Chandramukhi,43388.95,Nizamabad
Potato,Kufri Chandramukhi,42676.77,Khammam
Potato,Kufri Chandramukhi,59281.82,Palakkad
Potato,Kufri Chandramukhi,43053.66,Idukki
Pumpkin,Pusa Vishwas,21352.47,Amritsar
Pumpkin,Pusa Vishwas,21194.25,Ludhiana
Pumpkin,Pusa Vishwas,15799.58,Karnal
Pumpkin,Pusa Vishwas,16882.38,Kurukshetra
Pumpkin,Pusa Vishwas,22793.48,Saharanpur
Pumpkin,Pusa Vishwas,25133.9,Agra
Pumpkin,Pusa Vishwas,19545.15,Varanasi
Pumpkin,Pusa Vishwas,24864.99,Patna
Pumpkin,Pusa Vishwas,24373.31,Muzaffarpur
Pumpkin,Pusa Vishwas,17543.79,Nadia
Pumpkin,Pusa Vishwas,22364.32,Burdwan
Pumpkin,Pusa Vishwas,19420.16,Kamrup
Pumpkin,Pusa Vishwas,17928.39,Cuttack
Pumpkin,Pusa Vishwas,25231.34,Ganjam
Pumpkin,Pusa Vishwas,27689.6,Raipur
Pumpkin,Pusa Vishwas,18716.0,Bhopal
Pumpkin,Pusa Vishwas,16196.56,Indore
Pumpkin,Pusa Vishwas,21924.26,Ahmedabad
Pumpkin,Pusa Vishwas,24987.34,Rajkot
Pumpkin,Pusa Vishwas,17548.41,Surat
Pumpkin,Pusa Vishwas,23455.13,Pune
Pumpkin,Pusa Vishwas,20890.7,Nashik
Pumpkin,Pusa Vishwas,15837.07,Nagpur
Pumpkin,Pusa Vishwas,15890.04,Belagavi
Pumpkin,Pusa Vishwas,16983.53,Mysuru
Pumpkin,Pusa Vishwas,26211.74,Koppal
Pumpkin,Pusa Vishwas,21658.15,Coimbatore
Pumpkin,Pusa Vishwas,21969.52,Madurai
Pumpkin,Pusa Vishwas,24468.75,Thanjavur
Pumpkin,Pusa Vishwas,21868.95,Kurnool
Pumpkin,Pusa Vishwas,27268.73,Guntur
Pumpkin,Pusa Vishwas,23958.99,Prakasam
Pumpkin,Pusa Vishwas,19245.09,Nizamabad
Pumpkin,Pusa Vishwas,19259.04,Khammam
Pumpkin,Pusa Vishwas,27717.31,Palakkad
Pumpkin,Pusa Vishwas,20044.91,Idukki
Pumpkin,Arka Suryamukhi,20942.43,Amritsar
Pumpkin,Arka Suryamukhi,21709.79,Ludhiana
Pumpkin,Arka Suryamukhi,15271.68,Karnal
Pumpkin,Arka Suryamukhi,17580.08,Kurukshetra
Pumpkin,Arka Suryamukhi,22869.81,Saharanpur
Pumpkin,Arka Suryamukhi,25506.76,Agra
Pumpkin,Arka Suryamukhi,18160.3,Varanasi
Pumpkin,Arka Suryamukhi,25926.94,Patna
Pumpkin,Arka Suryamukhi,24389.6,Muzaffarpur
Pumpkin,Arka Suryamukhi,17991.09,Nadia
Pumpkin,Arka Suryamukhi,22120.99,Burdwan
Pumpkin,Arka Suryamukhi,20198.78,Kamrup
Pumpkin,Arka Suryamukhi,17457.33,Cuttack
Pumpkin,Arka Suryamukhi,24351.84,Ganjam
Pumpkin,Arka Suryamukhi,27494.68,Raipur
Pumpkin,Arka Suryamukhi,18299.79,Bhopal
Pumpkin,Arka Suryamukhi,16744.1,Indore
Pumpkin,Arka Suryamukhi,21771.6,Ahmedabad
Pumpkin,Arka Suryamukhi,24200.96,Rajkot
Pumpkin,Arka Suryamukhi,18717.71,Surat
Pumpkin,Arka Suryamukhi,24331.77,Pune
Pumpkin,Arka Suryamukhi,21020.23,Nashik
Pumpkin,Arka Suryamukhi,15190.12,Nagpur
Pumpkin,Arka Suryamukhi,17228.92,Belagavi
Pumpkin,Arka Suryamukhi,18024.03,Mysuru
Pumpkin,Arka Suryamukhi,27059.58,Koppal
Pumpkin,Arka Suryamukhi,20742.01,Coimbatore
Pumpkin,Arka Suryamukhi,21960.33,Madurai
Pumpkin,Arka Suryamukhi,24782.98,Thanjavur
Pumpkin,Arka Suryamukhi,21210.23,Kurnool
Pumpkin,Arka Suryamukhi,25057.34,Guntur
Pumpkin,Arka Suryamukhi,24876.38,Prakasam
Pumpkin,Arka Suryamukhi,19658.3,Nizamabad
Pumpkin,Arka Suryamukhi,19378.3,Khammam
Pumpkin,Arka Suryamukhi,25519.72,Palakkad
Pumpkin,Arka Suryamukhi,18427.59,Idukki
Radish,Pusa Chetki,20690.74,Amritsar
Radish,Pusa Chetki,22264.19,Ludhiana
Radish,Pusa Chetki,15540.63,Karnal
Radish,Pusa Chetki,17818.95,Kurukshetra
Radish,Pusa Chetki,23160.96,Saharanpur
Radish,Pusa Chetki,25773.17,Agra
Radish,Pusa Chetki,18039.34,Varanasi
Radish,Pusa Chetki,24617.65,Patna
Radish,Pusa Chetki,24803.6,Muzaffarpur
Radish,Pusa Chetki,17805.31,Nadia
Radish,Pusa Chetki,22602.8,Burdwan
Radish,Pusa Chetki,19157.92,Kamrup
Radish,Pusa Chetki,16590.78,Cuttack
Radish,Pusa Chetki,24774.43,Ganjam
Radish,Pusa Chetki,26629.87,Raipur
Radish,Pusa Chetki,17073.02,Bhopal
Radish,Pusa Chetki,16373.63,Indore
Radish,Pusa Chetki,22220.3,Ahmedabad
Radish,Pusa Chetki,24021.36,Rajkot
Radish,Pusa Chetki,19054.52,Surat
Radish,Pusa Chetki,22491.96,Pune
Radish,Pusa Chetki,20837.03,Nashik
Radish,Pusa Chetki,16078.89,Nagpur
Radish,Pusa Chetki,17324.38,Belagavi
Radish,Pusa Chetki,17823.32,Mysuru
Radish,Pusa Chetki,25652.68,Koppal
Radish,Pusa Chetki,20313.05,Coimbatore
Radish,Pusa Chetki,22106.66,Madurai
Radish,Pusa Chetki,22717.87,Thanjavur
Radish,Pusa Chetki,21142.99,Kurnool
Radish,Pusa Chetki,25321.69,Guntur
Radish,Pusa Chetki,25770.14,Prakasam
Radish,Pusa Chetki,20132.7,Nizamabad
Radish,Pusa Chetki,20191.34,Khammam
Radish,Pusa Chetki,25771.56,Palakkad
Radish,Pusa Chetki,19153.39,Idukki
Radish,Japanese White,22112.23,Amritsar
Radish,Japanese White,21445.92,Ludhiana
Radish,Japanese White,14997.51,Karnal
Radish,Japanese White,16606.65,Kurukshetra
Radish,Japanese White,23126.67,Saharanpur
Radish,Japanese White,25024.82,Agra
Radish,Japanese White,18520.25,Varanasi
Radish,Japanese White,26653.4,Patna
Radish,Japanese White,23772.72,Muzaffarpur
Radish,Japanese White,16896.79,Nadia
Radish,Japanese White,20758.01,Burdwan
Radish,Japanese White,18564.25,Kamrup
Radish,Japanese White,16524.67,Cuttack
Radish,Japanese White,24337.53,Ganjam
Radish,Japanese White,27924.68,Raipur
Radish,Japanese White,17786.51,Bhopal
Radish,Japanese White,16482.72,Indore
Radish,Japanese White,22889.92,Ahmedabad
Radish,Japanese White,22986.82,Rajkot
Radish,Japanese White,18169.52,Surat
Radish,Japanese White,24254.25,Pune
Radish,Japanese White,21366.61,Nashik
Radish,Japanese White,16107.04,Nagpur
Radish,Japanese White,16975.95,Belagavi
Radish,Japanese White,17643.78,Mysuru
Radish,Japanese White,27659.96,Koppal
Radish,Japanese White,22307.4,Coimbatore
Radish,Japanese White,21577.23,Madurai
Radish,Japanese White,23487.23,Thanjavur
Radish,Japanese White,21045.7,Kurnool
Radish,Japanese White,24673.38,Guntur
Radish,Japanese White,25254.27,Prakasam
Radish,Japanese White,19227.9,Nizamabad
Radish,Japanese White,19334.38,Khammam
Radish,Japanese White,26315.08,Palakkad
Radish,Japanese White,19544.65,Idukki
Ragi,GPU 28,12434.8,Amritsar
Ragi,GPU 28,12719.42,Ludhiana
Ragi,GPU 28,9023.91,Karnal
Ragi,GPU 28,9913.54,Kurukshetra
Ragi,GPU 28,13744.5,Saharanpur
Ragi,GPU 28,14950.98,Agra
Ragi,GPU 28,11327.62,Varanasi
Ragi,GPU 28,15427.39,Patna
Ragi,GPU 28,13621.16,Muzaffarpur
Ragi,GPU 28,10894.22,Nadia
Ragi,GPU 28,13179.21,Burdwan
Ragi,GPU 28,11567.27,Kamrup
Ragi,GPU 28,10106.69,Cuttack
Ragi,GPU 28,14546.37,Ganjam
Ragi,GPU 28,16276.77,Raipur
Ragi,GPU 28,10632.44,Bhopal
Ragi,GPU 28,9447.67,Indore
Ragi,GPU 28,13549.04,Ahmedabad
Ragi,GPU 28,14643.86,Rajkot
Ragi,GPU 28,11378.2,Surat
Ragi,GPU 28,13328.93,Pune
Ragi,GPU 28,13026.68,Nashik
Ragi,GPU 28,8963.21,Nagpur
Ragi,GPU 28,9573.42,Belagavi
Ragi,GPU 28,10572.28,Mysuru
Ragi,GPU 28,16702.47,Koppal
Ragi,GPU 28,12160.25,Coimbatore
Ragi,GPU 28,12979.46,Madurai
Ragi,GPU 28,13903.87,Thanjavur
Ragi,GPU 28,13345.04,Kurnool
Ragi,GPU 28,15218.86,Guntur
Ragi,GPU 28,14803.89,Prakasam
Ragi,GPU 28,11759.39,Nizamabad
Ragi,GPU 28,11098.7,Khammam
Ragi,GPU 28,16006.13,Palakkad
Ragi,GPU 28,11908.8,Idukki
Ragi,Indaf 5,12185.28,Amritsar
Ragi,Indaf 5,13745.86,Ludhiana
Ragi,Indaf 5,9502.13,Karnal
Ragi,Indaf 5,10529.69,Kurukshetra
Ragi,Indaf 5,13633.58,Saharanpur
Ragi,Indaf 5,14644.08,Agra
Ragi,Indaf 5,11280.99,Varanasi
Ragi,Indaf 5,15191.9,Patna
Ragi,Indaf 5,13576.88,Muzaffarpur
Ragi,Indaf 5,10560.17,Nadia
Ragi,Indaf 5,12505.36,Burdwan
Ragi,Indaf 5,11373.8,Kamrup
Ragi,Indaf 5,10739.67,Cuttack
Ragi,Indaf 5,15144.79,Ganjam
Ragi,Indaf 5,15604.57,Raipur
Ragi,Indaf 5,10255.86,Bhopal
Ragi,Indaf 5,9380.22,Indore
Ragi,Indaf 5,13333.57,Ahmedabad
Ragi,Indaf 5,14955.92,Rajkot
Ragi,Indaf 5,10703.08,Surat
Ragi,Indaf 5,14580.69,Pune
Ragi,Indaf 5,13381.49,Nashik
Ragi,Indaf 5,9476.17,Nagpur
Ragi,Indaf 5,10239.08,Belagavi
Ragi,Indaf 5,10569.49,Mysuru
Ragi,Indaf 5,17006.22,Koppal
Ragi,Indaf 5,12632.85,Coimbatore
Ragi,Indaf 5,13365.53,Madurai
Ragi,Indaf 5,14766.03,Thanjavur
Ragi,Indaf 5,13422.73,Kurnool
Ragi,Indaf 5,16113.76,Guntur
Ragi,Indaf 5,14201.29,Prakasam
Ragi,Indaf 5,12211.77,Nizamabad
Ragi,Indaf 5,11294.97,Khammam
Ragi,Indaf 5,15340.74,Palakkad
Ragi,Indaf 5,11350.42,Idukki
Rice,IR64,28607.87,Amritsar
Rice,IR64,30099.74,Ludhiana
Rice,IR64,20504.84,Karnal
Rice,IR64,23355.83,Kurukshetra
Rice,IR64,33493.68,Saharanpur
Rice,IR64,33419.72,Agra
Rice,IR64,26078.64,Varanasi
Rice,IR64,34321.57,Patna
Rice,IR64,33511.68,Muzaffarpur
Rice,IR64,24493.47,Nadia
Rice,IR64,31011.09,Burdwan
Rice,IR64,26972.88,Kamrup
Rice,IR64,23254.81,Cuttack
Rice,IR64,32349.49,Ganjam
Rice,IR64,36919.66,Raipur
Rice,IR64,23939.99,Bhopal
Rice,IR64,22646.6,Indore
Rice,IR64,32399.27,Ahmedabad
Rice,IR64,32944.32,Rajkot
Rice,IR64,25602.07,Surat
Rice,IR64,32827.15,Pune
Rice,IR64,29344.97,Nashik
Rice,IR64,20653.7,Nagpur
Rice,IR64,23254.3,Belagavi
Rice,IR64,24819.71,Mysuru
Rice,IR64,36995.37,Koppal
Rice,IR64,29974.32,Coimbatore
Rice,IR64,31385.68,Madurai
Rice,IR64,34534.6,Thanjavur
Rice,IR64,30990.78,Kurnool
Rice,IR64,35448.2,Guntur
Rice,IR64,32870.62,Prakasam
Rice,IR64,26751.05,Nizamabad
Rice,IR64,26189.27,Khammam
Rice,IR64,38463.37,Palakkad
Rice,IR64,26868.77,Idukki
Rice,PB1121,30066.56,Amritsar
Rice,PB1121,31106.95,Ludhiana
Rice,PB1121,20309.12,Karnal
Rice,PB1121,23235.11,Kurukshetra
Rice,PB1121,33761.89,Saharanpur
Rice,PB1121,33498.21,Agra
Rice,PB1121,25071.65,Varanasi
Rice,PB1121,36213.17,Patna
Rice,PB1121,31683.11,Muzaffarpur
Rice,PB1121,23782.36,Nadia
Rice,PB1121,29313.83,Burdwan
Rice,PB1121,26893.3,Kamrup
Rice,PB1121,23158.9,Cuttack
Rice,PB1121,34946.02,Ganjam
Rice,PB1121,37436.96,Raipur
Rice,PB1121,24516.52,Bhopal
Rice,PB1121,22437.94,Indore
Rice,PB1121,32220.82,Ahmedabad
Rice,PB1121,34124.19,Rajkot
Rice,PB1121,26294.47,Surat
Rice,PB1121,33123.9,Pune
Rice,PB1121,28833.88,Nashik
Rice,PB1121,21469.56,Nagpur
Rice,PB1121,22888.18,Belagavi
Rice,PB1121,24429.27,Mysuru
Rice,PB1121,37945.95,Koppal
Rice,PB1121,28964.54,Coimbatore
Rice,PB1121,29726.92,Madurai
Rice,PB1121,33604.35,Thanjavur
Rice,PB1121,31172.49,Kurnool
Rice,PB1121,36522.42,Guntur
Rice,PB1121,34187.29,Prakasam
Rice,PB1121,27967.52,Nizamabad
Rice,PB1121,26858.56,Khammam
Rice,PB1121,37598.27,Palakkad
Rice,PB1121,26739.14,Idukki
Ridge Gourd,Pusa Nasdar,22459.88,Amritsar
Ridge Gourd,Pusa Nasdar,23150.33,Ludhiana
Ridge Gourd,Pusa Nasdar,17015.47,Karnal
Ridge Gourd,Pusa Nasdar,18272.74,Kurukshetra
Ridge Gourd,Pusa Nasdar,25182.95,Saharanpur
Ridge Gourd,Pusa Nasdar,26017.4,Agra
Ridge Gourd,Pusa Nasdar,19462.31,Varanasi
Ridge Gourd,Pusa Nasdar,28032.97,Patna
Ridge Gourd,Pusa Nasdar,26553.11,Muzaffarpur
Ridge Gourd,Pusa Nasdar,18497.07,Nadia
Ridge Gourd,Pusa Nasdar,24486.84,Burdwan
Ridge Gourd,Pusa Nasdar,21767.99,Kamrup
Ridge Gourd,Pusa Nasdar,18728.53,Cuttack
Ridge Gourd,Pusa Nasdar,25980.73,Ganjam
Ridge Gourd,Pusa Nasdar,28715.94,Raipur
Ridge Gourd,Pusa Nasdar,19744.57,Bhopal
Ridge Gourd,Pusa Nasdar,17363.55,Indore
Ridge Gourd,Pusa Nasdar,23589.05,Ahmedabad
Ridge Gourd,Pusa Nasdar,25868.45,Rajkot
Ridge Gourd,Pusa Nasdar,19887.24,Surat
Ridge Gourd,Pusa Nasdar,24971.45,Pune
Ridge Gourd,Pusa Nasdar,23084.81,Nashik
Ridge Gourd,Pusa Nasdar,16367.66,Nagpur
Ridge Gourd,Pusa Nasdar,17536.56,Belagavi
Ridge Gourd,Pusa Nasdar,19719.83,Mysuru
Ridge Gourd,Pusa Nasdar,28532.98,Koppal
Ridge Gourd,Pusa Nasdar,23618.62,Coimbatore
Ridge Gourd,Pusa Nasdar,24984.49,Madurai
Ridge Gourd,Pusa Nasdar,25233.31,Thanjavur
Ridge Gourd,Pusa Nasdar,22335.11,Kurnool
Ridge Gourd,Pusa Nasdar,27044.44,Guntur
Ridge Gourd,Pusa Nasdar,27099.67,Prakasam
Ridge Gourd,Pusa Nasdar,21124.72,Nizamabad
Ridge Gourd,Pusa Nasdar,21695.43,Khammam
Ridge Gourd,Pusa Nasdar,28843.25,Palakkad
Ridge Gourd,Pusa Nasdar,20593.86,Idukki
Ridge Gourd,Arka Sumeet,22738.22,Amritsar
Ridge Gourd,Arka Sumeet,23910.68,Ludhiana
Ridge Gourd,Arka Sumeet,16446.11,Karnal
Ridge Gourd,Arka Sumeet,17781.96,Kurukshetra
Ridge Gourd,Arka Sumeet,24704.76,Saharanpur
Ridge Gourd,Arka Sumeet,28476.29,Agra
Ridge Gourd,Arka Sumeet,19656.5,Varanasi
Ridge Gourd,Arka Sumeet,29217.34,Patna
Ridge Gourd,Arka Sumeet,26460.98,Muzaffarpur
Ridge Gourd,Arka Sumeet,18873.41,Nadia
Ridge Gourd,Arka Sumeet,23076.73,Burdwan
Ridge Gourd,Arka Sumeet,20235.0,Kamrup
Ridge Gourd,Arka Sumeet,19322.05,Cuttack
Ridge Gourd,Arka Sumeet,27226.35,Ganjam
Ridge Gourd,Arka Sumeet,30028.74,Raipur
Ridge Gourd,Arka Sumeet,19456.09,Bhopal
Ridge Gourd,Arka Sumeet,16740.76,Indore
Ridge Gourd,Arka Sumeet,25240.62,Ahmedabad
Ridge Gourd,Arka Sumeet,25051.86,Rajkot
Ridge Gourd,Arka Sumeet,20475.66,Surat
Ridge Gourd,Arka Sumeet,25911.32,Pune
Ridge Gourd,Arka Sumeet,23868.01,Nashik
Ridge Gourd,Arka Sumeet,16799.34,Nagpur
Ridge Gourd,Arka Sumeet,18556.03,Belagavi
Ridge Gourd,Arka Sumeet,19658.98,Mysuru
Ridge Gourd,Arka Sumeet,30742.68,Koppal
Ridge Gourd,Arka Sumeet,22659.61,Coimbatore
Ridge Gourd,Arka Sumeet,24526.01,Madurai
Ridge Gourd,Arka Sumeet,26739.45,Thanjavur
Ridge Gourd,Arka Sumeet,22797.04,Kurnool
Ridge Gourd,Arka Sumeet,29237.01,Guntur
Ridge Gourd,Arka Sumeet,27425.44,Prakasam
Ridge Gourd,Arka Sumeet,20847.36,Nizamabad
Ridge Gourd,Arka Sumeet,20332.02,Khammam
Ridge Gourd,Arka Sumeet,27652.86,Palakkad
Ridge Gourd,Arka Sumeet,19864.95,Idukki
Rubber,RRII 105,55590.86,Amritsar
Rubber,RRII 105,54977.56,Ludhiana
Rubber,RRII 105,37861.22,Karnal
Rubber,RRII 105,41960.03,Kurukshetra
Rubber,RRII 105,60523.17,Saharanpur
Rubber,RRII 105,63390.16,Agra
Rubber,RRII 105,47953.68,Varanasi
Rubber,RRII 105,67495.02,Patna
Rubber,RRII 105,61007.91,Muzaffarpur
Rubber,RRII 105,45159.52,Nadia
Rubber,RRII 105,51653.43,Burdwan
Rubber,RRII 105,46402.53,Kamrup
Rubber,RRII 105,42099.43,Cuttack
Rubber,RRII 105,58438.33,Ganjam
Rubber,RRII 105,64688.07,Raipur
Rubber,RRII 105,43462.63,Bhopal
Rubber,RRII 105,40870.13,Indore
Rubber,RRII 105,57921.8,Ahmedabad
Rubber,RRII 105,62315.39,Rajkot
Rubber,RRII 105,45034.21,Surat
Rubber,RRII 105,60714.94,Pune
Rubber,RRII 105,54834.41,Nashik
Rubber,RRII 105,37564.66,Nagpur
Rubber,RRII 105,42448.69,Belagavi
Rubber,RRII 105,42567.73,Mysuru
Rubber,RRII 105,69121.34,Koppal
Rubber,RRII 105,54860.99,Coimbatore
Rubber,RRII 105,57068.74,Madurai
Rubber,RRII 105,58544.52,Thanjavur
Rubber,RRII 105,53701.85,Kurnool
Rubber,RRII 105,65252.78,Guntur
Rubber,RRII 105,58819.95,Prakasam
Rubber,RRII 105,51116.96,Nizamabad
Rubber,RRII 105,47940.0,Khammam
Rubber,RRII 105,65763.54,Palakkad
Rubber,RRII 105,47836.17,Idukki
Rubber,GT 1,54422.39,Amritsar
Rubber,GT 1,53465.05,Ludhiana
Rubber,GT 1,39877.94,Karnal
Rubber,GT 1,42943.8,Kurukshetra
Rubber,GT 1,57620.48,Saharanpur
Rubber,GT 1,65336.23,Agra
Rubber,GT 1,47900.1,Varanasi
Rubber,GT 1,66671.86,Patna
Rubber,GT 1,57000.01,Muzaffarpur
Rubber,GT 1,42708.85,Nadia
Rubber,GT 1,56544.95,Burdwan
Rubber,GT 1,47497.09,Kamrup
Rubber,GT 1,43905.0,Cuttack
Rubber,GT 1,61517.42,Ganjam
Rubber,GT 1,68344.63,Raipur
Rubber,GT 1,44549.82,Bhopal
Rubber,GT 1,40302.17,Indore
Rubber,GT 1,56428.02,Ahmedabad
Rubber,GT 1,56887.48,Rajkot
Rubber,GT 1,44833.98,Surat
Rubber,GT 1,60389.2,Pune
Rubber,GT 1,52782.65,Nashik
Rubber,GT 1,40096.66,Nagpur
Rubber,GT 1,41876.09,Belagavi
Rubber,GT 1,45192.0,Mysuru
Rubber,GT 1,68170.97,Koppal
Rubber,GT 1,55640.59,Coimbatore
Rubber,GT 1,54876.25,Madurai
Rubber,GT 1,58880.83,Thanjavur
Rubber,GT 1,54170.27,Kurnool
Rubber,GT 1,62296.55,Guntur
Rubber,GT 1,62292.47,Prakasam
Rubber,GT 1,50339.07,Nizamabad
Rubber,GT 1,47979.84,Khammam
Rubber,GT 1,64322.89,Palakkad
Rubber,GT 1,48209.59,Idukki
Safflower,A-300,12960.71,Amritsar
Safflower,A-300,12664.98,Ludhiana
Safflower,A-300,9644.82,Karnal
Safflower,A-300,10198.8,Kurukshetra
Safflower,A-300,13741.49,Saharanpur
Safflower,A-300,14286.58,Agra
Safflower,A-300,10807.8,Varanasi
Safflower,A-300,15132.01,Patna
Safflower,A-300,14746.52,Muzaffarpur
Safflower,A-300,10396.54,Nadia
Safflower,A-300,12440.46,Burdwan
Safflower,A-300,11709.6,Kamrup
Safflower,A-300,10201.15,Cuttack
Safflower,A-300,14779.97,Ganjam
Safflower,A-300,16357.93,Raipur
Safflower,A-300,10158.06,Bhopal
Safflower,A-300,9841.68,Indore
Safflower,A-300,12989.41,Ahmedabad
Safflower,A-300,14306.49,Rajkot
Safflower,A-300,11259.1,Surat
Safflower,A-300,13889.66,Pune
Safflower,A-300,12297.03,Nashik
Safflower,A-300,9383.71,Nagpur
Safflower,A-300,9788.95,Belagavi
Safflower,A-300,9958.77,Mysuru
Safflower,A-300,15980.15,Koppal
Safflower,A-300,12739.62,Coimbatore
Safflower,A-300,13740.6,Madurai
Safflower,A-300,14047.16,Thanjavur
Safflower,A-300,12998.49,Kurnool
Safflower,A-300,16043.9,Guntur
Safflower,A-300,15158.47,Prakasam
Safflower,A-300,12006.38,Nizamabad
Safflower,A-300,11234.55,Khammam
Safflower,A-300,15388.5,Palakkad
Safflower,A-300,11935.35,Idukki
Safflower,Bhima,12936.33,Amritsar
Safflower,Bhima,13519.12,Ludhiana
Safflower,Bhima,9533.11,Karnal
Safflower,Bhima,10040.25,Kurukshetra
Safflower,Bhima,13878.47,Saharanpur
Safflower,Bhima,14827.37,Agra
Safflower,Bhima,11692.43,Varanasi
Safflower,Bhima,15298.34,Patna
Safflower,Bhima,14447.01,Muzaffarpur
Safflower,Bhima,9979.02,Nadia
Safflower,Bhima,13472.69,Burdwan
Safflower,Bhima,11075.39,Kamrup
Safflower,Bhima,10142.39,Cuttack
Safflower,Bhima,14830.5,Ganjam
Safflower,Bhima,15861.86,Raipur
Safflower,Bhima,10248.25,Bhopal
Safflower,Bhima,9790.86,Indore
Safflower,Bhima,13486.57,Ahmedabad
Safflower,Bhima,14430.12,Rajkot
Safflower,Bhima,10539.27,Surat
Safflower,Bhima,14227.02,Pune
Safflower,Bhima,12608.4,Nashik
Safflower,Bhima,9052.75,Nagpur
Safflower,Bhima,9974.08,Belagavi
Safflower,Bhima,10733.59,Mysuru
Safflower,Bhima,15949.96,Koppal
Safflower,Bhima,12399.11,Coimbatore
Safflower,Bhima,13605.27,Madurai
Safflower,Bhima,14985.9,Thanjavur
Safflower,Bhima,13488.11,Kurnool
Safflower,Bhima,15477.52,Guntur
Safflower,Bhima,14389.75,Prakasam
Safflower,Bhima,12088.48,Nizamabad
Safflower,Bhima,11378.66,Khammam
Safflower,Bhima,16000.6,Palakkad
Safflower,Bhima,11774.41,Idukki
Sesame,Pratap,10138.39,Amritsar
Sesame,Pratap,10669.24,Ludhiana
Sesame,Pratap,7735.88,Karnal
Sesame,Pratap,8801.69,Kurukshetra
Sesame,Pratap,11395.42,Saharanpur
Sesame,Pratap,12476.6,Agra
Sesame,Pratap,9496.41,Varanasi
Sesame,Pratap,12847.55,Patna
Sesame,Pratap,11360.84,Muzaffarpur
Sesame,Pratap,8816.18,Nadia
Sesame,Pratap,10583.07,Burdwan
Sesame,Pratap,9864.93,Kamrup
Sesame,Pratap,8771.77,Cuttack
Sesame,Pratap,11606.68,Ganjam
Sesame,Pratap,13439.99,Raipur
Sesame,Pratap,8813.19,Bhopal
Sesame,Pratap,7568.99,Indore
Sesame,Pratap,10996.47,Ahmedabad
Sesame,Pratap,11621.32,Rajkot
Sesame,Pratap,8842.25,Surat
Sesame,Pratap,11959.94,Pune
Sesame,Pratap,10537.82,Nashik
Sesame,Pratap,7834.46,Nagpur
Sesame,Pratap,7983.12,Belagavi
Sesame,Pratap,8968.1,Mysuru
Sesame,Pratap,14003.66,Koppal
Sesame,Pratap,10080.82,Coimbatore
Sesame,Pratap,11089.05,Madurai
Sesame,Pratap,12252.11,Thanjavur
Sesame,Pratap,10504.19,Kurnool
Sesame,Pratap,12393.11,Guntur
Sesame,Pratap,12079.4,Prakasam
Sesame,Pratap,10102.87,Nizamabad
Sesame,Pratap,9599.3,Khammam
Sesame,Pratap,12956.91,Palakkad
Sesame,Pratap,9402.34,Idukki
Sesame,TKG-22,10297.57,Amritsar
Sesame,TKG-22,11215.96,Ludhiana
Sesame,TKG-22,7415.92,Karnal
Sesame,TKG-22,8130.31,Kurukshetra
Sesame,TKG-22,12044.35,Saharanpur
Sesame,TKG-22,12300.49,Agra
Sesame,TKG-22,9586.15,Varanasi
Sesame,TKG-22,12822.07,Patna
Sesame,TKG-22,12096.01,Muzaffarpur
Sesame,TKG-22,8485.18,Nadia
Sesame,TKG-22,10568.93,Burdwan
Sesame,TKG-22,9447.8,Kamrup
Sesame,TKG-22,8319.94,Cuttack
Sesame,TKG-22,11830.35,Ganjam
Sesame,TKG-22,13203.24,Raipur
Sesame,TKG-22,8575.37,Bhopal
Sesame,TKG-22,8235.62,Indore
Sesame,TKG-22,11016.72,Ahmedabad
Sesame,TKG-22,11475.9,Rajkot
Sesame,TKG-22,8754.77,Surat
Sesame,TKG-22,11408.46,Pune
Sesame,TKG-22,10627.47,Nashik
Sesame,TKG-22,7650.54,Nagpur
Sesame,TKG-22,8525.01,Belagavi
Sesame,TKG-22,8729.56,Mysuru
Sesame,TKG-22,13083.65,Koppal
Sesame,TKG-22,10303.07,Coimbatore
Sesame,TKG-22,10439.61,Madurai
Sesame,TKG-22,12333.66,Thanjavur
Sesame,TKG-22,10375.57,Kurnool
Sesame,TKG-22,13050.83,Guntur
Sesame,TKG-22,12414.9,Prakasam
Sesame,TKG-22,10090.5,Nizamabad
Sesame,TKG-22,9912.81,Khammam
Sesame,TKG-22,13545.53,Palakkad
Sesame,TKG-22,9639.03,Idukki
Snake Gourd,PKM-1,23858.05,Amritsar
Snake Gourd,PKM-1,22911.92,Ludhiana
Snake Gourd,PKM-1,16406.2,Karnal
Snake Gourd,PKM-1,18728.05,Kurukshetra
Snake Gourd,PKM-1,26029.99,Saharanpur
Snake Gourd,PKM-1,27624.79,Agra
Snake Gourd,PKM-1,19502.02,Varanasi
Snake Gourd,PKM-1,27289.04,Patna
Snake Gourd,PKM-1,26687.47,Muzaffarpur
Snake Gourd,PKM-1,18765.08,Nadia
Snake Gourd,PKM-1,23480.24,Burdwan
Snake Gourd,PKM-1,21840.91,Kamrup
Snake Gourd,PKM-1,18585.55,Cuttack
Snake Gourd,PKM-1,25655.11,Ganjam
Snake Gourd,PKM-1,29379.11,Raipur
Snake Gourd,PKM-1,18866.72,Bhopal
Snake Gourd,PKM-1,17016.06,Indore
Snake Gourd,PKM-1,24365.7,Ahmedabad
Snake Gourd,PKM-1,27020.96,Rajkot
Snake Gourd,PKM-1,20285.23,Surat
Snake Gourd,PKM-1,24619.21,Pune
Snake Gourd,PKM-1,23163.96,Nashik
Snake Gourd,PKM-1,17268.77,Nagpur
Snake Gourd,PKM-1,18860.14,Belagavi
Snake Gourd,PKM-1,19588.97,Mysuru
Snake Gourd,PKM-1,29466.79,Koppal
Snake Gourd,PKM-1,23835.37,Coimbatore
Snake Gourd,PKM-1,24784.37,Madurai
Snake Gourd,PKM-1,26166.17,Thanjavur
Snake Gourd,PKM-1,24080.61,Kurnool
Snake Gourd,PKM-1,28533.23,Guntur
Snake Gourd,PKM-1,26693.34,Prakasam
Snake Gourd,PKM-1,22636.45,Nizamabad
Snake Gourd,PKM-1,20267.61,Khammam
Snake Gourd,PKM-1,30362.49,Palakkad
Snake Gourd,PKM-1,20761.62,Idukki
Snake Gourd,CO-2,23555.14,Amritsar
Snake Gourd,CO-2,24542.91,Ludhiana
Snake Gourd,CO-2,17640.65,Karnal
Snake Gourd,CO-2,18589.89,Kurukshetra
Snake Gourd,CO-2,26403.09,Saharanpur
Snake Gourd,CO-2,27553.55,Agra
Snake Gourd,CO-2,20199.86,Varanasi
Snake Gourd,CO-2,28525.64,Patna
Snake Gourd,CO-2,25725.17,Muzaffarpur
Snake Gourd,CO-2,18220.1,Nadia
Snake Gourd,CO-2,24018.44,Burdwan
Snake Gourd,CO-2,20867.86,Kamrup
Snake Gourd,CO-2,19190.78,Cuttack
Snake Gourd,CO-2,27233.02,Ganjam
Snake Gourd,CO-2,30314.36,Raipur
Snake Gourd,CO-2,19645.97,Bhopal
Snake Gourd,CO-2,17632.61,Indore
Snake Gourd,CO-2,24205.92,Ahmedabad
Snake Gourd,CO-2,26060.69,Rajkot
Snake Gourd,CO-2,19880.25,Surat
Snake Gourd,CO-2,24971.32,Pune
Snake Gourd,CO-2,22165.16,Nashik
Snake Gourd,CO-2,17116.66,Nagpur
Snake Gourd,CO-2,19040.66,Belagavi
Snake Gourd,CO-2,18639.76,Mysuru
Snake Gourd,CO-2,30354.36,Koppal
Snake Gourd,CO-2,22716.42,Coimbatore
Snake Gourd,CO-2,23324.81,Madurai
Snake Gourd,CO-2,24860.52,Thanjavur
Snake Gourd,CO-2,22980.25,Kurnool
Snake Gourd,CO-2,27870.86,Guntur
Snake Gourd,CO-2,26046.98,Prakasam
Snake Gourd,CO-2,22791.9,Nizamabad
Snake Gourd,CO-2,21977.99,Khammam
Snake Gourd,CO-2,29454.42,Palakkad
Snake Gourd,CO-2,20627.21,Idukki
Sorghum,CSV-15,10730.91,Amritsar
Sorghum,CSV-15,11301.99,Ludhiana
Sorghum,CSV-15,7810.29,Karnal
Sorghum,CSV-15,8403.19,Kurukshetra
Sorghum,CSV-15,11145.34,Saharanpur
Sorghum,CSV-15,12399.51,Agra
Sorghum,CSV-15,9738.93,Varanasi
Sorghum,CSV-15,13133.83,Patna
Sorghum,CSV-15,11957.45,Muzaffarpur
Sorghum,CSV-15,8396.45,Nadia
Sorghum,CSV-15,10628.46,Burdwan
Sorghum,CSV-15,9757.33,Kamrup
Sorghum,CSV-15,8724.95,Cuttack
Sorghum,CSV-15,12254.97,Ganjam
Sorghum,CSV-15,13636.15,Raipur
Sorghum,CSV-15,9271.9,Bhopal
Sorghum,CSV-15,8280.95,Indore
Sorghum,CSV-15,11549.36,Ahmedabad
Sorghum,CSV-15,12047.46,Rajkot
Sorghum,CSV-15,9531.96,Surat
Sorghum,CSV-15,11001.79,Pune
Sorghum,CSV-15,10035.54,Nashik
Sorghum,CSV-15,7374.32,Nagpur
Sorghum,CSV-15,8067.99,Belagavi
Sorghum,CSV-15,8831.03,Mysuru
Sorghum,CSV-15,13561.83,Koppal
Sorghum,CSV-15,10716.02,Coimbatore
Sorghum,CSV-15,10576.52,Madurai
Sorghum,CSV-15,12329.86,Thanjavur
Sorghum,CSV-15,10331.59,Kurnool
Sorghum,CSV-15,12967.66,Guntur
Sorghum,CSV-15,12821.48,Prakasam
Sorghum,CSV-15,9976.53,Nizamabad
Sorghum,CSV-15,9418.17,Khammam
Sorghum,CSV-15,12672.19,Palakkad
Sorghum,CSV-15,9683.58,Idukki
Sorghum,M35-1,10604.31,Amritsar
Sorghum,M35-1,11309.79,Ludhiana
Sorghum,M35-1,7527.66,Karnal
Sorghum,M35-1,8395.64,Kurukshetra
Sorghum,M35-1,11701.09,Saharanpur
Sorghum,M35-1,12533.18,Agra
Sorghum,M35-1,9461.58,Varanasi
Sorghum,M35-1,12173.37,Patna
Sorghum,M35-1,11505.09,Muzaffarpur
Sorghum,M35-1,8344.24,Nadia
Sorghum,M35-1,11205.88,Burdwan
Sorghum,M35-1,9405.37,Kamrup
Sorghum,M35-1,8835.5,Cuttack
Sorghum,M35-1,12608.38,Ganjam
Sorghum,M35-1,13294.61,Raipur
Sorghum,M35-1,8854.43,Bhopal
Sorghum,M35-1,8217.6,Indore
Sorghum,M35-1,11268.45,Ahmedabad
Sorghum,M35-1,11748.03,Rajkot
Sorghum,M35-1,9076.03,Surat
Sorghum,M35-1,11753.16,Pune
Sorghum,M35-1,11054.83,Nashik
Sorghum,M35-1,7672.94,Nagpur
Sorghum,M35-1,8249.65,Belagavi
Sorghum,M35-1,8761.94,Mysuru
Sorghum,M35-1,13538.63,Koppal
Sorghum,M35-1,10164.09,Coimbatore
Sorghum,M35-1,11009.73,Madurai
Sorghum,M35-1,12112.38,Thanjavur
Sorghum,M35-1,10464.46,Kurnool
Sorghum,M35-1,13095.53,Guntur
Sorghum,M35-1,12483.11,Prakasam
Sorghum,M35-1,9756.88,Nizamabad
Sorghum,M35-1,9342.44,Khammam
Sorghum,M35-1,13445.87,Palakkad
Sorghum,M35-1,9392.63,Idukki
Soybean,JS 335,16555.59,Amritsar
Soybean,JS 335,17723.43,Ludhiana
Soybean,JS 335,12172.5,Karnal
Soybean,JS 335,13943.83,Kurukshetra
Soybean,JS 335,18837.01,Saharanpur
Soybean,JS 335,19148.72,Agra
Soybean,JS 335,14531.86,Varanasi
Soybean,JS 335,20342.3,Patna
Soybean,JS 335,18051.25,Muzaffarpur
Soybean,JS 335,14092.22,Nadia
Soybean,JS 335,17511.14,Burdwan
Soybean,JS 335,15736.35,Kamrup
Soybean,JS 335,14028.86,Cuttack
Soybean,JS 335,19425.98,Ganjam
Soybean,JS 335,20435.53,Raipur
Soybean,JS 335,14429.61,Bhopal
Soybean,JS 335,12673.49,Indore
Soybean,JS 335,17374.48,Ahmedabad
Soybean,JS 335,19461.75,Rajkot
Soybean,JS 335,14190.9,Surat
Soybean,JS 335,19499.15,Pune
Soybean,JS 335,17780.49,Nashik
Soybean,JS 335,12160.66,Nagpur
Soybean,JS 335,13099.95,Belagavi
Soybean,JS 335,13401.97,Mysuru
Soybean,JS 335,21946.26,Koppal
Soybean,JS 335,17711.73,Coimbatore
Soybean,JS 335,18163.03,Madurai
Soybean,JS 335,19501.92,Thanjavur
Soybean,JS 335,16762.35,Kurnool
Soybean,JS 335,20560.85,Guntur
Soybean,JS 335,19047.54,Prakasam
Soybean,JS 335,16123.79,Nizamabad
Soybean,JS 335,15573.59,Khammam
Soybean,JS 335,21755.7,Palakkad
Soybean,JS 335,14879.44,Idukki
Soybean,Bragg,16568.87,Amritsar
Soybean,Bragg,16770.72,Ludhiana
Soybean,Bragg,12406.36,Karnal
Soybean,Bragg,13465.44,Kurukshetra
Soybean,Bragg,17719.48,Saharanpur
Soybean,Bragg,19265.01,Agra
Soybean,Bragg,14411.78,Varanasi
Soybean,Bragg,21498.45,Patna
Soybean,Bragg,18216.66,Muzaffarpur
Soybean,Bragg,13880.34,Nadia
Soybean,Bragg,17494.3,Burdwan
Soybean,Bragg,15373.35,Kamrup
Soybean,Bragg,13409.91,Cuttack
Soybean,Bragg,20167.03,Ganjam
Soybean,Bragg,22146.19,Raipur
Soybean,Bragg,13739.64,Bhopal
Soybean,Bragg,12558.6,Indore
Soybean,Bragg,18261.22,Ahmedabad
Soybean,Bragg,19491.57,Rajkot
Soybean,Bragg,14998.49,Surat
Soybean,Bragg,17775.83,Pune
Soybean,Bragg,17348.93,Nashik
Soybean,Bragg,13096.6,Nagpur
Soybean,Bragg,13559.86,Belagavi
Soybean,Bragg,13717.93,Mysuru
Soybean,Bragg,21756.35,Koppal
Soybean,Bragg,16842.38,Coimbatore
Soybean,Bragg,17733.73,Madurai
Soybean,Bragg,19663.83,Thanjavur
Soybean,Bragg,16423.07,Kurnool
Soybean,Bragg,19771.73,Guntur
Soybean,Bragg,19968.6,Prakasam
Soybean,Bragg,15629.89,Nizamabad
Soybean,Bragg,15672.39,Khammam
Soybean,Bragg,20129.27,Palakkad
Soybean,Bragg,14840.01,Idukki
Spinach,Pusa Jyoti,20791.28,Amritsar
Spinach,Pusa Jyoti,21837.97,Ludhiana
Spinach,Pusa Jyoti,15374.7,Karnal
Spinach,Pusa Jyoti,16339.29,Kurukshetra
Spinach,Pusa Jyoti,24240.14,Saharanpur
Spinach,Pusa Jyoti,25875.8,Agra
Spinach,Pusa Jyoti,19492.48,Varanasi
Spinach,Pusa Jyoti,24782.34,Patna
Spinach,Pusa Jyoti,24406.59,Muzaffarpur
Spinach,Pusa Jyoti,17402.48,Nadia
Spinach,Pusa Jyoti,21626.72,Burdwan
Spinach,Pusa Jyoti,18652.06,Kamrup
Spinach,Pusa Jyoti,16405.08,Cuttack
Spinach,Pusa Jyoti,23575.24,Ganjam
Spinach,Pusa Jyoti,26437.16,Raipur
Spinach,Pusa Jyoti,18039.98,Bhopal
Spinach,Pusa Jyoti,15811.98,Indore
Spinach,Pusa Jyoti,21740.15,Ahmedabad
Spinach,Pusa Jyoti,22866.38,Rajkot
Spinach,Pusa Jyoti,19156.71,Surat
Spinach,Pusa Jyoti,22735.18,Pune
Spinach,Pusa Jyoti,22091.39,Nashik
Spinach,Pusa Jyoti,16293.34,Nagpur
Spinach,Pusa Jyoti,17339.63,Belagavi
Spinach,Pusa Jyoti,17460.19,Mysuru
Spinach,Pusa Jyoti,27986.98,Koppal
Spinach,Pusa Jyoti,21321.77,Coimbatore
Spinach,Pusa Jyoti,21284.84,Madurai
Spinach,Pusa Jyoti,23383.23,Thanjavur
Spinach,Pusa Jyoti,21170.27,Kurnool
Spinach,Pusa Jyoti,24901.57,Guntur
Spinach,Pusa Jyoti,25505.31,Prakasam
Spinach,Pusa Jyoti,20357.45,Nizamabad
Spinach,Pusa Jyoti,19860.58,Khammam
Spinach,Pusa Jyoti,27333.94,Palakkad
Spinach,Pusa Jyoti,19935.68,Idukki
Spinach,All Green,20249.78,Amritsar
Spinach,All Green,20915.87,Ludhiana
Spinach,All Green,15620.87,Karnal
Spinach,All Green,17713.13,Kurukshetra
Spinach,All Green,23139.66,Saharanpur
Spinach,All Green,25526.71,Agra
Spinach,All Green,19298.22,Varanasi
Spinach,All Green,26754.77,Patna
Spinach,All Green,24171.59,Muzaffarpur
Spinach,All Green,16765.17,Nadia
Spinach,All Green,21563.77,Burdwan
Spinach,All Green,18363.58,Kamrup
Spinach,All Green,16906.16,Cuttack
Spinach,All Green,25592.25,Ganjam
Spinach,All Green,25954.04,Raipur
Spinach,All Green,17860.92,Bhopal
Spinach,All Green,15546.78,Indore
Spinach,All Green,22701.52,Ahmedabad
Spinach,All Green,22906.14,Rajkot
Spinach,All Green,18302.02,Surat
Spinach,All Green,23562.41,Pune
Spinach,All Green,20911.73,Nashik
Spinach,All Green,15635.59,Nagpur
Spinach,All Green,16764.53,Belagavi
Spinach,All Green,17527.92,Mysuru
Spinach,All Green,27919.34,Koppal
Spinach,All Green,21899.34,Coimbatore
Spinach,All Green,22006.38,Madurai
Spinach,All Green,24824.08,Thanjavur
Spinach,All Green,21588.85,Kurnool
Spinach,All Green,25895.69,Guntur
Spinach,All Green,25171.26,Prakasam
Spinach,All Green,19663.24,Nizamabad
Spinach,All Green,19636.15,Khammam
Spinach,All Green,26426.54,Palakkad
Spinach,All Green,18574.05,Idukki
Sugarcane,Co 0238,59568.03,Amritsar
Sugarcane,Co 0238,62802.56,Ludhiana
Sugarcane,Co 0238,43372.7,Karnal
Sugarcane,Co 0238,45721.06,Kurukshetra
Sugarcane,Co 0238,61280.17,Saharanpur
Sugarcane,Co 0238,71067.13,Agra
Sugarcane,Co 0238,50031.67,Varanasi
Sugarcane,Co 0238,69201.22,Patna
Sugarcane,Co 0238,68035.38,Muzaffarpur
Sugarcane,Co 0238,49780.86,Nadia
Sugarcane,Co 0238,62133.72,Burdwan
Sugarcane,Co 0238,53190.23,Kamrup
Sugarcane,Co 0238,45142.81,Cuttack
Sugarcane,Co 0238,68689.05,Ganjam
Sugarcane,Co 0238,76680.14,Raipur
Sugarcane,Co 0238,47039.46,Bhopal
Sugarcane,Co 0238,45801.73,Indore
Sugarcane,Co 0238,62173.8,Ahmedabad
Sugarcane,Co 0238,64439.45,Rajkot
Sugarcane,Co 0238,50746.38,Surat
Sugarcane,Co 0238,61760.08,Pune
Sugarcane,Co 0238,57820.76,Nashik
Sugarcane,Co 0238,44153.55,Nagpur
Sugarcane,Co 0238,44439.82,Belagavi
Sugarcane,Co 0238,49318.09,Mysuru
Sugarcane,Co 0238,72531.45,Koppal
Sugarcane,Co 0238,57796.17,Coimbatore
Sugarcane,Co 0238,59088.59,Madurai
Sugarcane,Co 0238,62575.13,Thanjavur
Sugarcane,Co 0238,59625.11,Kurnool
Sugarcane,Co 0238,73786.21,Guntur
Sugarcane,Co 0238,68482.89,Prakasam
Sugarcane,Co 0238,53631.6,Nizamabad
Sugarcane,Co 0238,52887.3,Khammam
Sugarcane,Co 0238,75218.76,Palakkad
Sugarcane,Co 0238,51753.74,Idukki
Sugarcane,Co 86032,58334.65,Amritsar
Sugarcane,Co 86032,61157.42,Ludhiana
Sugarcane,Co 86032,42721.78,Karnal
Sugarcane,Co 86032,48812.87,Kurukshetra
Sugarcane,Co 86032,62611.14,Saharanpur
Sugarcane,Co 86032,71821.65,Agra
Sugarcane,Co 86032,53261.48,Varanasi
Sugarcane,Co 86032,70114.67,Patna
Sugarcane,Co 86032,63318.18,Muzaffarpur
Sugarcane,Co 86032,49930.04,Nadia
Sugarcane,Co 86032,59077.47,Burdwan
Sugarcane,Co 86032,50504.94,Kamrup
Sugarcane,Co 86032,48857.99,Cuttack
Sugarcane,Co 86032,67068.91,Ganjam
Sugarcane,Co 86032,72134.88,Raipur
Sugarcane,Co 86032,51467.41,Bhopal
Sugarcane,Co 86032,45431.59,Indore
Sugarcane,Co 86032,59464.51,Ahmedabad
Sugarcane,Co 86032,63932.39,Rajkot
Sugarcane,Co 86032,52740.9,Surat
Sugarcane,Co 86032,64876.69,Pune
Sugarcane,Co 86032,59589.37,Nashik
Sugarcane,Co 86032,40915.8,Nagpur
Sugarcane,Co 86032,43679.76,Belagavi
Sugarcane,Co 86032,46447.67,Mysuru
Sugarcane,Co 86032,70723.16,Koppal
Sugarcane,Co 86032,57224.19,Coimbatore
Sugarcane,Co 86032,57741.33,Madurai
Sugarcane,Co 86032,66582.52,Thanjavur
Sugarcane,Co 86032,57261.85,Kurnool
Sugarcane,Co 86032,72375.65,Guntur
Sugarcane,Co 86032,66698.92,Prakasam
Sugarcane,Co 86032,53215.88,Nizamabad
Sugarcane,Co 86032,51981.57,Khammam
Sugarcane,Co 86032,69827.72,Palakkad
Sugarcane,Co 86032,52653.07,Idukki
Sunflower,Morden,15872.76,Amritsar
Sunflower,Morden,15754.24,Ludhiana
Sunflower,Morden,10896.87,Karnal
Sunflower,Morden,12504.48,Kurukshetra
Sunflower,Morden,17258.06,Saharanpur
Sunflower,Morden,18259.27,Agra
Sunflower,Morden,13622.39,Varanasi
Sunflower,Morden,18445.25,Patna
Sunflower,Morden,17343.96,Muzaffarpur
Sunflower,Morden,13131.77,Nadia
Sunflower,Morden,16314.34,Burdwan
Sunflower,Morden,14882.07,Kamrup
Sunflower,Morden,12802.62,Cuttack
Sunflower,Morden,17357.26,Ganjam
Sunflower,Morden,19090.55,Raipur
Sunflower,Morden,12644.89,Bhopal
Sunflower,Morden,12033.76,Indore
Sunflower,Morden,16940.76,Ahmedabad
Sunflower,Morden,17941.63,Rajkot
Sunflower,Morden,13536.46,Surat
Sunflower,Morden,16556.5,Pune
Sunflower,Morden,15270.43,Nashik
Sunflower,Morden,11750.1,Nagpur
Sunflower,Morden,12291.65,Belagavi
Sunflower,Morden,13376.76,Mysuru
Sunflower,Morden,20238.14,Koppal
Sunflower,Morden,16508.89,Coimbatore
Sunflower,Morden,15711.6,Madurai
Sunflower,Morden,17288.1,Thanjavur
Sunflower,Morden,16112.59,Kurnool
Sunflower,Morden,19153.64,Guntur
Sunflower,Morden,19196.67,Prakasam
Sunflower,Morden,15368.41,Nizamabad
Sunflower,Morden,14345.17,Khammam
Sunflower,Morden,19623.06,Palakkad
Sunflower,Morden,14593.06,Idukki
Sunflower,KBSH-1,15130.96,Amritsar
Sunflower,KBSH-1,15753.58,Ludhiana
Sunflower,KBSH-1,11474.3,Karnal
Sunflower,KBSH-1,12353.07,Kurukshetra
Sunflower,KBSH-1,17887.12,Saharanpur
Sunflower,KBSH-1,19513.34,Agra
Sunflower,KBSH-1,13885.93,Varanasi
Sunflower,KBSH-1,18910.05,Patna
Sunflower,KBSH-1,17892.19,Muzaffarpur
Sunflower,KBSH-1,13300.62,Nadia
Sunflower,KBSH-1,16562.11,Burdwan
Sunflower,KBSH-1,14565.44,Kamrup
Sunflower,KBSH-1,12891.42,Cuttack
Sunflower,KBSH-1,18799.26,Ganjam
Sunflower,KBSH-1,19878.82,Raipur
Sunflower,KBSH-1,13827.9,Bhopal
Sunflower,KBSH-1,12463.05,Indore
Sunflower,KBSH-1,16000.21,Ahmedabad
Sunflower,KBSH-1,18497.26,Rajkot
Sunflower,KBSH-1,13440.12,Surat
Sunflower,KBSH-1,16841.4,Pune
Sunflower,KBSH-1,15293.64,Nashik
Sunflower,KBSH-1,11871.03,Nagpur
Sunflower,KBSH-1,12569.81,Belagavi
Sunflower,KBSH-1,13293.92,Mysuru
Sunflower,KBSH-1,19914.09,Koppal
Sunflower,KBSH-1,16105.53,Coimbatore
Sunflower,KBSH-1,16693.92,Madurai
Sunflower,KBSH-1,17133.14,Thanjavur
Sunflower,KBSH-1,16279.41,Kurnool
Sunflower,KBSH-1,19290.33,Guntur
Sunflower,KBSH-1,18795.95,Prakasam
Sunflower,KBSH-1,14475.89,Nizamabad
Sunflower,KBSH-1,14476.77,Khammam
Sunflower,KBSH-1,19052.9,Palakkad
Sunflower,KBSH-1,14076.44,Idukki
Sweet Potato,Pusa Safed,27585.9,Amritsar
Sweet Potato,Pusa Safed,26345.04,Ludhiana
Sweet Potato,Pusa Safed,19641.29,Karnal
Sweet Potato,Pusa Safed,20792.43,Kurukshetra
Sweet Potato,Pusa Safed,30255.87,Saharanpur
Sweet Potato,Pusa Safed,31607.4,Agra
Sweet Potato,Pusa Safed,22857.69,Varanasi
Sweet Potato,Pusa Safed,32201.04,Patna
Sweet Potato,Pusa Safed,28190.41,Muzaffarpur
Sweet Potato,Pusa Safed,22413.7,Nadia
Sweet Potato,Pusa Safed,26805.75,Burdwan
Sweet Potato,Pusa Safed,23388.17,Kamrup
Sweet Potato,Pusa Safed,21939.77,Cuttack
Sweet Potato,Pusa Safed,29565.23,Ganjam
Sweet Potato,Pusa Safed,31722.65,Raipur
Sweet Potato,Pusa Safed,23073.38,Bhopal
Sweet Potato,Pusa Safed,19776.57,Indore
Sweet Potato,Pusa Safed,29202.21,Ahmedabad
Sweet Potato,Pusa Safed,29570.19,Rajkot
Sweet Potato,Pusa Safed,22691.67,Surat
Sweet Potato,Pusa Safed,30351.6,Pune
Sweet Potato,Pusa Safed,27364.52,Nashik
Sweet Potato,Pusa Safed,18722.88,Nagpur
Sweet Potato,Pusa Safed,21868.4,Belagavi
Sweet Potato,Pusa Safed,20805.69,Mysuru
Sweet Potato,Pusa Safed,32181.98,Koppal
Sweet Potato,Pusa Safed,27467.08,Coimbatore
Sweet Potato,Pusa Safed,27833.22,Madurai
Sweet Potato,Pusa Safed,29385.26,Thanjavur
Sweet Potato,Pusa Safed,27522.83,Kurnool
Sweet Potato,Pusa Safed,31197.9,Guntur
Sweet Potato,Pusa Safed,31560.7,Prakasam
Sweet Potato,Pusa Safed,25796.84,Nizamabad
Sweet Potato,Pusa Safed,24323.53,Khammam
Sweet Potato,Pusa Safed,34256.07,Palakkad
Sweet Potato,Pusa Safed,23173.73,Idukki
Sweet Potato,Sree Nandini,26649.41,Amritsar
Sweet Potato,Sree Nandini,27737.24,Ludhiana
Sweet Potato,Sree Nandini,20076.27,Karnal
Sweet Potato,Sree Nandini,21401.61,Kurukshetra
Sweet Potato,Sree Nandini,28815.27,Saharanpur
Sweet Potato,Sree Nandini,31423.86,Agra
Sweet Potato,Sree Nandini,23975.36,Varanasi
Sweet Potato,Sree Nandini,32025.62,Patna
Sweet Potato,Sree Nandini,29900.42,Muzaffarpur
Sweet Potato,Sree Nandini,20720.12,Nadia
Sweet Potato,Sree Nandini,28470.76,Burdwan
Sweet Potato,Sree Nandini,23084.98,Kamrup
Sweet Potato,Sree Nandini,21276.94,Cuttack
Sweet Potato,Sree Nandini,30155.14,Ganjam
Sweet Potato,Sree Nandini,33681.86,Raipur
Sweet Potato,Sree Nandini,21451.97,Bhopal
Sweet Potato,Sree Nandini,20953.35,Indore
Sweet Potato,Sree Nandini,28913.24,Ahmedabad
Sweet Potato,Sree Nandini,28726.99,Rajkot
Sweet Potato,Sree Nandini,22146.86,Surat
Sweet Potato,Sree Nandini,27823.09,Pune
Sweet Potato,Sree Nandini,26181.53,Nashik
Sweet Potato,Sree Nandini,18854.94,Nagpur
Sweet Potato,Sree Nandini,20031.43,Belagavi
Sweet Potato,Sree Nandini,22594.52,Mysuru
Sweet Potato,Sree Nandini,33554.83,Koppal
Sweet Potato,Sree Nandini,25993.83,Coimbatore
Sweet Potato,Sree Nandini,28048.56,Madurai
Sweet Potato,Sree Nandini,30534.47,Thanjavur
Sweet Potato,Sree Nandini,28133.89,Kurnool
Sweet Potato,Sree Nandini,31988.15,Guntur
Sweet Potato,Sree Nandini,31627.91,Prakasam
Sweet Potato,Sree Nandini,24113.79,Nizamabad
Sweet Potato,Sree Nandini,24214.26,Khammam
Sweet Potato,Sree Nandini,32830.03,Palakkad
Sweet Potato,Sree Nandini,23908.73,Idukki
Tamarind,PKM-1,20847.08,Amritsar
Tamarind,PKM-1,21517.74,Ludhiana
Tamarind,PKM-1,15277.93,Karnal
Tamarind,PKM-1,17818.26,Kurukshetra
Tamarind,PKM-1,22955.62,Saharanpur
Tamarind,PKM-1,25748.0,Agra
Tamarind,PKM-1,19149.01,Varanasi
Tamarind,PKM-1,25217.28,Patna
Tamarind,PKM-1,24614.01,Muzaffarpur
Tamarind,PKM-1,17427.61,Nadia
Tamarind,PKM-1,22634.56,Burdwan
Tamarind,PKM-1,18433.72,Kamrup
Tamarind,PKM-1,17404.19,Cuttack
Tamarind,PKM-1,23343.06,Ganjam
Tamarind,PKM-1,27496.69,Raipur
Tamarind,PKM-1,18355.95,Bhopal
Tamarind,PKM-1,16740.53,Indore
Tamarind,PKM-1,21378.58,Ahmedabad
Tamarind,PKM-1,23111.08,Rajkot
Tamarind,PKM-1,18625.39,Surat
Tamarind,PKM-1,23579.87,Pune
Tamarind,PKM-1,21351.8,Nashik
Tamarind,PKM-1,16109.93,Nagpur
Tamarind,PKM-1,16971.29,Belagavi
Tamarind,PKM-1,16919.53,Mysuru
Tamarind,PKM-1,27096.03,Koppal
Tamarind,PKM-1,20503.52,Coimbatore
Tamarind,PKM-1,21297.71,Madurai
Tamarind,PKM-1,22825.26,Thanjavur
Tamarind,PKM-1,21740.11,Kurnool
Tamarind,PKM-1,26755.02,Guntur
Tamarind,PKM-1,23571.48,Prakasam
Tamarind,PKM-1,19780.99,Nizamabad
Tamarind,PKM-1,18804.59,Khammam
Tamarind,PKM-1,27369.06,Palakkad
Tamarind,PKM-1,18717.32,Idukki
Tamarind,Pratishthan,21398.38,Amritsar
Tamarind,Pratishthan,22766.57,Ludhiana
Tamarind,Pratishthan,15351.12,Karnal
Tamarind,Pratishthan,17386.52,Kurukshetra
Tamarind,Pratishthan,23619.52,Saharanpur
Tamarind,Pratishthan,24966.71,Agra
Tamarind,Pratishthan,17955.07,Varanasi
Tamarind,Pratishthan,24959.39,Patna
Tamarind,Pratishthan,22895.92,Muzaffarpur
Tamarind,Pratishthan,17798.01,Nadia
Tamarind,Pratishthan,20738.12,Burdwan
Tamarind,Pratishthan,18845.98,Kamrup
Tamarind,Pratishthan,17500.84,Cuttack
Tamarind,Pratishthan,24265.53,Ganjam
Tamarind,Pratishthan,26411.33,Raipur
Tamarind,Pratishthan,16937.31,Bhopal
Tamarind,Pratishthan,16667.47,Indore
Tamarind,Pratishthan,22099.96,Ahmedabad
Tamarind,Pratishthan,24390.33,Rajkot
Tamarind,Pratishthan,17793.54,Surat
Tamarind,Pratishthan,23440.61,Pune
Tamarind,Pratishthan,21888.42,Nashik
Tamarind,Pratishthan,15681.45,Nagpur
Tamarind,Pratishthan,17229.1,Belagavi
Tamarind,Pratishthan,17154.0,Mysuru
Tamarind,Pratishthan,28193.22,Koppal
Tamarind,Pratishthan,20394.67,Coimbatore
Tamarind,Pratishthan,22556.93,Madurai
Tamarind,Pratishthan,24851.18,Thanjavur
Tamarind,Pratishthan,21265.12,Kurnool
Tamarind,Pratishthan,26917.55,Guntur
Tamarind,Pratishthan,25201.09,Prakasam
Tamarind,Pratishthan,20394.35,Nizamabad
Tamarind,Pratishthan,19458.45,Khammam
Tamarind,Pratishthan,25720.81,Palakkad
Tamarind,Pratishthan,19858.87,Idukki
Taro,Sree Rashmi,30442.21,Amritsar
Taro,Sree Rashmi,32463.52,Ludhiana
Taro,Sree Rashmi,22155.5,Karnal
Taro,Sree Rashmi,26499.34,Kurukshetra
Taro,Sree Rashmi,35542.27,Saharanpur
Taro,Sree Rashmi,37061.18,Agra
Taro,Sree Rashmi,26682.4,Varanasi
Taro,Sree Rashmi,40365.23,Patna
Taro,Sree Rashmi,36881.54,Muzaffarpur
Taro,Sree Rashmi,26957.74,Nadia
Taro,Sree Rashmi,31144.88,Burdwan
Taro,Sree Rashmi,30257.57,Kamrup
Taro,Sree Rashmi,26195.63,Cuttack
Taro,Sree Rashmi,37318.81,Ganjam
Taro,Sree Rashmi,39761.26,Raipur
Taro,Sree Rashmi,26096.46,Bhopal
Taro,Sree Rashmi,25044.85,Indore
Taro,Sree Rashmi,33053.29,Ahmedabad
Taro,Sree Rashmi,36688.89,Rajkot
Taro,Sree Rashmi,26922.07,Surat
Taro,Sree Rashmi,35741.44,Pune
Taro,Sree Rashmi,30252.0,Nashik
Taro,Sree Rashmi,24433.51,Nagpur
Taro,Sree Rashmi,24028.72,Belagavi
Taro,Sree Rashmi,26418.8,Mysuru
Taro,Sree Rashmi,40003.14,Koppal
Taro,Sree Rashmi,30932.34,Coimbatore
Taro,Sree Rashmi,31436.79,Madurai
Taro,Sree Rashmi,35630.02,Thanjavur
Taro,Sree Rashmi,32488.38,Kurnool
Taro,Sree Rashmi,40007.92,Guntur
Taro,Sree Rashmi,35667.71,Prakasam
Taro,Sree Rashmi,31198.45,Nizamabad
Taro,Sree Rashmi,28408.37,Khammam
Taro,Sree Rashmi,40706.4,Palakkad
Taro,Sree Rashmi,29801.81,Idukki
Taro,Mukhi,30890.47,Amritsar
Taro,Mukhi,34007.74,Ludhiana
Taro,Mukhi,23242.98,Karnal
Taro,Mukhi,24391.96,Kurukshetra
Taro,Mukhi,33991.67,Saharanpur
Taro,Mukhi,38218.69,Agra
Taro,Mukhi,26864.18,Varanasi
Taro,Mukhi,39669.64,Patna
Taro,Mukhi,34620.82,Muzaffarpur
Taro,Mukhi,25411.62,Nadia
Taro,Mukhi,33468.4,Burdwan
Taro,Mukhi,27962.55,Kamrup
Taro,Mukhi,24535.4,Cuttack
Taro,Mukhi,38332.56,Ganjam
Taro,Mukhi,38184.2,Raipur
Taro,Mukhi,25714.04,Bhopal
Taro,Mukhi,22957.81,Indore
Taro,Mukhi,33631.14,Ahmedabad
Taro,Mukhi,37180.44,Rajkot
Taro,Mukhi,27892.18,Surat
Taro,Mukhi,34442.32,Pune
Taro,Mukhi,30388.49,Nashik
Taro,Mukhi,23061.92,Nagpur
Taro,Mukhi,24947.62,Belagavi
Taro,Mukhi,26112.69,Mysuru
Taro,Mukhi,42120.15,Koppal
Taro,Mukhi,32054.92,Coimbatore
Taro,Mukhi,34180.73,Madurai
Taro,Mukhi,34230.67,Thanjavur
Taro,Mukhi,33273.71,Kurnool
Taro,Mukhi,38238.88,Guntur
Taro,Mukhi,37800.23,Prakasam
Taro,Mukhi,29111.46,Nizamabad
Taro,Mukhi,30008.14,Khammam
Taro,Mukhi,41270.74,Palakkad
Taro,Mukhi,29310.2,Idukki
Tea,Assam,65781.4,Amritsar
Tea,Assam,64078.33,Ludhiana
Tea,Assam,47001.96,Karnal
Tea,Assam,49006.68,Kurukshetra
Tea,Assam,72701.07,Saharanpur
Tea,Assam,77177.35,Agra
Tea,Assam,58108.7,Varanasi
Tea,Assam,74623.71,Patna
Tea,Assam,73532.3,Muzaffarpur
Tea,Assam,53650.54,Nadia
Tea,Assam,63725.94,Burdwan
Tea,Assam,54661.7,Kamrup
Tea,Assam,50049.93,Cuttack
Tea,Assam,74196.3,Ganjam
Tea,Assam,76415.69,Raipur
Tea,Assam,55347.51,Bhopal
Tea,Assam,48631.27,Indore
Tea,Assam,64024.42,Ahmedabad
Tea,Assam,69522.33,Rajkot
Tea,Assam,56603.7,Surat
Tea,Assam,70841.06,Pune
Tea,Assam,64078.68,Nashik
Tea,Assam,44887.37,Nagpur
Tea,Assam,51816.95,Belagavi
Tea,Assam,51427.83,Mysuru
Tea,Assam,81618.17,Koppal
Tea,Assam,60305.02,Coimbatore
Tea,Assam,68723.23,Madurai
Tea,Assam,72343.42,Thanjavur
Tea,Assam,65989.21,Kurnool
Tea,Assam,81060.82,Guntur
Tea,Assam,76874.22,Prakasam
Tea,Assam,57947.54,Nizamabad
Tea,Assam,59819.11,Khammam
Tea,Assam,79406.56,Palakkad
Tea,Assam,55337.41,Idukki
Tea,Darjeeling,61032.43,Amritsar
Tea,Darjeeling,63860.79,Ludhiana
Tea,Darjeeling,46948.41,Karnal
Tea,Darjeeling,50636.25,Kurukshetra
Tea,Darjeeling,67849.55,Saharanpur
Tea,Darjeeling,77122.11,Agra
Tea,Darjeeling,55663.49,Varanasi
Tea,Darjeeling,78182.41,Patna
Tea,Darjeeling,73330.02,Muzaffarpur
Tea,Darjeeling,50301.68,Nadia
Tea,Darjeeling,67355.65,Burdwan
Tea,Darjeeling,57519.58,Kamrup
Tea,Darjeeling,50709.44,Cuttack
Tea,Darjeeling,72062.58,Ganjam
Tea,Darjeeling,83191.49,Raipur
Tea,Darjeeling,53789.33,Bhopal
Tea,Darjeeling,46824.53,Indore
Tea,Darjeeling,67564.92,Ahmedabad
Tea,Darjeeling,69693.59,Rajkot
Tea,Darjeeling,52932.4,Surat
Tea,Darjeeling,67502.47,Pune
Tea,Darjeeling,65953.87,Nashik
Tea,Darjeeling,44941.39,Nagpur
Tea,Darjeeling,47684.04,Belagavi
Tea,Darjeeling,50755.18,Mysuru
Tea,Darjeeling,83106.76,Koppal
Tea,Darjeeling,63394.64,Coimbatore
Tea,Darjeeling,65187.09,Madurai
Tea,Darjeeling,70124.66,Thanjavur
Tea,Darjeeling,67293.28,Kurnool
Tea,Darjeeling,75346.21,Guntur
Tea,Darjeeling,71291.59,Prakasam
Tea,Darjeeling,57874.95,Nizamabad
Tea,Darjeeling,56567.12,Khammam
Tea,Darjeeling,80455.64,Palakkad
Tea,Darjeeling,57687.07,Idukki
Tobacco,FCV,36831.96,Amritsar
Tobacco,FCV,39070.47,Ludhiana
Tobacco,FCV,26178.82,Karnal
Tobacco,FCV,28935.91,Kurukshetra
Tobacco,FCV,41956.57,Saharanpur
Tobacco,FCV,44680.25,Agra
Tobacco,FCV,33353.56,Varanasi
Tobacco,FCV,45416.58,Patna
Tobacco,FCV,39503.36,Muzaffarpur
Tobacco,FCV,31471.24,Nadia
Tobacco,FCV,39857.98,Burdwan
Tobacco,FCV,33781.53,Kamrup
Tobacco,FCV,29142.76,Cuttack
Tobacco,FCV,42365.85,Ganjam
Tobacco,FCV,45212.93,Raipur
Tobacco,FCV,30320.43,Bhopal
Tobacco,FCV,27806.43,Indore
Tobacco,FCV,39504.23,Ahmedabad
Tobacco,FCV,40271.58,Rajkot
Tobacco,FCV,32206.76,Surat
Tobacco,FCV,42002.66,Pune
Tobacco,FCV,38619.48,Nashik
Tobacco,FCV,28063.05,Nagpur
Tobacco,FCV,28636.76,Belagavi
Tobacco,FCV,29127.02,Mysuru
Tobacco,FCV,49074.62,Koppal
Tobacco,FCV,35585.99,Coimbatore
Tobacco,FCV,39146.9,Madurai
Tobacco,FCV,42450.21,Thanjavur
Tobacco,FCV,36214.63,Kurnool
Tobacco,FCV,46757.21,Guntur
Tobacco,FCV,42034.4,Prakasam
Tobacco,FCV,33318.32,Nizamabad
Tobacco,FCV,33886.46,Khammam
Tobacco,FCV,46542.98,Palakkad
Tobacco,FCV,35165.27,Idukki
Tobacco,Bidi Tobacco,37105.07,Amritsar
Tobacco,Bidi Tobacco,38849.8,Ludhiana
Tobacco,Bidi Tobacco,28233.19,Karnal
Tobacco,Bidi Tobacco,29959.05,Kurukshetra
Tobacco,Bidi Tobacco,42117.97,Saharanpur
Tobacco,Bidi Tobacco,43064.79,Agra
Tobacco,Bidi Tobacco,33954.18,Varanasi
Tobacco,Bidi Tobacco,44914.35,Patna
Tobacco,Bidi Tobacco,42802.4,Muzaffarpur
Tobacco,Bidi Tobacco,29290.35,Nadia
Tobacco,Bidi Tobacco,37642.0,Burdwan
Tobacco,Bidi Tobacco,34544.76,Kamrup
Tobacco,Bidi Tobacco,29914.68,Cuttack
Tobacco,Bidi Tobacco,44146.65,Ganjam
Tobacco,Bidi Tobacco,45531.66,Raipur
Tobacco,Bidi Tobacco,30149.75,Bhopal
Tobacco,Bidi Tobacco,28475.8,Indore
Tobacco,Bidi Tobacco,38711.49,Ahmedabad
Tobacco,Bidi Tobacco,40167.81,Rajkot
Tobacco,Bidi Tobacco,31909.86,Surat
Tobacco,Bidi Tobacco,42134.52,Pune
Tobacco,Bidi Tobacco,36127.67,Nashik
Tobacco,Bidi Tobacco,26660.76,Nagpur
Tobacco,Bidi Tobacco,29492.19,Belagavi
Tobacco,Bidi Tobacco,30487.12,Mysuru
Tobacco,Bidi Tobacco,48262.62,Koppal
Tobacco,Bidi Tobacco,37183.08,Coimbatore
Tobacco,Bidi Tobacco,36943.13,Madurai
Tobacco,Bidi Tobacco,40075.28,Thanjavur
Tobacco,Bidi Tobacco,37368.72,Kurnool
Tobacco,Bidi Tobacco,46426.57,Guntur
Tobacco,Bidi Tobacco,43043.53,Prakasam
Tobacco,Bidi Tobacco,35342.64,Nizamabad
Tobacco,Bidi Tobacco,32657.07,Khammam
Tobacco,Bidi Tobacco,44923.87,Palakkad
Tobacco,Bidi Tobacco,32978.46,Idukki
Tomato,Pusa Ruby,40879.03,Amritsar
Tomato,Pusa Ruby,45565.02,Ludhiana
Tomato,Pusa Ruby,31522.51,Karnal
Tomato,Pusa Ruby,35301.5,Kurukshetra
Tomato,Pusa Ruby,47254.47,Saharanpur
Tomato,Pusa Ruby,48259.92,Agra
Tomato,Pusa Ruby,35483.66,Varanasi
Tomato,Pusa Ruby,51946.9,Patna
Tomato,Pusa Ruby,49408.29,Muzaffarpur
Tomato,Pusa Ruby,35659.61,Nadia
Tomato,Pusa Ruby,42723.23,Burdwan
Tomato,Pusa Ruby,36975.54,Kamrup
Tomato,Pusa Ruby,34186.84,Cuttack
Tomato,Pusa Ruby,48147.88,Ganjam
Tomato,Pusa Ruby,52339.11,Raipur
Tomato,Pusa Ruby,36708.6,Bhopal
Tomato,Pusa Ruby,33382.93,Indore
Tomato,Pusa Ruby,44535.96,Ahmedabad
Tomato,Pusa Ruby,47634.62,Rajkot
Tomato,Pusa Ruby,38168.17,Surat
Tomato,Pusa Ruby,44560.51,Pune
Tomato,Pusa Ruby,41529.97,Nashik
Tomato,Pusa Ruby,30048.05,Nagpur
Tomato,Pusa Ruby,32316.16,Belagavi
Tomato,Pusa Ruby,34867.24,Mysuru
Tomato,Pusa Ruby,53172.72,Koppal
Tomato,Pusa Ruby,41835.25,Coimbatore
Tomato,Pusa Ruby,45712.42,Madurai
Tomato,Pusa Ruby,47002.88,Thanjavur
Tomato,Pusa Ruby,44155.18,Kurnool
Tomato,Pusa Ruby,53013.78,Guntur
Tomato,Pusa Ruby,51422.13,Prakasam
Tomato,Pusa Ruby,40424.47,Nizamabad
Tomato,Pusa Ruby,38164.73,Khammam
Tomato,Pusa Ruby,55125.29,Palakkad
Tomato,Pusa Ruby,38608.95,Idukki
Tomato,Arka Vikas,44203.57,Amritsar
Tomato,Arka Vikas,44032.02,Ludhiana
Tomato,Arka Vikas,29304.16,Karnal
Tomato,Arka Vikas,34610.59,Kurukshetra
Tomato,Arka Vikas,47339.1,Saharanpur
Tomato,Arka Vikas,49269.73,Agra
Tomato,Arka Vikas,36326.17,Varanasi
Tomato,Arka Vikas,53568.35,Patna
Tomato,Arka Vikas,45744.35,Muzaffarpur
Tomato,Arka Vikas,32969.17,Nadia
Tomato,Arka Vikas,44778.26,Burdwan
Tomato,Arka Vikas,39236.23,Kamrup
Tomato,Arka Vikas,35534.46,Cuttack
Tomato,Arka Vikas,49210.16,Ganjam
Tomato,Arka Vikas,51999.11,Raipur
Tomato,Arka Vikas,35824.14,Bhopal
Tomato,Arka Vikas,33381.02,Indore
Tomato,Arka Vikas,44463.95,Ahmedabad
Tomato,Arka Vikas,48823.31,Rajkot
Tomato,Arka Vikas,35496.35,Surat
Tomato,Arka Vikas,46861.46,Pune
Tomato,Arka Vikas,40928.66,Nashik
Tomato,Arka Vikas,29568.39,Nagpur
Tomato,Arka Vikas,33024.82,Belagavi
Tomato,Arka Vikas,33905.86,Mysuru
Tomato,Arka Vikas,54232.22,Koppal
Tomato,Arka Vikas,40965.51,Coimbatore
Tomato,Arka Vikas,44897.9,Madurai
Tomato,Arka Vikas,48631.22,Thanjavur
Tomato,Arka Vikas,41183.45,Kurnool
Tomato,Arka Vikas,52840.25,Guntur
Tomato,Arka Vikas,49201.38,Prakasam
Tomato,Arka Vikas,40429.04,Nizamabad
Tomato,Arka Vikas,39921.21,Khammam
Tomato,Arka Vikas,50622.17,Palakkad
Tomato,Arka Vikas,39044.16,Idukki
Turmeric,Prabha,53132.72,Amritsar
Turmeric,Prabha,54916.03,Ludhiana
Turmeric,Prabha,38789.38,Karnal
Turmeric,Prabha,40822.34,Kurukshetra
Turmeric,Prabha,55405.32,Saharanpur
Turmeric,Prabha,64697.3,Agra
Turmeric,Prabha,45346.45,Varanasi
Turmeric,Prabha,63488.82,Patna
Turmeric,Prabha,58624.71,Muzaffarpur
Turmeric,Prabha,43388.04,Nadia
Turmeric,Prabha,54756.11,Burdwan
Turmeric,Prabha,49693.74,Kamrup
Turmeric,Prabha,42941.23,Cuttack
Turmeric,Prabha,59997.84,Ganjam
Turmeric,Prabha,64995.21,Raipur
Turmeric,Prabha,42758.21,Bhopal
Turmeric,Prabha,40056.82,Indore
Turmeric,Prabha,53167.66,Ahmedabad
Turmeric,Prabha,61797.99,Rajkot
Turmeric,Prabha,46284.09,Surat
Turmeric,Prabha,59673.54,Pune
Turmeric,Prabha,53803.49,Nashik
Turmeric,Prabha,40527.57,Nagpur
Turmeric,Prabha,40418.33,Belagavi
Turmeric,Prabha,42698.3,Mysuru
Turmeric,Prabha,69779.85,Koppal
Turmeric,Prabha,51755.4,Coimbatore
Turmeric,Prabha,56654.35,Madurai
Turmeric,Prabha,61187.11,Thanjavur
Turmeric,Prabha,54466.29,Kurnool
Turmeric,Prabha,66191.19,Guntur
Turmeric,Prabha,59783.2,Prakasam
Turmeric,Prabha,51404.14,Nizamabad
Turmeric,Prabha,46712.86,Khammam
Turmeric,Prabha,65311.09,Palakkad
Turmeric,Prabha,49294.35,Idukki
Turmeric,Pratibha,53700.94,Amritsar
Turmeric,Pratibha,54427.71,Ludhiana
Turmeric,Pratibha,38449.95,Karnal
Turmeric,Pratibha,42393.01,Kurukshetra
Turmeric,Pratibha,60806.14,Saharanpur
Turmeric,Pratibha,63984.2,Agra
Turmeric,Pratibha,48921.08,Varanasi
Turmeric,Pratibha,63586.61,Patna
Turmeric,Pratibha,58742.77,Muzaffarpur
Turmeric,Pratibha,43466.21,Nadia
Turmeric,Pratibha,53966.66,Burdwan
Turmeric,Pratibha,48980.97,Kamrup
Turmeric,Pratibha,43670.8,Cuttack
Turmeric,Pratibha,58657.58,Ganjam
Turmeric,Pratibha,66848.91,Raipur
Turmeric,Pratibha,42931.98,Bhopal
Turmeric,Pratibha,40319.74,Indore
Turmeric,Pratibha,57359.96,Ahmedabad
Turmeric,Pratibha,59391.38,Rajkot
Turmeric,Pratibha,46585.8,Surat
Turmeric,Pratibha,59452.17,Pune
Turmeric,Pratibha,51946.06,Nashik
Turmeric,Pratibha,38935.03,Nagpur
Turmeric,Pratibha,39604.14,Belagavi
Turmeric,Pratibha,44611.59,Mysuru
Turmeric,Pratibha,68035.53,Koppal
Turmeric,Pratibha,53850.02,Coimbatore
Turmeric,Pratibha,53839.28,Madurai
Turmeric,Pratibha,60698.49,Thanjavur
Turmeric,Pratibha,53041.17,Kurnool
Turmeric,Pratibha,65610.52,Guntur
Turmeric,Pratibha,61326.3,Prakasam
Turmeric,Pratibha,48850.84,Nizamabad
Turmeric,Pratibha,46399.89,Khammam
Turmeric,Pratibha,67475.11,Palakkad
Turmeric,Pratibha,48589.56,Idukki
Turnip,Purple Top White Globe,27236.15,Amritsar
Turnip,Purple Top White Globe,27175.58,Ludhiana
Turnip,Purple Top White Globe,18289.76,Karnal
Turnip,Purple Top White Globe,20474.74,Kurukshetra
Turnip,Purple Top White Globe,30363.66,Saharanpur
Turnip,Purple Top White Globe,29696.74,Agra
Turnip,Purple Top White Globe,24203.7,Varanasi
Turnip,Purple Top White Globe,32287.5,Patna
Turnip,Purple Top White Globe,30905.01,Muzaffarpur
Turnip,Purple Top White Globe,21564.27,Nadia
Turnip,Purple Top White Globe,26408.3,Burdwan
Turnip,Purple Top White Globe,23974.95,Kamrup
Turnip,Purple Top White Globe,20450.86,Cuttack
Turnip,Purple Top White Globe,30353.01,Ganjam
Turnip,Purple Top White Globe,32710.16,Raipur
Turnip,Purple Top White Globe,22592.92,Bhopal
Turnip,Purple Top White Globe,20306.87,Indore
Turnip,Purple Top White Globe,26960.27,Ahmedabad
Turnip,Purple Top White Globe,28808.15,Rajkot
Turnip,Purple Top White Globe,21993.54,Surat
Turnip,Purple Top White Globe,29156.4,Pune
Turnip,Purple Top White Globe,25407.52,Nashik
Turnip,Purple Top White Globe,18491.99,Nagpur
Turnip,Purple Top White Globe,20904.44,Belagavi
Turnip,Purple Top White Globe,20663.56,Mysuru
Turnip,Purple Top White Globe,33863.53,Koppal
Turnip,Purple Top White Globe,26288.64,Coimbatore
Turnip,Purple Top White Globe,27178.06,Madurai
Turnip,Purple Top White Globe,28337.29,Thanjavur
Turnip,Purple Top White Globe,26488.87,Kurnool
Turnip,Purple Top White Globe,33471.34,Guntur
Turnip,Purple Top White Globe,30207.59,Prakasam
Turnip,Purple Top White Globe,25467.79,Nizamabad
Turnip,Purple Top White Globe,23685.7,Khammam
Turnip,Purple Top White Globe,34476.77,Palakkad
Turnip,Purple Top White Globe,23910.31,Idukki
Turnip,Pusa Sweti,27650.71,Amritsar
Turnip,Pusa Sweti,26455.41,Ludhiana
Turnip,Pusa Sweti,18650.06,Karnal
Turnip,Pusa Sweti,22027.99,Kurukshetra
Turnip,Pusa Sweti,28865.36,Saharanpur
Turnip,Pusa Sweti,31130.75,Agra
Turnip,Pusa Sweti,23344.95,Varanasi
Turnip,Pusa Sweti,31457.08,Patna
Turnip,Pusa Sweti,28948.6,Muzaffarpur
Turnip,Pusa Sweti,21761.47,Nadia
Turnip,Pusa Sweti,25782.98,Burdwan
Turnip,Pusa Sweti,24383.62,Kamrup
Turnip,Pusa Sweti,22036.56,Cuttack
Turnip,Pusa Sweti,31313.68,Ganjam
Turnip,Pusa Sweti,33642.03,Raipur
Turnip,Pusa Sweti,21159.51,Bhopal
Turnip,Pusa Sweti,19100.6,Indore
Turnip,Pusa Sweti,26858.69,Ahmedabad
Turnip,Pusa Sweti,28856.99,Rajkot
Turnip,Pusa Sweti,23756.85,Surat
Turnip,Pusa Sweti,28935.08,Pune
Turnip,Pusa Sweti,26148.14,Nashik
Turnip,Pusa Sweti,18930.46,Nagpur
Turnip,Pusa Sweti,20248.07,Belagavi
Turnip,Pusa Sweti,22459.25,Mysuru
Turnip,Pusa Sweti,33041.5,Koppal
Turnip,Pusa Sweti,26659.59,Coimbatore
Turnip,Pusa Sweti,26569.65,Madurai
Turnip,Pusa Sweti,30963.02,Thanjavur
Turnip,Pusa Sweti,26814.95,Kurnool
Turnip,Pusa Sweti,31889.1,Guntur
Turnip,Pusa Sweti,29461.09,Prakasam
Turnip,Pusa Sweti,24111.57,Nizamabad
Turnip,Pusa Sweti,22891.91,Khammam
Turnip,Pusa Sweti,31662.08,Palakkad
Turnip,Pusa Sweti,23827.01,Idukki
Urad Dal,Pant U-31,12018.49,Amritsar
Urad Dal,Pant U-31,12608.7,Ludhiana
Urad Dal,Pant U-31,8746.6,Karnal
Urad Dal,Pant U-31,10172.57,Kurukshetra
Urad Dal,Pant U-31,13474.86,Saharanpur
Urad Dal,Pant U-31,14534.71,Agra
Urad Dal,Pant U-31,11013.33,Varanasi
Urad Dal,Pant U-31,14587.22,Patna
Urad Dal,Pant U-31,14216.84,Muzaffarpur
Urad Dal,Pant U-31,10548.36,Nadia
Urad Dal,Pant U-31,13397.54,Burdwan
Urad Dal,Pant U-31,11993.76,Kamrup
Urad Dal,Pant U-31,9781.77,Cuttack
Urad Dal,Pant U-31,15167.35,Ganjam
Urad Dal,Pant U-31,15149.86,Raipur
Urad Dal,Pant U-31,11078.01,Bhopal
Urad Dal,Pant U-31,9148.08,Indore
Urad Dal,Pant U-31,13169.37,Ahmedabad
Urad Dal,Pant U-31,13521.73,Rajkot
Urad Dal,Pant U-31,10459.69,Surat
Urad Dal,Pant U-31,14123.78,Pune
Urad Dal,Pant U-31,12313.94,Nashik
Urad Dal,Pant U-31,9596.92,Nagpur
Urad Dal,Pant U-31,10188.9,Belagavi
Urad Dal,Pant U-31,10729.09,Mysuru
Urad Dal,Pant U-31,16670.74,Koppal
Urad Dal,Pant U-31,12869.76,Coimbatore
Urad Dal,Pant U-31,13156.58,Madurai
Urad Dal,Pant U-31,14413.1,Thanjavur
Urad Dal,Pant U-31,13099.12,Kurnool
Urad Dal,Pant U-31,15140.2,Guntur
Urad Dal,Pant U-31,14038.14,Prakasam
Urad Dal,Pant U-31,11558.77,Nizamabad
Urad Dal,Pant U-31,11275.17,Khammam
Urad Dal,Pant U-31,15696.6,Palakkad
Urad Dal,Pant U-31,11827.79,Idukki
Urad Dal,KU-96-3,12587.06,Amritsar
Urad Dal,KU-96-3,13152.37,Ludhiana
Urad Dal,KU-96-3,9300.9,Karnal
Urad Dal,KU-96-3,10210.55,Kurukshetra
Urad Dal,KU-96-3,13409.19,Saharanpur
Urad Dal,KU-96-3,14201.44,Agra
Urad Dal,KU-96-3,11350.83,Varanasi
Urad Dal,KU-96-3,14669.88,Patna
Urad Dal,KU-96-3,14382.29,Muzaffarpur
Urad Dal,KU-96-3,9900.12,Nadia
Urad Dal,KU-96-3,13280.76,Burdwan
Urad Dal,KU-96-3,11004.91,Kamrup
Urad Dal,KU-96-3,10590.54,Cuttack
Urad Dal,KU-96-3,13853.16,Ganjam
Urad Dal,KU-96-3,15147.32,Raipur
Urad Dal,KU-96-3,10195.54,Bhopal
Urad Dal,KU-96-3,9890.55,Indore
Urad Dal,KU-96-3,12645.92,Ahmedabad
Urad Dal,KU-96-3,13612.81,Rajkot
Urad Dal,KU-96-3,10379.76,Surat
Urad Dal,KU-96-3,14127.07,Pune
Urad Dal,KU-96-3,12325.14,Nashik
Urad Dal,KU-96-3,8832.87,Nagpur
Urad Dal,KU-96-3,9924.77,Belagavi
Urad Dal,KU-96-3,10576.76,Mysuru
Urad Dal,KU-96-3,15689.24,Koppal
Urad Dal,KU-96-3,12337.46,Coimbatore
Urad Dal,KU-96-3,12489.31,Madurai
Urad Dal,KU-96-3,14789.08,Thanjavur
Urad Dal,KU-96-3,13239.68,Kurnool
Urad Dal,KU-96-3,15694.5,Guntur
Urad Dal,KU-96-3,15398.42,Prakasam
Urad Dal,KU-96-3,11954.73,Nizamabad
Urad Dal,KU-96-3,11929.3,Khammam
Urad Dal,KU-96-3,15424.87,Palakkad
Urad Dal,KU-96-3,11166.42,Idukki
Watermelon,Sugar Baby,30252.29,Amritsar
Watermelon,Sugar Baby,33259.04,Ludhiana
Watermelon,Sugar Baby,23556.89,Karnal
Watermelon,Sugar Baby,25207.22,Kurukshetra
Watermelon,Sugar Baby,33236.87,Saharanpur
Watermelon,Sugar Baby,36184.47,Agra
Watermelon,Sugar Baby,28609.82,Varanasi
Watermelon,Sugar Baby,39394.45,Patna
Watermelon,Sugar Baby,34463.54,Muzaffarpur
Watermelon,Sugar Baby,27119.87,Nadia
Watermelon,Sugar Baby,33502.77,Burdwan
Watermelon,Sugar Baby,29967.3,Kamrup
Watermelon,Sugar Baby,26282.84,Cuttack
Watermelon,Sugar Baby,37807.18,Ganjam
Watermelon,Sugar Baby,41047.99,Raipur
Watermelon,Sugar Baby,27081.14,Bhopal
Watermelon,Sugar Baby,23566.73,Indore
Watermelon,Sugar Baby,32629.07,Ahmedabad
Watermelon,Sugar Baby,35016.86,Rajkot
Watermelon,Sugar Baby,27122.04,Surat
Watermelon,Sugar Baby,35523.15,Pune
Watermelon,Sugar Baby,31523.33,Nashik
Watermelon,Sugar Baby,23233.33,Nagpur
Watermelon,Sugar Baby,24715.77,Belagavi
Watermelon,Sugar Baby,25040.6,Mysuru
Watermelon,Sugar Baby,41653.66,Koppal
Watermelon,Sugar Baby,30307.21,Coimbatore
Watermelon,Sugar Baby,32311.72,Madurai
Watermelon,Sugar Baby,34295.07,Thanjavur
Watermelon,Sugar Baby,33085.56,Kurnool
Watermelon,Sugar Baby,37822.41,Guntur
Watermelon,Sugar Baby,36067.74,Prakasam
Watermelon,Sugar Baby,29482.38,Nizamabad
Watermelon,Sugar Baby,28635.52,Khammam
Watermelon,Sugar Baby,39561.05,Palakkad
Watermelon,Sugar Baby,28848.3,Idukki
Watermelon,Arka Manik,30555.11,Amritsar
Watermelon,Arka Manik,31077.42,Ludhiana
Watermelon,Arka Manik,22895.02,Karnal
Watermelon,Arka Manik,25757.04,Kurukshetra
Watermelon,Arka Manik,35519.4,Saharanpur
Watermelon,Arka Manik,35694.06,Agra
Watermelon,Arka Manik,28377.92,Varanasi
Watermelon,Arka Manik,38502.79,Patna
Watermelon,Arka Manik,36784.26,Muzaffarpur
Watermelon,Arka Manik,26079.25,Nadia
Watermelon,Arka Manik,33066.43,Burdwan
Watermelon,Arka Manik,28459.85,Kamrup
Watermelon,Arka Manik,26888.79,Cuttack
Watermelon,Arka Manik,35125.11,Ganjam
Watermelon,Arka Manik,41326.58,Raipur
Watermelon,Arka Manik,25901.86,Bhopal
Watermelon,Arka Manik,22927.02,Indore
Watermelon,Arka Manik,33429.81,Ahmedabad
Watermelon,Arka Manik,36346.46,Rajkot
Watermelon,Arka Manik,27648.41,Surat
Watermelon,Arka Manik,33232.76,Pune
Watermelon,Arka Manik,31818.83,Nashik
Watermelon,Arka Manik,23729.3,Nagpur
Watermelon,Arka Manik,24650.87,Belagavi
Watermelon,Arka Manik,25870.42,Mysuru
Watermelon,Arka Manik,41163.17,Koppal
Watermelon,Arka Manik,32103.99,Coimbatore
Watermelon,Arka Manik,31541.73,Madurai
Watermelon,Arka Manik,35845.92,Thanjavur
Watermelon,Arka Manik,31767.26,Kurnool
Watermelon,Arka Manik,38281.73,Guntur
Watermelon,Arka Manik,37313.02,Prakasam
Watermelon,Arka Manik,29204.37,Nizamabad
Watermelon,Arka Manik,27933.94,Khammam
Watermelon,Arka Manik,37771.71,Palakkad
Watermelon,Arka Manik,28895.1,Idukki
Wheat,HD 2967,20091.33,Amritsar
Wheat,HD 2967,20552.93,Ludhiana
Wheat,HD 2967,13501.19,Karnal
Wheat,HD 2967,15651.48,Kurukshetra
Wheat,HD 2967,20440.85,Saharanpur
Wheat,HD 2967,23211.78,Agra
Wheat,HD 2967,16697.13,Varanasi
Wheat,HD 2967,22699.58,Patna
Wheat,HD 2967,20502.11,Muzaffarpur
Wheat,HD 2967,16197.7,Nadia
Wheat,HD 2967,18985.81,Burdwan
Wheat,HD 2967,17755.93,Kamrup
Wheat,HD 2967,15052.99,Cuttack
Wheat,HD 2967,21134.1,Ganjam
Wheat,HD 2967,24006.73,Raipur
Wheat,HD 2967,16391.78,Bhopal
Wheat,HD 2967,14565.06,Indore
Wheat,HD 2967,19216.2,Ahmedabad
Wheat,HD 2967,21978.6,Rajkot
Wheat,HD 2967,16020.08,Surat
Wheat,HD 2967,21975.43,Pune
Wheat,HD 2967,18668.93,Nashik
Wheat,HD 2967,14254.16,Nagpur
Wheat,HD 2967,15714.88,Belagavi
Wheat,HD 2967,15215.4,Mysuru
Wheat,HD 2967,23901.04,Koppal
Wheat,HD 2967,19026.93,Coimbatore
Wheat,HD 2967,19610.47,Madurai
Wheat,HD 2967,22450.18,Thanjavur
Wheat,HD 2967,20005.97,Kurnool
Wheat,HD 2967,23412.44,Guntur
Wheat,HD 2967,23326.26,Prakasam
Wheat,HD 2967,18125.65,Nizamabad
Wheat,HD 2967,16815.16,Khammam
Wheat,HD 2967,24040.76,Palakkad
Wheat,HD 2967,17498.54,Idukki
Wheat,PBW 343,18520.47,Amritsar
Wheat,PBW 343,19798.19,Ludhiana
Wheat,PBW 343,13411.64,Karnal
Wheat,PBW 343,16166.04,Kurukshetra
Wheat,PBW 343,21553.09,Saharanpur
Wheat,PBW 343,23672.62,Agra
Wheat,PBW 343,17067.85,Varanasi
Wheat,PBW 343,23262.18,Patna
Wheat,PBW 343,21518.01,Muzaffarpur
Wheat,PBW 343,15763.84,Nadia
Wheat,PBW 343,18895.99,Burdwan
Wheat,PBW 343,17922.81,Kamrup
Wheat,PBW 343,15055.68,Cuttack
Wheat,PBW 343,22396.44,Ganjam
Wheat,PBW 343,23492.63,Raipur
Wheat,PBW 343,16564.91,Bhopal
Wheat,PBW 343,14140.18,Indore
Wheat,PBW 343,20470.56,Ahmedabad
Wheat,PBW 343,21528.54,Rajkot
Wheat,PBW 343,15883.69,Surat
Wheat,PBW 343,20222.62,Pune
Wheat,PBW 343,19972.51,Nashik
Wheat,PBW 343,13887.5,Nagpur
Wheat,PBW 343,15642.77,Belagavi
Wheat,PBW 343,15562.28,Mysuru
Wheat,PBW 343,24298.89,Koppal
Wheat,PBW 343,19240.83,Coimbatore
Wheat,PBW 343,19813.86,Madurai
Wheat,PBW 343,21734.07,Thanjavur
Wheat,PBW 343,19737.67,Kurnool
Wheat,PBW 343,24069.72,Guntur
Wheat,PBW 343,22644.63,Prakasam
Wheat,PBW 343,18098.21,Nizamabad
Wheat,PBW 343,17946.47,Khammam
Wheat,PBW 343,24286.69,Palakkad
Wheat,PBW 343,17786.46,Idukki
