N,P,K,temperature,humidity,ph,rainfall,label
65.9,28.7,32.3,37.5,86.8,6.65,1550.6,Jute
99.4,57.4,49.4,12.6,53.4,7.67,454.6,Wheat
157.1,76.6,87.6,20.2,81.1,6.27,565.7,Broccoli
33.1,46.3,28.7,24.7,67.7,7.12,537.6,Urad Dal
28,40.6,24.5,29.5,66.5,6.3,897.4,Arhar Dal
32.6,45,47.8,12.3,58.3,6.4,424.6,Pea
222.2,75.5,117.3,32.7,80.5,7.3,1628.4,Sugarcane
25.2,46.5,21.3,30.7,59.8,5.94,969.5,Arhar Dal
56.1,43.1,164.6,22.6,64.9,5.51,979.5,Sweet Potato
35.9,46,54.7,10.6,58.9,7.4,388.5,Field Pea
37.3,20.2,23.8,31.8,55.4,6.24,558.8,Sesame
83,43.5,154.9,30,84.3,5.93,1937,Coconut
67.6,53.2,65.5,25.8,65.6,5.37,590,Cucumber
17.5,57.1,19.5,17.7,51.6,7.06,353.9,Lentil
52.9,29,29.2,32.6,33.9,7.57,345.6,Pearl Millet
74.4,45.2,47.1,21.2,69.1,7.16,541.2,Spinach
140.2,50.1,98.5,19,77.8,5.13,1680.4,Tea
28.6,44.6,33.2,24.7,47.9,6.25,469.2,Chickpea
46.9,23.3,104.6,26.3,81.5,4.55,1551.6,Pineapple
59.1,42.4,46.4,29.7,51.5,7.24,581.7,Jowar
62,43.1,125.8,27,67.5,5.23,658.4,Sweet Potato
96,50.8,59.1,16.6,66.1,7.1,579.4,Cabbage
99.2,52.6,77.4,21.5,53,6.54,596.7,Onion
57.4,25.6,41.9,34.3,53,6.15,566.7,Sesame
85.5,45.9,69.6,35.5,65,6.59,921.1,Bitter Gourd
82,33.2,47.9,29.3,66.4,6.07,1091,Amaranthus
101.6,44.2,56.8,13.5,55.7,6.92,709.3,Garlic
41.4,29.1,39.9,26.5,39.1,7.05,244,Fennel
83.6,48.1,71.6,11.4,63.8,7.08,580,Cauliflower
87,61.3,107.2,26.7,73.7,6.03,1519.1,Turmeric
128.8,52.6,64.1,25,72.2,5.99,1013.2,Rice
102.2,51.2,118.8,30.2,74.1,6.41,2191.6,Taro
159.9,90,92.2,16.2,61.8,5.42,439.2,Potato
217.1,90.8,103.6,24.1,70.1,7.22,971.5,Sugarcane
80.9,59.9,74.8,20.6,64.1,5.38,570,Turnip
51.7,32.5,97.7,30.3,83.8,5.33,1525,Pineapple
71.7,21.5,37.7,25.6,54,6.17,502.4,Ragi
111,59,158.4,31.8,77.3,6.73,1652.7,Taro
117.7,49.3,53.4,27.4,79.4,6.19,1257.4,Paddy
66.9,39.3,73.6,22.3,55.3,6.06,1163.8,Lemon
76,55.4,82.4,29.1,83.1,4.77,2635.8,Rubber
72.8,33.7,80.7,25.4,88.3,5.91,2745.2,Cardamom
32.8,55.4,33.7,30.2,58.2,7.17,777.5,Pigeon Pea
35.7,67.7,48.2,22.7,62.2,6.4,1020.9,Soybean
135.2,68.7,88.3,28.8,62.1,6.08,784.1,Tomato
59.4,30.1,35.3,25.6,38.4,6.96,504.1,Safflower
84.2,49.7,48.5,25.4,70.2,6.69,770.2,Chilli
102,46.9,70.2,33.5,81.3,6.46,1170.5,Litchi
39,29.6,78.2,34,55.2,7.37,427.9,Pomegranate
74,41,76.2,30.7,70.4,7.52,722.5,Okra
36.1,55.4,22.2,24.9,41.9,6.29,419.4,Gram
98.4,80.7,118.1,29.2,78.5,6.27,1448.2,Taro
26.3,55.3,49.4,20,60.5,6.92,436.1,Pea
23.1,35.6,11.4,33.5,34.2,8.35,399.7,Moth Bean
103.3,76.3,109.9,22.8,70,5.64,633.9,Tomato
97.4,36,44.1,14.1,62.8,6.62,547.4,Radish
90.5,55,144.8,23.5,50.3,8.51,655.7,Grapes
82.3,73.2,69,30.7,82.3,5.04,3015.5,Rubber
52.8,28.2,38.7,21.3,34,5.88,310.6,Linseed
27.2,49,42.8,16.7,55.2,5.8,394.2,Field Pea
95.1,36.2,74.8,24.7,55.2,7.48,691.7,Watermelon
107.9,47.4,62.5,31.4,63.8,6.82,592.2,Bitter Gourd
93.6,45,49.3,17.9,66.6,6.82,457.8,Spinach
52.8,43.2,134.4,24,71.9,5.34,896.6,Sweet Potato
90.3,48,99.4,31.9,79.1,6.36,1357.2,Turmeric
72.3,42,19,25.3,52.3,6.17,544.9,Mustard
34.4,31.5,47.7,31,40.4,7.97,503.6,Ber
16.1,27.5,32.1,31.1,49.9,6.94,667.2,Horse Gram
24.8,39.8,32.7,29.6,66.8,6.63,862,Urad Dal
69.7,57.8,73.1,12.7,58.9,6.81,544.6,Garlic
126.8,73.2,53.8,26.6,64.9,6.3,1112.3,Maize
125.1,63.2,107.2,23.1,75.3,6.41,1028.7,Papaya
51.9,21.6,23.7,28.9,33.6,6.49,278.3,Fennel
62.7,58,55.2,16.1,60.1,7.16,860.6,Capsicum
46.8,31.9,31.5,14,46.9,6.79,307,Linseed
89,46.9,41.3,24.4,46.4,6.52,544,Sorghum
63.1,37.6,38.9,26.1,53.1,6.44,562,Jowar
131.5,56.2,79.1,16.9,76.8,6.26,599.4,Potato
39.7,49.7,20.2,10.6,42,7.32,379.3,Lentil
114.3,74.2,116.5,35.2,81.2,6.37,1908.1,Jackfruit
51.8,32.5,29.9,18.5,37.5,8.07,378.4,Coriander
120.5,48.3,149.6,16.2,79.2,4.98,1821.2,Coffee
67.3,38.5,76,20,81.6,6.61,1786.9,Cardamom
82.6,48.4,32.9,28.4,69.4,6.09,782.5,Amaranthus
66.8,32.8,43,24.4,57.1,7,1114.6,Amla
115.8,49.9,134.4,18.2,79.1,5.5,2341.6,Coffee
83.7,38.6,111.7,30,78.9,6.17,1671.3,Ginger
55,46.6,82.2,23.3,80.8,5.54,2411.8,Cardamom
102.8,49.9,90.7,27.2,78.5,5.39,1404.4,Ginger
54.1,22.7,34.3,17.7,28.8,7.24,393.6,Coriander
69.2,48.7,72.4,29.5,72.8,6.98,1778.5,Clove
87.5,64.3,65.5,14.1,66.5,6.61,435.6,Lettuce
126.5,80.7,124,35,76.4,6.29,1339.2,Papaya
20.7,39.2,15.9,35.7,30.3,7.72,308.7,Moth Bean
92.7,51.5,57.2,16.7,67.5,7.89,527.6,Cauliflower
77.3,46,24.2,25.1,47.7,6.99,500.4,Bajra
64.1,43,56.1,28.5,64.8,6.05,737,Ash Gourd
62.5,75.7,43,31.7,58.8,7.45,927.6,Cotton
31.6,22,28.1,27.6,64.2,5.77,376.4,Ragi
63.7,43.8,46.1,29.8,83.7,6.78,2355.8,Jute
79.5,42.8,67.6,29.1,42.5,6.21,597.4,Pomegranate
118.4,52.8,43.4,15.1,63.7,5.92,470.3,Wheat
23.7,55,53.2,8.7,63.7,6.1,467.4,Pea
20.6,57.9,37,30,55.9,7.26,503.5,Mung Bean
101.7,41.6,62.2,21.7,79,5.93,661.9,Capsicum
103.8,44.1,74.6,30.8,64.6,7.49,795.2,Bottle Gourd
33.7,45.3,33.6,26.3,48.7,7.39,443.3,Chickpea
83.9,46,173.8,30.2,78.5,5.09,1171,Coconut
69.6,33.7,41,34.3,61.3,8.09,364.5,Pearl Millet
94,46.9,138.9,26.5,61.8,5.7,1008.3,Tobacco
79.3,44.5,106.4,31.5,86.9,6.87,1910.4,Turmeric
84.3,53.8,64.7,11.3,70.2,6.8,630.6,Cauliflower
80.2,49.5,63.9,24.6,61.2,6.47,748.9,Okra
23.1,57.3,54.5,21.9,62.6,7.68,335.9,Field Pea
83,55.5,66.7,18.7,64.3,7.27,654.6,Cabbage
39.9,23.9,25.6,27.5,50.2,6.94,495.1,Sesame
20.3,33.7,32.5,36.1,68.2,7.62,516.3,Horse Gram
104.6,45.9,60.8,13.6,63.5,6.29,1423,Orange
70,29.3,111.8,28.7,76,5.69,1793,Pineapple
22.7,51.9,32.8,23.8,39.2,8.5,459.8,Gram
62.6,35.3,51.7,26.5,80.9,6.68,744.5,Ash Gourd
140.9,41.8,94.9,29.2,66.9,5.38,1714.7,Tea
51.9,31.7,93.8,31.8,83.3,5.77,1175.4,Pineapple
83.4,48,24,33.4,39.3,7.51,521.6,Bajra
96.4,41.9,55.8,18.5,62.5,6.98,512.3,Cauliflower
91.9,53.7,138.6,19.3,61,6.18,1077.3,Tobacco
41.4,26.9,41.6,34.2,64.5,6.77,954.6,Curry Leaf
68.2,51.4,72.9,28.3,33.5,7.27,491.4,Pomegranate
22.1,25.4,35.6,43.3,52.6,6.79,355.2,Horse Gram
69.3,49.1,93.1,26,64.7,7.34,1567,Guava
80.9,26.4,35.1,31.4,41.8,7.48,302.5,Pearl Millet
22.4,58.7,29.7,22.8,51.5,6.7,869.8,Pigeon Pea
48.1,38.6,76.9,27.9,81.5,6.45,2655.9,Clove
51.8,28.6,32.1,30.1,60.3,6.42,579.2,Niger
134,77.3,107.1,15.8,68.2,5.97,625.6,Potato
34.1,46.8,64.5,30.1,67.5,6.12,701,Groundnut
40.4,42.6,35.3,32.8,64.3,6.87,839,Arhar Dal
58.2,51,41.1,17.9,65.1,5.86,899.5,Lemon
45.8,44.3,46,31.8,69.7,6.1,967.3,Curry Leaf
66,38.9,77.1,17.6,66.9,6.63,1341.4,Guava
100.4,52.3,34.2,12.8,54.9,7.27,437.9,Mustard
27.7,67.2,45.5,16.2,62.3,6.22,411.3,Pea
54.2,40.5,63.7,27,59.6,6.61,717,Pumpkin
65.2,43.6,27,27.3,57.5,7.37,338.8,Bajra
115.7,45.9,63.5,18.2,66.4,6.6,599.9,Lettuce
28.4,40.7,60.1,29.3,50.5,6.63,823.4,Groundnut
127.6,35.3,95.3,27.8,78.9,5.66,2121.3,Tea
23.7,43.1,53.1,10.7,55.9,6.38,444.3,Field Pea
69,38.5,83.8,22.3,52.5,7.56,850.5,Grapes
12.9,35.5,41.2,32.7,63.6,6.63,509.5,Horse Gram
39.1,29.1,27.3,15.3,45.9,6.52,362.6,Linseed
65.7,30.3,71.7,25.4,54.6,6.37,800.8,Pumpkin
148.5,71.9,102.4,16.2,70.6,6.24,606.6,Potato
30.2,48.4,35.4,32.8,64.8,6.52,964.5,Cowpea
73,43.2,128.6,26.5,55.8,8.11,795.5,Grapes
72.9,63.1,88.1,33.1,87.1,5.19,2825.5,Rubber
69.4,41.5,67.1,23,70.4,6.39,1345,Guava
47.8,31,31.1,29.4,32.9,7,351.5,Coriander
77.8,40.8,40.3,31.2,70.3,6.26,567.4,Jowar
31.7,67.5,29.3,28.8,65.7,6.6,656.4,Blackgram
84.6,31.8,25.2,15.5,68.8,6.86,458.2,Mustard
81.2,50.4,110.2,26.7,84.6,5.37,2125.3,Black Pepper
48.7,25.9,23.1,30.5,55.5,6.93,548.2,Sesame
88.4,51.2,54.3,35.3,71.6,6.76,780,Ridge Gourd
128.3,66.6,47.4,11.5,60.8,7.08,527.1,Wheat
82.9,52.8,88.7,21,73.8,7.11,460,Carrot
129.4,57.4,51.4,26.7,62,7.5,1317,Mentha
76.9,45.2,171.3,29.8,70.1,7.1,1326.6,Coconut
66.8,32.9,83.2,20.5,77.8,6.44,2535,Clove
82.7,38.7,39.6,21.3,66.2,6.08,880.6,Amaranthus
65.9,25.1,72.5,30,59.9,7.23,758.8,Tamarind
127.4,63.9,95.1,24.7,61.4,6.41,1262.9,Orange
53.4,32.7,77.1,25,84.2,6.25,2347.5,Clove
29,45.3,41,30.4,53.8,6.13,608.9,Blackgram
55.1,42.4,87.5,19.8,79.2,5.61,2220.3,Cardamom
22.2,34.1,23.8,28.8,23.3,7.41,226.4,Moth Bean
126.6,62.9,93.6,21.1,59.5,6.23,766.8,Tomato
98.4,50.4,81.1,17.1,58.2,7.45,429.8,Carrot
86,40,61.7,13.2,65.3,7.32,667.3,Cauliflower
71.4,45.2,70.5,21.4,55.8,6.83,1042,Chilli
65.8,64.9,137.1,25.2,64.3,6.7,558.2,Beetroot
50.2,21.2,114.3,30.4,79.7,5.93,1627,Pineapple
33.7,47.9,21.9,26.6,48,6.75,428.6,Lentil
48.5,29.5,47.7,30.6,66.6,6.53,1074.2,Curry Leaf
88.5,46.5,62.1,31.8,61.7,6.94,712.8,Bitter Gourd
54.5,30.1,35.4,16.9,33.5,6.76,328.9,Linseed
78.7,60.6,51.7,30.6,72.2,6.21,963,Ridge Gourd
66.4,46.1,46.7,21.4,65.1,6.44,467.5,Lettuce
43.8,56.5,31.4,24.5,58.8,6.72,835.3,Pigeon Pea
72.3,47.4,70.5,25.4,75.2,6.42,738,Okra
58.1,25.2,25.2,19.8,40,7.24,281.9,Fennel
64.7,34.2,30.4,29.7,53.1,6.9,390.3,Pearl Millet
64.7,41,62.5,33.8,69.7,6.69,697,Snake Gourd
98.7,47.4,50.2,22.7,50.8,5.81,891.3,Lemon
28.9,72.2,43.2,23.5,62.7,6.4,774.7,Soybean
154.7,87.2,115.1,27.3,67.4,6.94,1267.2,Sugarcane
85.6,33.8,85,33.8,54.9,6.47,572.8,Watermelon
43.7,27.9,24.5,25.7,41,7.33,480.5,Safflower
122.1,52.9,48.8,10.7,59.8,7.58,517.8,Wheat
51,26.8,26.6,14.3,50.5,6.42,365.8,Linseed
61,35.3,63.6,34.1,47.4,7.21,1073.6,Drumstick
82.2,43.8,86.2,32.6,79.7,5.52,2149.5,Turmeric
28.8,49.6,27.3,18.8,48.7,6.49,417.3,Lentil
96.1,45.2,46.7,23.3,58.8,6.83,431.8,Sunflower
88,46.3,57.9,26.7,76.8,5.71,1272.4,Rice
30.2,47.7,49.7,14.4,51.8,7.53,326,Field Pea
21.7,51.7,30.3,31.1,55.4,6.19,745.5,Arhar Dal
77.6,47.4,87.3,28.5,70.7,6.41,1118.1,Mango
63.3,24.8,20.6,31.1,57.6,7.55,516.5,Ragi
56,43.5,64.8,26.1,52,6.88,630.2,Pumpkin
39.6,21.6,29.8,26.3,47.4,6.34,339.9,Safflower
99.3,51.2,108.6,25,75.1,6.46,1420.8,Turmeric
61.6,35.4,41,26.9,62.6,6.21,590.8,Castor
58.3,46.3,65.7,18.1,57.1,7.18,494.3,Garlic
103.8,58.3,86.6,29.3,90.2,4.89,2393.8,Rubber
27.1,55,28,23.3,43.8,6.93,384.2,Lentil
63.2,33.4,66.1,24.9,71,6.31,878.4,Snake Gourd
97.1,39.8,60.3,14.3,57.8,5.68,806.6,Capsicum
101.5,53.3,48.1,27.9,85.1,5.29,784.5,Rice
140.6,65,130.5,24.4,75.7,6.47,1167.2,Papaya
101.8,51.3,70.1,26.3,65,7.12,736.1,Bottle Gourd
34.9,50.6,23.3,26.8,58.2,7.31,957.2,Arhar Dal
17.7,50.9,24.3,31.8,64,6.77,712.1,Blackgram
117.9,47.4,58.3,26.5,72.5,5.62,674.6,Brinjal
35.5,45.6,29.6,28.1,61.4,6.74,440.9,Mung Bean
31.3,53.9,23.6,29.1,59.5,6.41,568.7,Greengram
109.1,55.2,89.2,29.1,77.5,6.17,1239.8,Litchi
18.4,51.2,47.7,21.6,71.5,6.91,452.6,Field Pea
41.8,23.3,57.9,26.8,24,8.11,401,Ber
89.2,59.9,56.8,27.5,46.9,6.68,613.6,Sunflower
146,56.2,53.3,29.5,62,6.74,1018.7,Mentha
88,45.8,22.9,31.8,43.4,6.91,351.1,Bajra
44.4,26.6,56.5,31.9,25,7.16,469,Ber
54.5,29.1,55.8,28,44.1,7.02,788.2,Drumstick
27.2,50.9,43.9,19.3,62.7,5.38,396.5,Field Pea
31.7,52.9,33,13.3,37.4,6.91,389.7,Lentil
132.9,46.2,161.1,24.5,75.3,5.12,2035.9,Coffee
42.6,30.8,104.9,32,71.7,5.05,1528.1,Pineapple
78.4,47.9,66.1,23.1,59.3,6.23,808.4,Chilli
55.3,17.4,32.8,37.3,53.3,6.37,528.3,Ragi
50,35.3,58.9,22.5,61.7,6.53,800.7,Ash Gourd
25.2,54.2,28.4,36.2,65.9,7.01,969.2,Blackgram
129.1,45.4,69.2,35.1,60.6,6.39,773.4,Bottle Gourd
101.8,44.4,69.2,24.9,69.1,6.31,772.6,Bottle Gourd
83.8,41.6,55.8,28.8,62.8,7.28,1189.1,Chilli
66.9,39,96.9,13.2,60.4,7.34,774.1,Grapes
61.4,30.5,69.8,28.3,87.3,6.23,1010.3,Tamarind
141.8,67.3,106.9,24.6,56.3,6.14,584.9,Tomato
147.8,76.8,70.4,21.2,76.6,6.39,484,Broccoli
65.5,36.6,81.4,24.4,78.9,5.87,1643.1,Clove
68.1,28.8,74.6,28,70.8,7.11,929.9,Drumstick
70.9,69.4,61.5,31.2,88.8,5.6,2405.8,Rubber
26.1,41.3,42.4,18.7,55.1,6.31,434.2,Pea
50.6,43.8,63.5,22.9,73.6,6.98,885.4,Snake Gourd
64.4,28.9,62.8,19.7,62.8,7.16,982.1,Amla
87.3,50.7,66.1,28.8,72.8,6.87,1319.8,Litchi
39.2,28.5,16,16.9,42.6,7.85,258,Cumin
22.5,47.9,58.3,11.9,58.6,6.62,386.6,Pea
72.2,48.7,76.7,28.3,61.5,6.96,1205.4,Guava
75,48.6,81.1,19.3,63.9,6.34,699.2,Capsicum
97.9,35.1,67.6,29.6,66.4,6.42,745.3,Bottle Gourd
91,35.5,52.2,15.1,68.5,6.02,520,Radish
72.3,28.6,76.4,31.8,48.6,7.66,1049.1,Amla
54.3,31.5,27.4,25.9,60.8,5.8,414.2,Sesame
24.1,55.2,39.3,37.1,56.9,6.91,649.9,Pigeon Pea
71.1,33.7,41,33.5,64.4,6.75,955.2,Cotton
50.2,36.7,39.1,26.1,41.4,6.33,494.4,Safflower
93.8,51,41.2,24,48.2,6.56,483.2,Sunflower
108.6,58.7,51.1,24.1,80.2,5.97,1250.4,Paddy
77.7,78.5,70.6,33.7,86.1,4.43,2317.7,Rubber
99.7,48.6,71.6,29.2,60.5,6.39,771.3,Bitter Gourd
156.9,71,89.6,15.4,79.9,6.46,576.8,Broccoli
23.6,42.6,34.7,33.9,65.2,6.65,678.5,Greengram
80.1,48.9,73.1,14.8,61.9,6.38,467.1,Turnip
56.4,38.5,94.7,27.1,82.5,5.25,1945.8,Black Pepper
65.8,37.7,27.9,34.4,22.7,7.86,406.4,Pearl Millet
195.6,46.9,199.8,36.1,76.5,6.23,847,Banana
162.5,60.1,179,30.2,83.2,7.27,1311.3,Banana
27.1,41.6,58.2,26.3,66.8,5.92,459.4,Groundnut
33.1,54,35.8,25.4,39.4,7.83,408,Gram
87.5,48.2,53,17.8,66.2,6.8,479.2,Radish
25.9,49.5,31.5,24.5,54.2,6.95,350.3,Chickpea
95.8,51.1,74.7,17.6,51.5,6.17,804.5,Capsicum
86,35,36.7,14.4,41.6,6.56,456.6,Mustard
51.7,46.8,57.3,25.4,63.5,6.87,1251.6,Snake Gourd
89.4,52.8,63,24.9,61.7,6.79,907,Capsicum
63.1,44.5,113.8,13.3,60.8,6.86,480.8,Carrot
86.8,53,103.5,13.3,60.7,6.07,760.6,Turnip
66.2,62.5,73.4,28,80.2,5.55,2672.9,Rubber
35.5,32.1,43.7,25.4,39.8,9.25,560.4,Ber
34.4,47.6,31.8,30.3,70.1,6.3,994.8,Pigeon Pea
95.2,54.8,77.3,17.3,61.4,7,508.5,Cauliflower
163.8,71.4,55.9,20.5,76.2,5.86,838.3,Maize
107,48.6,78.5,31.8,78.4,6.51,1379.5,Litchi
73.3,36.9,70.3,30.2,66,6.7,1455.9,Guava
80.8,56.5,126.2,28.2,72.2,6.08,1978.5,Turmeric
85.1,41.5,71.9,38.4,65.6,6.33,737.4,Bitter Gourd
109.4,72.2,49.8,15.6,63.9,7.03,519.7,Wheat
34.6,30.5,30.2,23.1,26.7,7.79,392.3,Fenugreek
239.7,74.5,102.3,32.8,73.2,7.56,1411.5,Sugarcane
74.6,50.1,76.1,30,54.2,6.56,325.7,Chilli
52,29.5,75.7,31.7,69.7,6.35,1563.9,Clove
73,45.7,74,25.2,50,6.75,533.5,Muskmelon
66.6,31.2,39.7,31.3,58.5,7.12,748.8,Jowar
27.4,46.9,64.7,33,65.3,7.06,574.9,Groundnut
144.2,48.3,149.2,16.4,82.7,5.44,2116,Coffee
44.4,42.3,38.5,19.8,41.2,7.32,342.9,Cumin
27.9,58.8,20.8,28.9,60.8,6.93,767.6,Cowpea
85.9,48,27.9,20.6,47.2,6.81,380,Mustard
77.9,40.2,50.9,16.4,54.9,6.33,456.8,Spinach
30.7,35.7,27.3,26,45.6,7.38,745.8,Ashwagandha
43.3,43.6,31.2,8.8,33,7.26,339.6,Cumin
48.8,37.6,81.6,29.6,62.9,7.12,731.9,Pumpkin
95.3,48.9,91.3,21.2,61.5,7.01,1598.9,Guava
20,49.7,33.5,24.6,59.1,6.74,640.2,Pigeon Pea
86.5,47.1,64.1,16.3,74.4,6.44,591.4,Cabbage
70.5,37.9,89,28.8,69.9,5.98,1104.5,Guava
47,32.2,30.1,24.3,57.9,6.88,711.2,Niger
74.1,29.3,33.6,33.4,80.1,6.12,1306.1,Jute
75.2,44.1,86.9,26.5,71.9,5.9,531.7,Cucumber
79.9,50.6,74.4,26,78.9,5.88,2012,Black Pepper
45.5,25.4,22.4,35.6,56.8,6.12,465.5,Sesame
47,36.9,92.5,22.1,78.6,5.72,1745.3,Pineapple
78.8,54.3,82.7,25.4,54.6,6.68,710.6,Onion
31.5,46.8,13.3,34.3,53,6.69,791.2,Cowpea
103.4,49.4,68.4,21.2,72.1,6.22,729.3,Onion
32.1,28.4,31.3,9.7,44,6.16,226.6,Fenugreek
36.7,54.2,23.1,31,63.7,6.63,490.5,Mung Bean
23.9,47.3,24.9,28.1,66.1,6.5,750.2,Blackgram
33.4,56.2,27.4,26.7,59.2,6.58,736.7,Pigeon Pea
113.3,51,73,33,61.6,7.4,927.7,Bottle Gourd
72.1,48,59,19.8,66.8,6.61,501.8,Radish
47.9,25.5,24.8,20.1,28.4,7.39,316,Cumin
76.2,49.7,51.3,34.9,73.8,7.21,929.2,Ridge Gourd
35.9,29.6,24.6,24.5,39.1,7.15,205.9,Fenugreek
123.8,54.7,48.7,15.1,63,6.61,587.8,Wheat
108.5,59.2,118.3,22.8,62.9,6.11,1169.8,Tobacco
20.2,23.9,14.7,35.6,20,7.9,298.5,Moth Bean
50.7,28.9,46,40.9,56.8,6.98,718.4,Drumstick
68.5,29.4,67.7,31.7,71.6,7.32,859.1,Tamarind
113.9,55.8,56.5,16.6,69.8,6.63,472.4,Lettuce
82.5,48.4,85.6,20.1,55.2,7.35,515.2,Garlic
140.9,53.6,52.1,28.3,77.1,6.42,935.1,Mentha
39.7,49.9,36.7,27.6,62.9,6.77,662.4,Greengram
28.7,50.5,15.6,36.3,54,7.61,587.8,Cowpea
108.6,42.9,78.5,31.9,76.1,6.69,804.1,Mango
59.1,34.6,41.3,31.1,49.5,7.42,379.5,Ber
143,73,97.3,18,65.5,6.28,732.1,Broccoli
105,48.7,75.5,35.7,75,6.54,818,Mango
93.1,37.6,91.7,33.2,76.1,6.5,1225.8,Litchi
93.6,41.7,26,14.2,37.1,6.73,368.2,Barley
105.9,53.7,81.6,27.4,73.6,7.05,754,Bitter Gourd
82,55.5,46.3,24.6,63.5,6.37,466.8,Sunflower
83.3,49.1,71.9,31.1,59.4,5.95,925.4,Orange
122.3,49.2,46.6,24.7,73.8,7.46,845.7,Mentha
26.3,52.1,24.2,33.5,53.8,7.31,552.3,Cluster Bean
106.3,70.3,96.6,23.1,61,6.65,927.1,Tomato
81.1,43.1,52.9,17.3,66,6.66,569.9,Spinach
29.6,55.7,42.6,35.5,52.7,7.07,858.6,Cowpea
96.4,39.7,95.7,31.1,72.6,6.73,2367.1,Betel Nut
50.4,42.5,36.4,19.4,50.4,6.34,278.4,Barley
55.7,50.2,74.6,19,55.6,6.17,640.1,Garlic
50.8,31.1,21.5,25,44.1,7.16,395.4,Coriander
77.4,42.8,70.4,29.4,68.6,6.47,889.8,Bitter Gourd
77.7,73.7,117.8,24.9,66.6,7.65,576.7,Beetroot
99.6,49.4,61,26.7,62.6,6.73,672.4,Bottle Gourd
113.5,46.6,52.3,12.2,73.3,7,615.8,Cauliflower
112.9,54.8,126.2,22.1,63,6.44,865.3,Tobacco
54.5,33.9,32.8,24.3,41.8,6.5,810,Niger
75.4,41.8,58,25.9,46.2,6.98,567.6,Sunflower
81.8,49,64.2,32,74.1,7.54,1049.6,Chilli
98.9,62.8,53.4,17.7,67.6,6.15,678.5,Lettuce
58.5,19,59.1,34.9,62.6,6.86,1131.4,Tamarind
51.3,37.7,78.7,24.8,60.9,6.5,694.2,Pumpkin
38.4,51.8,30.4,30.2,53.2,6.47,807.8,Blackgram
26.6,47.9,30.4,33.9,61.5,5.95,552.3,Blackgram
40.4,27.9,27.5,25.1,41.2,6.87,418.9,Fennel
107.4,42.7,115.7,23,89.3,4.72,2077.9,Tea
118.6,57.4,61,30.2,62.5,6.46,900.1,Bitter Gourd
63.8,44.5,26.8,26.9,62.2,6.44,379.6,Mustard
51.5,32.4,42.3,27.8,59.8,5.79,647.6,Curry Leaf
76,57.4,68.2,26.5,76.5,6.02,767.3,Ridge Gourd
81,64.6,103.9,29.8,69,6.56,1317.5,Turmeric
117.7,35.4,103.8,27.1,70.5,5.18,2155.8,Tea
36.4,29.3,33.9,24.2,35.8,6.7,553.9,Safflower
147.5,68.8,92.5,15.7,68.8,6.36,606,Broccoli
95.1,39.4,53.1,36.2,76.6,5.73,1582.6,Rice
65.3,31.2,64.6,24.1,47.1,6.12,836,Amla
109.9,56.9,121,25.7,83.1,6.66,1860.4,Jackfruit
48,38.8,76.9,26,71.5,6.04,2538,Clove
32.1,45.6,22.4,34.3,60.4,7.24,716.2,Arhar Dal
37.5,54.6,28.3,17.9,30.3,6.64,496.8,Gram
142.1,80.7,102.8,20.8,69.6,6.15,446,Potato
126.9,54.9,47.8,19.8,56.3,8.4,465.3,Wheat
72,50.9,77.3,29,55.4,5.95,543.7,Muskmelon
60.1,29.7,36.5,27.1,58.9,5.48,608.6,Ragi
85.6,29.9,54,17.8,66.2,7.65,441.6,Radish
64,38.3,79,25.1,77,6.94,1461,Guava
25.9,49.5,34.8,19.4,47.7,7.88,394.2,Chickpea
131.8,45.5,97.1,29.5,80.9,4.96,2176.2,Tea
60,24.5,36.4,29.8,79.1,6.04,1903.2,Jute
66.4,44.1,137.6,29.5,68.8,5.41,846.7,Sweet Potato
70.3,29.8,102.3,31.5,79.3,7.63,1889.5,Betel Nut
24.1,57.1,35.2,19.7,46.1,6.79,389.3,Lentil
70.3,47.7,62,11.7,71,6.92,467.3,Spinach
57.8,22.2,21.7,36.3,63.4,6.38,508.9,Sesame
98.5,43.7,33,28.8,63.1,6.47,586.6,Sorghum
94.1,53.8,71.6,24.9,71.2,6.46,940,Bitter Gourd
26.2,29.6,18.6,30.3,35.6,8.21,205.7,Moth Bean
33.6,58.4,26.8,34.9,67,7.53,884.5,Cowpea
64.8,25.1,39.3,15.3,18.5,7.15,357.1,Barley
58.7,29.2,29.3,15,56,6.76,319.7,Linseed
23.8,76,51.2,23.2,60.3,6.19,1003.4,Soybean
79.6,48.1,104.6,23.6,75.6,5.68,944.7,Sweet Potato
31.7,51.3,47.3,28.1,59.7,6.66,380.7,Field Pea
74.8,48.2,82,24,82.3,6.67,1950.9,Guava
104.9,50.2,60.8,16.1,66,6.82,517.7,Lettuce
165.8,55,54.5,32.7,86.3,6.32,1589.3,Rice
89,42.1,52,32.3,71.6,6.85,774.7,Okra
66,43.2,61.4,20.3,56.6,6.02,675.4,Capsicum
111.5,47,42.9,32.8,80.8,6.83,1123.4,Rice
28.5,54.7,27.4,30.2,55.2,6.82,452.1,Blackgram
119.9,64.7,39,23.1,51.6,6.69,566,Wheat
87,41.8,27.6,16.2,59.4,6.78,717,Mustard
73,56.9,48.1,32.6,64.4,6.69,797.5,Ridge Gourd
86.9,54.5,71.6,22.8,72.6,7.16,706.1,Snake Gourd
77.7,34.2,43.5,26.3,61.2,6.36,1118.4,Amaranthus
32.6,42.4,27.7,18.4,37.5,7.38,433.4,Gram
65.5,32.3,40.4,32.5,57.3,7.73,848.1,Cotton
67.7,33.9,101.3,27.3,82.6,6.73,1957.7,Betel Nut
98.6,60.3,45.4,35.7,65.2,6.68,813,Okra
69.5,42.7,81.5,18.1,60.1,6.59,462.4,Carrot
149.3,93.9,108.7,15.3,72.9,5.48,489.8,Potato
81.9,33.9,96.2,28.2,81.8,6.2,1992.5,Black Pepper
103,51.5,100.8,25.5,73.4,6.12,1613.7,Ginger
23,32.7,33.3,30.9,47,7.23,631.2,Horse Gram
92.2,27.1,57.4,24.2,67,6.06,469.4,Radish
80.6,39.9,103.6,35.2,66.9,6.79,1532.3,Turmeric
89.3,55.5,64,19.4,57.4,5.72,752.3,Capsicum
26.8,36.6,24.9,19.9,41.7,6.42,292.8,Fenugreek
33.6,51.6,25.1,28.3,61.6,7,834.1,Arhar Dal
40.6,26.5,23,22.1,25.6,7.31,315.9,Cumin
62.3,42.5,52.2,21.5,61.4,7.16,596.8,Garlic
99.5,46.3,69.3,32.6,65.5,6.66,703.1,Bottle Gourd
36.3,25.6,24.4,11.1,43.5,7.27,376.2,Fennel
70.5,41,54.5,25.7,45.1,6.63,491.1,Muskmelon
100.5,46.4,76.3,28.7,64.8,6.69,812.3,Bottle Gourd
80,38.1,36,33.6,53.8,7.27,330.9,Bajra
82.8,35.1,33.4,34.8,40.6,7.54,273.1,Pearl Millet
100.4,59.7,115.5,27.9,82.9,6.42,1506.4,Ginger
91.5,44.5,34.1,7,41,6.93,440.1,Barley
76.1,45.3,38.3,29.4,46.7,7.9,499,Bajra
86.9,49.6,51.5,24.8,74.9,6.64,517.3,Lettuce
61.2,25,110.1,34.7,78.2,5.47,1797,Pineapple
78.4,45,83.3,14.9,56.5,6.88,502.7,Carrot
96,35.5,53.6,21.3,67.6,6.76,610,Spinach
56.9,46.3,92.2,21,90.6,5.03,2226,Cardamom
104.1,58.9,72.4,29.4,58.4,6.35,768.9,Bitter Gourd
83,23.8,97.4,29.5,84.8,6.12,2052.4,Black Pepper
142.4,38.3,111.4,26.5,86.9,4.6,1949.1,Tea
73.8,40.5,40.3,34.8,49.3,6.08,601,Jowar
100.3,58.7,104,20.3,80.2,6.37,2037.2,Jackfruit
87.8,73.7,55.6,29.2,62.5,6.31,937.7,Maize
90.1,59.6,132.6,28.7,59.2,6.46,969.2,Tobacco
28.4,27.9,32.1,24.9,41.6,7.48,697.7,Ashwagandha
81,54.5,56.1,21.3,65.4,6.84,508.1,Chilli
29,45.6,15.8,29.8,57.4,6.26,673.5,Arhar Dal
92.4,61.4,87.8,30.1,95.1,5.48,2138.3,Rubber
67.1,41.9,19.6,32.2,37.9,6.79,401.1,Bajra
41.4,48.2,24.5,28.2,51,7.13,445.7,Cluster Bean
45.9,29.1,30.2,25,63.7,6.73,667.1,Niger
109.6,43,73.9,29.9,55.9,6.15,553.1,Onion
34.7,38.6,29.4,29.4,25.6,7.3,230.6,Fennel
227.6,74.4,112.3,24.5,80,6.92,1287.2,Sugarcane
20.9,19.3,29.7,22,38.2,7.52,181.6,Guar
50.4,43.3,121.9,26.2,69.8,5.38,610.5,Sweet Potato
87.4,36.6,64.6,33.2,66.1,7,663.2,Okra
58.9,34.1,25.7,18.7,34.2,7.17,294.5,Coriander
49.2,41,65,25.8,63.5,6.72,833.9,Pumpkin
106.9,50.8,73.6,25.7,66.9,6.54,762.2,Brinjal
13.4,25.9,36.5,26.7,42.2,6.85,465.3,Horse Gram
46.9,44.8,57.5,25.9,79.7,6.64,799.2,Snake Gourd
107.2,63.7,141.2,24.8,85.2,5.82,2274.4,Taro
26,30.2,30.6,19.4,28.5,7.1,299.8,Fenugreek
64.6,56.5,173.5,29.7,86.1,6.1,1640.6,Coconut
79.2,43.8,62,17.1,61.3,6.14,844.3,Lemon
63.9,34.2,33.7,29.2,54.8,6.55,587.8,Jowar
56.3,44.9,40.1,29.9,37,7.13,336.5,Ber
35.4,52.1,49.6,27.8,58.9,6.26,601.1,Groundnut
152.9,55.4,88,18.6,65.4,6.21,598.3,Broccoli
97.8,53.4,30.6,29,61.9,6.91,513.9,Sorghum
52.4,24.8,49.2,28,57.5,5.31,754.5,Curry Leaf
124.6,55.2,49.7,29.1,74.7,7.87,728.7,Mentha
106.7,26.7,60.5,31,61.2,7.01,905.4,Cotton
70.6,43.5,55.7,24.2,43.2,7.05,434.4,Sunflower
85.9,38.4,51.5,23.1,60.8,6.02,547.2,Radish
63.5,31.6,94.1,28.7,70.1,6.54,1812,Turmeric
73,54.5,110.5,33.2,72.7,6.28,1308.9,Turmeric
189.6,58.7,118.2,29.3,65.4,6.74,1280.6,Sugarcane
35.5,37.3,38.6,20.5,49.3,7.41,267.4,Coriander
72.7,32.5,36.8,12.9,54.4,7.09,389.4,Barley
174.9,49.5,178.8,32.7,82.1,7.32,1574.2,Banana
114.4,79,48.2,23.9,62.2,6.29,1242.6,Maize
27.1,37.9,36.5,32.6,70,7.04,636.3,Urad Dal
57.6,33,31,19,36.7,7.83,395.5,Pearl Millet
142.6,56.7,49.7,29,66.3,7.5,1137,Mentha
28.7,54.7,36,32.6,62.8,6.17,703.8,Greengram
68,34.4,78.7,34.8,59.4,7.07,497.3,Watermelon
28.5,48.7,36.9,29.7,63.7,6.8,539.4,Urad Dal
54.2,31.2,67.1,33.9,59.2,7.42,897.8,Tamarind
109.1,42.7,69.6,27.7,65.5,6.78,932.5,Brinjal
30,54.6,27.3,27,54.5,6.23,497.1,Greengram
73.8,44.8,52,21,68.1,5.91,533.4,Spinach
90.4,62.1,40.4,13.6,50.7,6.14,510.7,Garlic
66,47.8,106.8,24.4,65.7,5.32,932.7,Sweet Potato
31.8,48.3,40,29,58.1,6.81,603.9,Mung Bean
105.6,46.9,77.2,31.5,67.3,7.28,733.9,Bitter Gourd
132.9,42.7,148.1,15,74.7,5.74,1680.7,Coffee
86.7,50.9,51.3,33.1,79.6,6.48,454.9,Ridge Gourd
34.9,35.2,65.5,24.8,70.2,8.25,709,Amla
23.4,46.1,38.2,33.7,63.9,6.44,700,Greengram
62.3,57.1,110.1,22.1,48.3,6.67,447.2,Beetroot
73.9,41.2,61.8,24,59.2,6.58,907.9,Chilli
84.1,34.9,46.8,13.4,63.5,6.54,562.8,Radish
137.5,66.9,113.5,22.1,63,7.06,718.4,Tomato
75.5,50.5,132,28.7,82.8,6.71,1176.4,Coconut
59.8,33.7,60.4,22.7,67.7,6.57,500.6,Ash Gourd
93.3,55.7,92.5,21.6,66.1,7.65,659.7,Onion
60.4,38.6,41.5,35,52.5,6.73,571.1,Jowar
91.4,43.9,67,24.2,64.8,6.88,709.1,Ridge Gourd
33.3,67.1,59.8,27.8,66.9,6.52,631.4,Soybean
112.5,53.1,64.5,15.8,70.4,6.57,698.8,Lettuce
122.6,50.7,46.6,22.8,81.2,6.24,1363.7,Paddy
84.2,47.6,34.6,32.3,54.4,5.93,810.6,Amaranthus
64.8,44.1,68.1,24.3,75.3,6.64,615.9,Snake Gourd
60.4,45.2,73.3,19.4,59.6,6.9,636,Pumpkin
150.8,75,154.7,34,71.7,6.26,1437.8,Papaya
114,69.5,88.8,26.1,64.7,5.3,1179.5,Orange
83.4,47.8,51.9,26.4,66.7,6.13,1036,Lemon
89.4,44.8,59.7,21.2,53.8,6.14,835.4,Lemon
69.5,62.3,157.7,32.6,73.5,7.43,1668.7,Coconut
21.8,14.9,29.5,41.8,24.3,7.86,318.4,Guar
165.1,53.9,155.8,26.3,81.5,6.41,1384,Banana
190.7,68.2,152.1,33.6,79.8,6.44,1279.4,Banana
75.8,43.4,68.3,31.4,64.8,7.29,925.5,Ridge Gourd
46.4,41.2,64.4,23.2,81.7,5.54,1529.1,Cardamom
112.2,47.8,77.1,11,63.8,6.59,603.9,Cabbage
91,41,64.5,29.3,71.8,7.12,791.2,Okra
73.4,51.1,81.2,25.5,72.6,6.15,560,Cucumber
76.9,38.7,37.8,32.1,63.5,7.04,612,Jowar
105.3,53.9,82.3,32.4,76.8,5.78,1368.6,Litchi
28.6,23,32.8,26.2,42.7,7.99,779.3,Ashwagandha
16.7,37.4,31.8,27.2,51.5,7.12,727,Horse Gram
162.6,66.6,170.7,29.6,67.5,7.54,1644.9,Banana
31.3,60,51.4,18.5,60,6.77,444.5,Pea
68.3,19,20.2,27.5,54.9,6.04,575.2,Ragi
24.6,58.4,39.4,15.3,56.9,7.23,447.6,Pea
21.9,16.9,27.3,32.4,45.8,7.86,283.9,Moth Bean
123.5,53.6,48.6,27.5,82.7,6.24,253.8,Rice
75.9,52.3,75.6,29,71.1,6.02,544.8,Cucumber
77.3,59.7,83.6,22,66.8,5.78,907.3,Tobacco
65,31,36.6,35.3,38.2,7.12,197.8,Pearl Millet
93.5,51,76.5,29.8,65.9,6.52,500.2,Brinjal
34.8,29.9,28,11.4,42.9,6.69,338.7,Linseed
55.7,31.9,76.9,30.7,59.8,6.63,713.8,Tamarind
84.6,40.2,72.4,27,83.6,6.99,2025.3,Betel Nut
93.2,57.1,64.7,25.5,76.2,7.04,844.1,Okra
49.9,32.3,27.2,16.9,35.9,7.57,329.7,Cumin
50.4,28.9,32.4,21.2,35.8,7.63,284.9,Fennel
33.7,19.7,26.5,23,37.5,7.89,512.5,Safflower
32.4,42.8,30.8,17.4,54.4,6.85,453.7,Lentil
70.9,45.6,60.2,20.5,70.8,6.33,600.3,Ash Gourd
119.6,52.7,53,32.7,53.4,6.16,1067.2,Cotton
67.7,32.1,29,32,46.7,7.41,225.5,Pearl Millet
48.8,33.1,55.1,36.6,56.9,7.21,966.3,Amla
76.6,45.7,55.6,33,68.5,6.24,934.6,Ridge Gourd
26.6,24,24,30.1,56.4,6.34,442.3,Horse Gram
86.8,51.3,90.6,31.1,84.4,4.96,1789.9,Ginger
16.3,72.1,46.5,22.3,72.3,6.32,826.9,Soybean
23.4,50.7,26.2,28.8,57.4,6.25,539.8,Greengram
91.1,36,77.5,18.9,63.3,6.51,1721.2,Guava
33.2,46.7,20.4,24.4,59.9,7.34,769.1,Arhar Dal
30.3,54.3,27.9,26.2,62.4,6.96,467.4,Greengram
33.6,56.5,20.6,29.6,69.1,6.84,825.4,Pigeon Pea
28.6,50,49.8,17,58.8,6.52,470.7,Pea
70.6,63.9,71.4,32.3,64.4,6.93,592.5,Cotton
74,56.6,52,28.3,74.9,6.52,659.5,Okra
28.8,31.8,35.1,7.3,54.6,6.27,304.1,Fenugreek
32.9,44.7,25.3,29.3,57.2,6.94,614.2,Blackgram
19.4,47.1,41.4,35.7,51,7.12,401.6,Cluster Bean
59.5,35.9,57.8,25.5,48,6.46,1173.8,Amla
73.9,49.6,38.5,32.8,55.6,6.42,673.5,Sorghum
113.5,48.1,91.5,31.3,76.7,6.99,1149.5,Mango
73.9,41.7,60.1,27.5,44.5,7.16,419,Pomegranate
20.5,45.7,52.9,21.1,68.3,6.52,314.5,Field Pea
39.6,53.2,32.4,31.1,67.3,7.21,621.7,Pigeon Pea
75,63,76.7,32.1,82.5,5.39,2859.8,Rubber
79.1,26.9,85.9,30,71.5,6.54,2234.6,Clove
118.4,76.1,105.4,26.3,70.4,5.72,933.9,Tomato
184.4,65.9,170.1,32.2,84.9,6.5,1598.5,Banana
53.4,35.4,67.5,25.6,71.2,6.53,707.9,Tamarind
26.9,53.8,21.9,30.9,64.8,6.31,674,Greengram
119.6,55,49.6,31.5,75.7,6.39,1319.9,Paddy
103.1,43,80.5,16.8,64,6.76,432.1,Cabbage
63.6,28.2,53.3,30.7,82.2,5.76,2159.4,Clove
76.4,27.6,37.6,27.6,59.8,4.83,542.2,Ragi
37.5,60.3,28.3,32.1,62.4,6.71,525.6,Mung Bean
114.6,39.6,141.9,19.2,78.1,5.78,1988.6,Coffee
43.1,18.6,52.7,38.5,69.8,5.2,773.1,Curry Leaf
195.7,79,124.1,23.4,68.6,7.15,1494.1,Sugarcane
69.5,44.1,41.3,38.1,41.4,6.88,501.4,Castor
108.3,52,54.6,26.8,61.8,6,1023.3,Rice
28.2,51.7,28,18.6,49.8,7.28,368,Lentil
123.2,54.9,55.1,27.6,77.2,6.11,1691.3,Paddy
34,48.8,31.9,29.1,62,7,427.7,Greengram
21.1,34.8,32.4,31.4,46.1,8.65,311.7,Guar
142.7,48.2,47.6,36,74.2,7.62,929.6,Mentha
20.2,52.9,60.3,35.1,51.4,5.71,605.3,Groundnut
81.2,53.3,56,33.9,73.8,6.74,915.2,Ridge Gourd
89.5,43.3,78.5,26.8,62.6,6.17,888.6,Brinjal
27,53.1,29.4,29.3,58.6,6.55,763.2,Greengram
129.4,63.5,46.3,25.9,61.1,6.36,1016.2,Maize
86.2,52.9,54.6,34.7,72.8,6.65,1736,Rice
75.4,33.3,67.4,35.2,54.4,6.47,578.6,Muskmelon
70.7,56,26.1,23.5,58.7,5.2,603.5,Capsicum
90.7,53,96.1,34,75.1,6.18,1666.8,Ginger
49.3,33.4,28.4,12.6,36.6,7.23,293.2,Cumin
57.5,37.9,65.2,28.8,75.5,6.6,847.8,Snake Gourd
111.1,63.2,118,35.4,64.6,6.88,1088.9,Papaya
166.4,47.9,202.8,31,68.9,6.7,1817.7,Banana
46.5,37.8,88.3,19.3,52.8,6.44,723.4,Pumpkin
93.8,41,102.2,32.1,92,5.34,2112.8,Black Pepper
30.4,49.6,24.1,14.9,50.9,7.16,345.1,Gram
20.8,24.6,18.4,31.5,30.9,8.8,428.5,Moth Bean
97,50.7,62.5,24.9,57.4,6.31,616,Brinjal
14.2,40.7,20.6,31,24.4,7.39,368.3,Moth Bean
30,51.2,35.9,30,49.9,7.8,390.6,Cluster Bean
39.3,25.9,34.5,27.1,54.5,6.83,777.8,Niger
48.5,18.1,26.7,26,64,7.09,733.2,Ragi
75.2,52.4,81.5,27.8,74.1,6.66,1364.3,Turmeric
16,23.1,21.3,29.2,37.2,7.91,516.2,Guar
22,28.8,33.9,13,45.5,6.4,396.3,Fenugreek
114.4,94.9,100.3,19.3,68.9,6.38,571.5,Potato
65.1,31.3,53.2,33.5,54.3,6.69,774.3,Tamarind
78.9,25.5,40,35,70.8,6.62,2155.4,Jute
28.9,30.3,29.1,16.2,26.7,6.65,315.4,Fenugreek
63.8,37.4,68.2,19.4,73.4,6.48,748.1,Ash Gourd
83.5,43.8,195.4,32.6,89.7,6.47,1420.3,Coconut
90.3,53.5,88.4,35,55,6.25,889.3,Mango
89.1,51.3,56.1,30.1,61.4,6.57,674.4,Chilli
155.3,83.4,116.3,28.7,77.3,5.88,1227.5,Sugarcane
81.1,41.1,87.3,36.3,75.1,5.87,1537.5,Litchi
98.9,56.3,50.4,11.3,70.1,7.49,468.1,Wheat
51.4,39,35.9,32.4,53.6,6.56,663.9,Sesame
55.3,47.6,135.4,22.3,69.6,5.76,729.3,Sweet Potato
97.1,55.3,63.9,16.4,62.1,6.5,485.8,Cauliflower
46.5,46,90.4,24.9,58,6.93,862.1,Pumpkin
59.1,24,79.2,27.4,56,6.7,872.2,Tamarind
82.3,60,91,21.2,60.6,7.73,532,Carrot
92,40.1,58.9,34.2,60.7,6.43,793,Cotton
86.2,30.5,48.4,28.2,75.7,6.78,1972.4,Jute
55.7,49.2,49,24.1,66.7,6.03,799.7,Capsicum
34.4,23.2,27.5,29.2,53.6,6.8,416.5,Ragi
123.2,46.3,137.7,22.1,82.8,4.89,1874.9,Coffee
41.7,67.9,49.6,21.5,47.7,6.47,896,Soybean
105.8,47.1,48.3,28.2,80.9,6.12,1515.4,Paddy
61.7,38.3,62.1,21.8,52.8,6.12,697.1,Capsicum
86.4,35.9,46.6,29.4,77.5,6.72,1554.2,Jute
92.9,54.4,127.5,15.1,58.2,6.98,583.8,Beetroot
54.8,33.7,28,31,45.9,6.9,452.6,Safflower
84.5,45.3,51.6,30.1,74.1,6.64,863.8,Chilli
116.6,54.7,109.6,23,83.5,6.43,1764.9,Jackfruit
204.8,85.1,79.4,23.9,72.4,5.94,1546.7,Sugarcane
106.4,41,47.3,24.7,68,6.46,1523.7,Paddy
22.9,22.4,15.5,39.1,31.4,7.38,263.8,Moth Bean
43.8,29.5,55.1,34.9,62.2,7.2,316.4,Ber
142.8,55,49.7,28.8,64.2,6.81,1066.6,Mentha
32.4,54.1,31.8,30.3,59.4,6.88,733.4,Pigeon Pea
41.6,25.9,27.5,21.5,37.2,7.3,325.3,Fennel
57,33.1,29,37.4,31.1,8.75,383.2,Pearl Millet
59.8,40.4,55.9,23.5,33.9,7.41,466.5,Pomegranate
46.5,29.3,19.5,25.5,53.6,6.04,623.9,Sesame
37.6,55.5,31.1,27.4,48,6.73,810,Blackgram
68.4,26.9,41,36.7,46.1,7.42,450.6,Ragi
100.3,46.9,77.8,21.3,62.2,6.94,708.7,Onion
89.3,39.4,36.5,30.7,70.3,7.16,790.6,Amaranthus
77.1,45.6,59.9,24.8,57.8,6.15,665.8,Lemon
13.2,28.6,41,27.2,53.4,7.57,463.7,Guar
97.3,46.1,118,29.7,55.8,8.32,579,Grapes
90.7,44.1,66,29.3,76,6.46,1518.4,Rice
73.1,40.9,71.9,38.2,58.3,6.59,733.3,Okra
66.8,42.9,92.5,26.2,85.3,5.55,2047.1,Cardamom
54.1,39.5,45,15.8,77.2,6.72,489.1,Spinach
85.8,36.4,44.7,28,60.7,6.53,881.2,Amaranthus
64.5,54,83,25.7,80.9,5.54,2262.4,Rubber
41.7,35.7,36.7,19.6,40.5,7.97,357.2,Fennel
94.8,57.3,81.6,21.1,54.4,6.85,576.1,Beetroot
99.5,52.8,98.2,18.6,82.9,4.79,2222.7,Tea
104.4,41.9,84.6,17.4,67.8,7.36,631,Cauliflower
86.5,48.3,33.2,5.7,43.4,7.61,362.5,Barley
86.9,32.7,52.1,31,68.1,7.36,927.3,Cotton
65.5,39.2,59.9,25.1,44.2,6.08,487,Pomegranate
112.1,53.8,137.9,26.6,71.4,6.7,2176.3,Jackfruit
110.7,53.9,74.4,34.5,84.8,6.32,1626.6,Ginger
104.6,37.9,51.7,33.7,67.7,5.58,947.9,Rice
100.4,38,30.8,26.7,69.7,7.14,478.1,Sorghum
105.5,43.4,84.8,28.5,50.7,6.23,616.1,Watermelon
81.8,51,84.3,12.6,61.1,6.46,504.3,Carrot
121.6,49.9,46.3,16.2,54.7,7.24,408.3,Wheat
86.4,49.3,68.2,19,61.6,6.76,510.3,Carrot
75.8,35.4,34.8,31.8,61,6.92,409.7,Bajra
80.4,46.8,46.2,15.6,58.8,7.01,591.3,Spinach
115.6,66.6,49.3,33,53.7,7.72,891,Cotton
84.9,44.2,137.7,24.8,60,5.66,660.8,Tobacco
26.3,61.1,36.1,34.1,38.4,8.01,525.9,Cluster Bean
59.6,20.7,24.7,29.6,54.4,6.99,629.1,Ragi
57.3,26.4,31.2,28.1,40.5,6.32,551.6,Sesame
75.4,42,50.8,14.3,65.4,7.24,483.2,Spinach
34,30,28.8,21.3,35,7.37,329.2,Cumin
72.7,73.6,110.7,17.6,63.5,7.26,503.7,Beetroot
85.6,47.2,87,28.5,81.8,5.21,1654.1,Black Pepper
29.1,73.1,51.8,23.1,52.7,6.38,864.7,Soybean
24.7,49.1,27.6,21.2,45.7,7.6,464.8,Chickpea
68,28.4,73.8,33.3,63.6,7.03,1273.4,Amla
82,37,105.9,24.7,78.3,6.62,1828.7,Betel Nut
82.3,29.5,92.5,29.1,67.2,6.25,2099,Betel Nut
88.4,53.3,88.7,29.2,92.7,5.32,2485.1,Rubber
38.4,34.1,26.8,19,49.4,7.59,452,Coriander
31.2,22.6,41.3,16,39.2,6.18,296,Fenugreek
68,42.7,71.6,34.4,55.1,6.4,569.6,Watermelon
77.9,60.5,72.6,18.4,57.8,6.29,559.5,Turnip
126.6,57.5,45.8,10.3,35.6,6.48,479.8,Wheat
37.8,59.8,28.5,25.5,60.8,6.7,666.7,Blackgram
37.7,49,52.9,28.6,59.3,6.45,734.4,Groundnut
118.5,50.4,132.8,29.1,84.8,5.22,2071.3,Coffee
50.2,30.6,28.1,28.6,49.7,5.27,599.7,Sesame
154.2,108.3,139.9,35.2,63.5,7.36,1276.9,Sugarcane
74.6,31.3,58.2,29.5,55.3,7.98,735.8,Amla
57.2,44.8,60.5,24.3,56.4,6.35,741.2,Pumpkin
97.6,47.7,77.8,24.9,60.1,6.12,578.5,Onion
133.4,69.9,51.9,29.1,51.2,6.31,641.5,Maize
77.2,52.4,44.7,27.3,47.1,7.69,406.5,Sunflower
27.8,55.7,32.5,30.9,53.6,6.64,644.1,Mung Bean
79.1,44.1,52.8,20.3,52.9,5.69,1004.3,Lemon
91.5,39.4,68.9,29.5,60.5,7.12,448.4,Watermelon
185.4,80.2,126.3,22,77.9,7.87,1112.2,Sugarcane
79.9,52.6,74.4,16.9,63.6,6.83,531.4,Carrot
31.3,53.3,26.2,18.2,45.1,6.71,313.1,Chickpea
61.3,38.3,63.5,33.9,49.3,7.04,399.6,Pomegranate
35.5,39.4,19.9,23.8,37.5,7.49,302.2,Coriander
32.6,50.8,35.7,28.4,58.7,6.38,713.7,Urad Dal
113.9,41.3,71.9,37.6,65.5,7.11,776.5,Bottle Gourd
38.5,51.5,31.4,19.5,35.9,7.15,378,Gram
143.5,38,43.8,25.1,65.4,7.06,878.6,Mentha
82.3,44.6,86.7,24.3,59.1,6.12,766,Tobacco
72.7,36.6,38.4,25.9,54.7,7.51,536.1,Mustard
195.7,81.2,125.8,28,66.8,6.6,1756.7,Sugarcane
83,51.2,72.3,19.2,66.6,6.33,797.1,Capsicum
95.9,48,120.3,24.6,80.6,6.38,1469.8,Taro
72.7,51.7,50.6,25.7,55.1,6.58,493.7,Sunflower
78.6,29.9,41.8,27.1,72,6.9,784.4,Ash Gourd
31.2,45.7,61.8,20.9,63,6.23,489.4,Field Pea
105,58.4,73.4,28.8,89.7,6.46,1629.9,Ginger
187.7,59.8,157.2,40.6,88.6,6.97,1224.4,Banana
40,32.2,89.3,23.3,79.2,6.04,2208.3,Clove
100.1,48.6,78.6,21.6,63.8,6.43,357.3,Cabbage
96.2,35.3,126.5,30.9,72.6,6.13,974.2,Tobacco
68.9,21.8,71.4,31.5,59.3,5.76,721.5,Drumstick
124.6,59.9,98.7,25.3,59.3,6.35,1094.4,Orange
28.1,36.2,21.2,31.6,34.8,8.39,496,Ashwagandha
78.5,43.5,119.8,30.9,65.9,7.14,2337.3,Jackfruit
96.1,53.3,76.1,32.7,58.1,6.99,907.3,Bitter Gourd
81.2,62.8,159.7,27.5,79.9,6.25,1884.9,Taro
11.8,25.5,37.5,40.5,40.1,7.57,418.2,Guar
117.2,54.7,67.5,30.9,73.3,6.45,1285,Litchi
77.7,56.4,95.4,20.4,55.5,6.89,556.8,Beetroot
76.7,22,31,31.4,69.9,7.34,1746.1,Jute
66.3,63.5,57.8,21.9,63,6.41,1122.6,Chilli
177.9,59.5,87.2,16.3,74,5.55,381.8,Potato
25.8,46.8,49.3,13.6,54,6.63,404.7,Field Pea
76.8,38.1,46.5,14,68.3,6.77,549.7,Spinach
60.4,37.3,140.3,25.9,68.3,5.39,1222.4,Sweet Potato
78.6,51.9,45.5,13.4,61.6,6.95,561.7,Garlic
49.1,45.3,82.8,25.9,89.2,4.97,1937.2,Cardamom
70.9,76.6,137.5,25.1,80.2,5.97,2005.3,Jackfruit
100.5,56.1,62.9,14.2,71,6.32,480.1,Lettuce
96,46.8,79,25.9,67.5,6.43,651.5,Chilli
128.4,35.9,43.8,35.5,85.5,6.71,1304.2,Rice
70.3,49.1,106.1,16.2,56.5,6.82,437.2,Garlic
39.3,24.3,28.7,22.1,61,6.53,747.8,Niger
69.3,23.8,75.5,21.7,80.2,6.6,2502.1,Clove
92.7,48.5,63.8,29.9,75.4,6.2,693.3,Ridge Gourd
30.4,51.9,31.7,32.8,48.6,7.97,448.8,Cluster Bean
139.3,49.4,52.5,41.5,61.4,7.77,1038.4,Mentha
106.8,50,97.7,28.4,70.5,6.71,1507,Orange
26.9,71.6,53.2,31.4,67.7,6.08,1124.6,Soybean
21.7,52.6,66,28.8,60,6.4,532.8,Groundnut
61.6,37.5,34.8,36,51.3,8.14,441.5,Castor
41.7,52.9,30.1,26,58.4,6.85,362,Lentil
108.2,50.2,73.8,17.4,70.7,6.68,539.1,Lettuce
78.1,41.2,86.5,32.8,46.2,6.91,504,Muskmelon
41.7,25,26.5,28.4,61,6.9,852.8,Niger
51.8,27.5,35.5,24.1,55.2,5.9,783,Ragi
68.7,27.7,29,35.7,57,7.05,519.3,Sesame
62.5,29.6,32.5,30.4,52.9,6.79,758.5,Niger
141.7,55.7,126.4,19.8,83.7,5.98,1585.3,Coffee
83.9,38.5,79,30.3,62.1,6.97,421.6,Pomegranate
67.9,30.7,46.4,28.6,67.4,6.42,643.2,Jowar
78.1,38.4,56.4,29.6,83.5,6.58,773.7,Snake Gourd
30.2,75.5,47.2,24.2,55,6.79,883.7,Soybean
64,32.9,31,24.3,45.7,5.8,658.2,Ragi
50.8,45.6,17,22,35.7,7.3,343.7,Cumin
73.2,35.7,77.3,26.9,80.6,5.96,1951.8,Clove
92.3,47.5,83.4,17.3,63.6,6.37,597.4,Cauliflower
69.1,51,40.8,27.8,68.1,6.46,569.7,Chilli
43,33,62,37.7,55.1,7.25,914.6,Drumstick
81.3,35.6,21.1,30.5,46.5,7.06,500.6,Bajra
27.7,47.2,77.6,29.8,52.1,6.77,884,Groundnut
93.2,61.5,66.7,26.1,84.3,6,3213,Rubber
150.3,74.8,115.6,22.6,63.9,5.87,852,Tomato
97.7,42.2,77.4,27.5,75.1,5.65,1480.9,Litchi
89.1,55.8,122.3,22.7,58.5,6.8,501.3,Beetroot
75.5,30.9,10.7,29.4,46.5,6.77,679.2,Ragi
111.9,52.3,84,32.7,61.5,6.76,816.8,Bottle Gourd
76.8,46.2,46.5,28.1,58.5,6.9,605.2,Sunflower
124.8,51.6,43.4,25.5,47.1,6.56,444.7,Wheat
26,33.8,29,29.5,40.3,7.72,711.9,Ashwagandha
26.8,56.9,26.2,29,49.3,7.83,469.1,Cluster Bean
49.8,33.4,24.6,23,31.2,7.15,426.6,Safflower
29.5,56.5,27.7,31.7,65.9,7.05,884.3,Arhar Dal
110,51.7,93.4,25.8,75.9,6.14,1035.1,Tobacco
55.1,35.6,59.9,25.2,63.7,7.4,1073.3,Drumstick
74.1,42.2,97.5,22.9,66,6.85,2409.9,Betel Nut
52.6,27.3,83.8,24.9,88.4,6.18,2352.4,Clove
93.3,47.6,70.2,29.1,75.8,6.59,530.9,Capsicum
169.4,75.8,80.1,23.8,60.9,6.98,774.3,Tomato
67.1,51,92.3,28.2,62.8,5.65,726.9,Capsicum
99.3,36,54.7,25.5,59.6,6.12,1033.5,Cotton
110,56.6,129.3,26.2,79.1,5.07,1546.1,Coffee
104.7,55.9,80.9,14.2,72.7,6.58,557.9,Cauliflower
134.9,59.7,29.3,22,37.4,6.42,606.9,Wheat
73.2,47,71.2,23.7,78.8,6.39,550.5,Cucumber
31.3,59.8,22.3,29.3,56.9,6.73,345,Mung Bean
130.1,50.2,129,23.5,86.1,6.33,1892.3,Jackfruit
36.7,35.9,32.4,29.1,41.1,7.84,758.9,Ashwagandha
44.3,42.6,45.6,37.2,22.3,7.63,509.4,Ber
71.6,58.9,103.9,21.3,61.3,6.47,467.1,Beetroot
133.3,53.3,50.7,27.6,77,6.03,799,Maize
26.8,54.9,36.1,15.9,44.1,6.78,455.1,Lentil
104.2,51.2,43.2,29.5,70.9,6.59,978.8,Ridge Gourd
32.3,56.3,44.6,26.8,68.2,6.69,579.5,Mung Bean
78.1,45.7,115.3,25.2,56.3,8.56,570.6,Grapes
22.3,47.1,32.1,32.1,65,6.59,441.5,Blackgram
81.8,56.9,67.9,29.7,75.4,6.63,745.5,Okra
34.7,50.2,75,33.5,61.4,5.89,559.5,Groundnut
103.3,50,71.1,14.4,75.7,6.38,592.2,Cauliflower
21,64.5,41.5,15,63.3,6.82,465.1,Pea
107.9,45.3,42.1,29.4,47.7,6.37,552.9,Sorghum
50.4,44.2,37.9,18.9,40.7,7.25,558.5,Castor
79.9,47.9,95.8,15.1,62,5.29,467.2,Turnip
72.5,30.1,88.2,31.8,54.9,7.01,811.2,Amla
25.1,50.8,39.7,22.5,54.8,7.49,556.9,Cluster Bean
152.2,73.5,104.9,14.3,62.5,6.56,652.3,Potato
30.1,48.9,51.4,15.2,56.9,6.8,482.3,Pea
117,52.8,42.9,13.2,75.7,6.62,548.6,Lettuce
109,49,167.2,21.1,77.7,5.74,2430.5,Coffee
62.8,30.9,73.8,35.2,67.6,7.11,918.2,Drumstick
49.2,25.9,32.9,20.1,29,7.22,412,Coriander
86.5,50.4,96.8,23.8,59.9,6.99,1338.8,Guava
33.7,51.6,22.8,18.8,25.8,6.94,436.6,Gram
54.8,38.3,55.4,23.6,58.8,6.76,590.3,Spinach
86.9,62,91.8,25.9,61.2,6.16,839.3,Orange
60.8,34.5,53.7,28.9,70.3,6.43,1843.4,Jute
76.3,30.5,53.7,23.9,50,6.25,891.2,Amla
21.1,33.4,31.1,35,61.7,6.78,310,Horse Gram
97.3,37.6,87.4,22.3,67,6.42,691,Onion
65.2,51.6,56.4,24,59,6.47,878,Chilli
99.3,41.4,44.8,28.4,70.3,6.16,1074.1,Amaranthus
71.3,50.6,74.7,20.9,66.5,6.57,526.3,Cucumber
38.8,35,71.6,31.7,62.4,7.23,834.8,Drumstick
25.1,29.8,24.4,30.4,42.3,7.33,283.2,Guar
83.1,40.2,52.1,12.1,61.2,6.42,385.6,Radish
74.1,38.7,40.6,31.7,55.3,6.06,646.3,Sorghum
62,40.2,30.4,17.6,54.5,6.78,347.4,Linseed
43,32.5,45.5,23.9,30.3,7.49,368.8,Ber
174.2,50.1,193.5,26.4,72.3,6.58,1474,Banana
50.7,26.9,41.5,36.4,36.5,7.37,400.1,Ber
36.7,59,21.2,21.2,49.8,5.97,406.1,Lentil
103.8,51.3,73.1,22.3,57,7.22,579.9,Onion
45.2,43.8,143.2,24.5,55.8,7.36,763.1,Grapes
81.5,50.4,74.8,30.5,76.5,7.09,1052.7,Chilli
32.7,47.7,30.1,27.4,60.8,7.07,502.2,Mung Bean
64.6,31.3,66.6,33.1,59.6,6.7,1070.4,Amla
58.4,39.7,31.8,32.5,55.9,6.49,754.3,Niger
24.8,58.5,21.4,24.9,48.6,6.98,341.7,Chickpea
37.9,32.2,27.5,25.2,29.6,7.57,453.7,Coriander
46.8,23,40,28.7,48.2,6.28,547.4,Sesame
86.9,40.8,99.4,25,77.7,7.74,1998.3,Betel Nut
45.4,46.4,145.9,22.4,72,6.02,1024.4,Sweet Potato
101.6,41.3,94,30.9,81.7,5.64,2324.8,Black Pepper
30.6,56.2,44.6,12.3,56,7.16,435.3,Pea
120.6,67.6,161,31,78.6,6.85,2237.8,Jackfruit
66.5,38.2,32.2,26,39.9,6.01,347.5,Castor
37.4,45.5,27.2,29.6,53.6,6.51,689.2,Mung Bean
91,49.3,77.6,19.5,66,6.24,547.1,Turnip
53.9,43.6,40.2,35,84,6.81,812.4,Snake Gourd
49.4,43.8,107.6,28,79.6,6.79,1987.9,Betel Nut
82.7,35.8,29.8,29.6,68.1,7.01,951.1,Amaranthus
85,45.6,82.8,30.7,53.9,6.96,569.5,Watermelon
47.4,44.6,82.6,26.3,71.9,5.11,1788.1,Cardamom
126.7,50.3,120,25,80,6.2,2424.6,Coffee
134.4,52.2,64.5,10.3,81.7,7.17,592.6,Cauliflower
89.4,49,90.5,31,76.5,5.78,1779.2,Turmeric
73.9,29.8,35.9,33.2,58.5,6.19,702.2,Ragi
87.2,58.2,57.4,33.4,57.7,5.99,865.3,Brinjal
96.9,43.1,44.6,32.5,90.4,6.39,916,Rice
20.4,39.8,33,30,42,8.01,236.2,Guar
18.5,42,56.4,8.7,55.4,7.12,463.3,Pea
20.7,44.6,47.6,16.5,65.3,7.06,312.1,Field Pea
22,48.8,26.7,35.8,56.8,7.48,718.4,Urad Dal
106.5,46.1,44.1,33.5,64.6,6.93,832.4,Cotton
79.2,34.8,93.8,28.8,72.4,7.62,1080,Guava
89.7,57.3,101.2,19.9,60.9,6.45,570.5,Beetroot
123.3,41.2,49.5,24.2,68.9,7.61,512.2,Wheat
67.7,24.2,33.1,27.8,57.7,5.6,392.7,Pearl Millet
66,21.4,21.9,30.7,43.1,6.89,665.5,Ragi
45.8,25.9,28,23.6,45.1,8.12,488,Coriander
107,41.6,48.5,27.3,76.5,6.49,786.3,Rice
85.5,33,37.9,28.1,48.6,6.99,668.2,Sorghum
79.1,41.9,43.6,28.3,45,6.83,528.2,Sunflower
176.2,44.2,206.9,29.7,81.4,7.13,653.3,Banana
103.8,55.7,76.7,37.7,61,6.89,979.7,Bottle Gourd
41.5,33.3,39.5,33.1,33,8.15,381.9,Ber
109.3,54,138.7,27.3,81.5,5.37,1854.3,Coffee
87.7,59.3,88,24.7,65.1,6.83,680.8,Onion
70.2,29.9,116,22.8,78.7,5.66,2169.7,Black Pepper
62.9,30.7,28.5,23.7,38.4,7.42,412.2,Safflower
68.3,38,50.1,20.9,62.1,5.7,827.9,Amaranthus
48.9,23.9,54.3,25.1,56.5,7.08,823.8,Curry Leaf
59.7,36.3,24.7,15.2,45,6.9,366,Fennel
74.2,32.9,40.6,30.4,65.6,5.73,1056.1,Amaranthus
60.2,26.2,82,35.5,64.3,7.16,693.4,Tamarind
147.6,50,43.6,30.2,78.5,6.42,1381.3,Rice
33.7,39.9,55.5,32.1,63.2,6.33,811.5,Groundnut
67.9,43.6,57.2,28,73.2,6.29,967.4,Snake Gourd
84.8,28.1,41.1,28.8,51.8,6.67,892.6,Jowar
66.8,27.8,32,25.2,53.3,5.66,1066.5,Amaranthus
96.5,44.6,140.1,22.2,79.1,6.18,2165.1,Taro
25.9,53.3,17.7,27.5,59.2,7.26,770,Arhar Dal
36.6,20.1,30.7,30.4,49.7,7.5,465.7,Sesame
31.1,55.7,31.8,31.3,56.7,6.92,675.7,Arhar Dal
65.5,40.9,38.3,27.2,72.1,5.79,1202,Amaranthus
102.5,45.9,46.6,26.5,81.6,5.67,1110.5,Paddy
35,47.5,28.4,24.5,48.3,6.63,714.1,Pigeon Pea
108.7,44,71.4,26.6,69.5,7.14,701.1,Brinjal
24.7,44.5,32.3,17.9,57.7,7.06,476.9,Lentil
104.8,42.3,48.1,23.4,58,6.46,680.2,Lettuce
27.5,42.7,51.4,18.1,59.5,6.93,395.6,Field Pea
60.9,29.9,46.2,28.5,52.9,6.38,738.1,Drumstick
94.4,52.2,62.8,31.1,61.5,7.11,802.2,Bitter Gourd
46.4,32.1,48.6,29.6,30.1,6.26,446.2,Ber
29,47.4,25.5,29.7,58.2,7.56,498.7,Cluster Bean
78.3,47.5,29.7,20.6,52.2,5.65,386,Mustard
62.5,36,35.8,31.2,60.1,6.54,353,Ragi
35,42.5,21.1,33,64.9,6.86,624,Urad Dal
34.7,43.7,40.2,28.7,61.4,6.99,683.8,Urad Dal
78.6,70.3,117.7,17.8,63.8,6.44,498,Beetroot
70.1,54.2,81.7,24.7,72,5.66,530.6,Cucumber
87.6,38.6,62.6,30.1,62.5,7.02,752.3,Bottle Gourd
136.3,54.5,59.4,25.1,72.5,7.26,998.5,Mentha
69.2,46.4,80.4,29.4,66.4,5.82,1369.1,Turmeric
36.6,27.9,35.2,34.8,62.8,6.6,567.6,Sesame
59.2,43.5,41.5,31.9,44.9,6.39,414.3,Castor
137.7,54.7,165.5,24.9,77.1,4.93,1992,Coffee
86.4,61.1,134.5,24.5,77.4,5.99,1625,Taro
81.2,54.8,88.1,15.5,74.9,7.34,595,Cauliflower
126.4,47.4,47.5,32.6,76.8,6.58,1514.2,Paddy
79.7,64,61.3,27.7,76.5,5.57,3082.1,Rubber
77.9,51.5,67.9,16.9,61.7,7.25,521.8,Cauliflower
92,47.6,75.8,32.8,65.2,7.13,823.2,Bitter Gourd
129.5,35.3,93.3,26.7,63.3,6.23,1033.5,Orange
83.8,47.6,68,31.9,76.5,6.98,738.4,Ridge Gourd
114.2,47.5,72,16.9,78.6,6.31,487.5,Lettuce
60.6,32.8,50.6,21.6,56.3,7.09,856.3,Amla
83.8,47.7,50.5,40.2,61.3,7.13,507.6,Pomegranate
6.7,24.9,13.1,30,22.9,7.64,370.2,Moth Bean
35.2,60.9,55.5,16.5,55.3,6.5,416.2,Pea
146.7,48.8,48,26.6,72.2,7.04,908.5,Mentha
150.9,72.5,98.2,15.3,61.6,5.18,610.5,Potato
33.2,52.8,34.6,39.1,49.6,7.98,559.1,Cluster Bean
29.3,26.8,27.9,30.9,35.9,8.43,467.7,Guar
74,53.9,53.7,21.7,61.7,6.59,495,Garlic
192.3,49.9,158.1,38.2,76.6,6.4,559.2,Banana
70.4,37.4,64.8,37.1,32.3,6.06,600.6,Muskmelon
97.8,57.3,50.8,33.8,71,5.57,739.3,Cotton
50.2,41.2,65.9,34.3,65.6,7.68,543.5,Pomegranate
27.4,69.6,47.5,23.3,42.6,6.29,851.1,Soybean
102.9,54.2,68,30.7,66,6.35,745.8,Brinjal
102.7,48.9,63.5,24.9,67.4,6.61,664.4,Brinjal
39.9,38.3,19.2,29.5,62.3,6.63,612.2,Mung Bean
94.8,50.3,98.6,37,93.3,6.54,979,Mango
81.2,55.8,58.4,28.6,65.8,6.98,675.6,Chilli
58.7,47.5,79.8,26.4,55.8,6.59,728.9,Pumpkin
35,44.1,54.1,27.5,59,6.58,786.5,Groundnut
47,31.4,36.1,13.8,41.7,6.5,316.9,Linseed
84.8,28.4,49.4,29.7,80.5,6.48,1908.8,Jute
91.2,51.1,54.1,32,63.8,5.68,605.9,Ridge Gourd
31.7,55.4,19.1,18.2,51.5,6.88,314.1,Lentil
58.9,47.7,116.2,27.2,81.1,5.07,2407.9,Black Pepper
70.2,57.9,62.5,23,68.7,6.22,545.6,Cucumber
104.7,52.9,93.5,30.8,75.3,5.8,1519.7,Ginger
44.2,31,29.9,23.4,59.8,7.14,556.5,Niger
111.7,42.7,106.9,32.3,87.9,5.97,1852,Jackfruit
37,47.5,26.8,32.7,63.2,7.03,628.7,Greengram
33,31.3,20.4,17.4,39.6,6.78,347.1,Fenugreek
56.8,29.5,52.9,38.1,43.8,6.91,1042,Drumstick
82.8,25,36.1,32.1,79.8,6.42,1527.9,Jute
30.4,57.6,31.9,27.8,49.6,7,675.1,Urad Dal
42.6,37.9,32.6,28.3,37.7,6.93,593.3,Castor
21.2,44.8,15.8,35.3,60.4,5.37,868.1,Cowpea
56.1,22.4,27.6,26.7,39.6,6.67,428.6,Coriander
192.1,49.6,126.6,33.8,78.6,6.73,1690.5,Banana
64.3,31.2,87.1,19.9,63.3,6.72,720.9,Pumpkin
36.2,57,54.1,18.5,62.3,6.39,494.3,Field Pea
79.1,43.8,73.1,26.4,68.8,5.91,694.3,Capsicum
89.3,53.3,74.5,33.1,76.6,6.12,1288.3,Guava
86.8,48.4,109.9,33.3,87.2,6.1,1934.4,Ginger
58.1,44.8,56.7,27.2,69.5,6.92,716.8,Snake Gourd
51.6,18,21.8,23.1,25.3,7.27,242.4,Coriander
83.3,49.7,88.1,27.7,51.6,6.57,590.7,Grapes
89.6,46.7,51.7,35.7,70.3,6.87,635.3,Bottle Gourd
132.6,74.5,71.6,17.3,71.2,6.34,777.5,Broccoli
182,71,134.1,26.6,73.2,5.89,1578.8,Sugarcane
109,47.1,82.7,18.2,65.9,6.72,732.7,Onion
51.6,23.7,58,27.5,55.4,5.94,854.7,Curry Leaf
82.6,44.6,43.8,27.5,70.2,6.23,681,Amaranthus
89.5,43.3,106.4,22.7,59.6,6.88,594.2,Beetroot
88.5,40.2,26.3,11.1,36,6.76,342.1,Barley
16.4,43,23,29.6,60.2,6.96,627.4,Horse Gram
75.4,59,79.9,21.8,58.3,6.16,464.7,Turnip
82.9,59.5,47.3,34.2,73,7.33,811.5,Okra
35.1,44.7,25,31.1,54.2,7.34,761.2,Pigeon Pea
51.9,27.3,87.4,25.2,59.3,7.79,826.6,Amla
123.8,77.3,118.4,21.2,70,5.33,804.9,Tomato
63.9,56.1,96.5,26.2,72.6,6.31,467.8,Cucumber
34.8,50.6,38.9,22.8,47.7,7,388.9,Chickpea
26.2,57.7,55.7,16.8,62.5,6.43,469.4,Pea
37,51.2,22.9,21.3,43.7,6.81,415,Gram
29.2,38.3,28.1,27.3,52.3,7.43,563.4,Cluster Bean
54.3,51,49.3,33.7,76.7,7.36,732.4,Ridge Gourd
109.4,53.3,56.8,33.5,68.2,7.74,782.7,Bitter Gourd
55,43,53,23,63.9,6.61,832.9,Ash Gourd
107.6,72.5,112.3,20.2,67.1,5.5,1008.7,Tomato
89.1,47.5,55.3,32.6,50.8,6.58,696.7,Sorghum
65,43.5,199.7,32,79.3,7.48,1129.5,Coconut
87.3,55.8,45.7,33.8,76.7,5.45,1732.6,Rice
59.7,37.6,91,24.5,79.3,6.31,2023.7,Clove
27.5,26.9,35.8,14.1,34,6.34,223,Fenugreek
35.2,49.7,29.9,32.5,56.3,6.74,775.4,Cowpea
90.5,34.4,29.7,16.5,57.2,6.7,469.7,Mustard
141,46.7,93.2,27.4,77,5.32,1828.9,Tea
12.7,41.7,29.7,30.5,27,7.59,440.8,Guar
51.1,22.2,25.5,27.8,55.5,5.75,680.7,Ragi
67.8,33.8,87.4,27.2,71.3,5.25,852.5,Sweet Potato
83.2,57.5,61,20.9,51.8,6.82,499.1,Sunflower
108.3,62.2,111.5,24.8,70.6,5.94,833.2,Tobacco
27.6,61.7,49.2,15.9,58.7,6.83,429.5,Pea
79.3,54.7,85,11,59.3,5.96,532.2,Turnip
109.8,47.3,60.7,16.2,64.7,6.52,468.6,Lettuce
86.3,49.7,108.7,30.2,64.8,6.33,1293.7,Turmeric
57.2,29.1,94.8,32.1,88.1,5.38,1463.2,Pineapple
48.2,37.5,93.8,20,87.7,5.59,2317.1,Cardamom
58.6,24.5,79.9,22.6,88,5.28,1665.8,Pineapple
130.1,70.5,104.7,28.9,75,6.22,1322.5,Papaya
86,38.6,49.3,16.9,66.9,6.53,431.5,Spinach
56.5,46.2,98.1,28.6,82.1,7.7,1702.8,Betel Nut
68.2,50,77.2,21.1,64.3,5.54,532.7,Cucumber
108.9,49.6,48,25.7,71.1,6.31,1368.1,Paddy
84.8,66,91,18.2,60.9,7.31,530.4,Beetroot
78.6,44.1,41.6,28.9,86.4,6.34,1506.5,Jute
47.2,31.9,27.1,17.9,15.6,7.16,278.6,Cumin
99.6,49,26.8,13.6,52.9,6.89,607.8,Mustard
98.3,58.1,49.9,18.2,55.6,5.97,1260.1,Orange
49.5,41.5,62.1,26.1,56.6,6.62,798.6,Pumpkin
129.2,46.2,78.7,28.6,85.4,7.08,1620.2,Litchi
31.4,29.3,50.3,28.8,74.5,6.44,745.6,Tamarind
26.7,53.3,29.4,22.3,47.8,5.82,300.8,Gram
127.1,37.2,121.3,16.4,81.7,5.46,1733.7,Coffee
78.4,47,33.1,14.5,39.6,8.04,352.3,Barley
85.3,56.4,70.5,12.4,62.5,6.01,506.2,Turnip
59.5,35.9,49.5,30.5,39.6,6.73,433.3,Ber
101,57,149.7,27.3,79.3,5.73,1789,Taro
46.1,28.8,21.2,29.3,34.9,7.11,364.8,Cumin
84.2,44.9,139.9,31.8,77.1,5.43,1783.7,Coconut
105.4,57.6,76.2,17.4,69.2,6.71,611.1,Lettuce
94.8,53.1,182.1,27.7,86.9,6.41,1201.3,Coconut
33.3,73.3,54.2,26.7,55.5,6.5,733.4,Soybean
32,49.6,37.3,15.3,38.3,6.34,383,Gram
7.6,24,22,31.4,24,8.08,280.3,Moth Bean
112.4,60.2,81.7,28.4,69.2,6.05,1243.9,Litchi
55.4,35.3,37.1,22.7,43.3,7.36,400.1,Cumin
87,34,22.5,31.3,51.5,7.17,483.6,Bajra
66,43.3,88.7,23.1,53,6.5,511.9,Pumpkin
99.8,54,83.5,42,71,6.83,841.3,Mango
51.1,21.5,70.6,32.7,58.7,7.26,620.5,Drumstick
82.4,47.9,39.9,22.6,46.5,5.9,444.8,Bajra
33.3,57,49.3,15.3,56,7.51,461.3,Pea
69,38.2,79.8,27.9,71.6,7.25,1709.4,Guava
123.2,47.9,102.5,24.3,78.5,5,2566.9,Tea
25.5,43.9,33.2,32.1,62.3,5.96,740.5,Arhar Dal
85.9,38.3,88.4,27.9,82.4,7.14,1998.6,Betel Nut
103.1,48.6,30.3,16.3,32.4,7.19,239.6,Mustard
101.6,48.3,61.9,28.6,46.5,6.21,645.2,Mango
20.3,48.7,27.4,32.2,59,6.94,350.2,Chickpea
70.9,37.3,46,33.9,83.2,6.87,1401.9,Jute
148.8,68.9,72.3,21.1,59.9,5.99,673.5,Broccoli
26.5,30.6,26.1,38.4,26.8,7.81,421.3,Guar
25.3,57.6,29,25.6,60.9,6.32,629.1,Greengram
69.2,46.2,57.8,21.7,52.7,6.46,823.7,Pumpkin
68.7,39,73.3,27.8,71.8,6.83,716,Ash Gourd
51.9,29,71.2,30.7,47.6,7.78,706.4,Tamarind
81.6,34.3,44.3,28.4,89.6,6.8,1416.6,Jute
122.5,46.1,44,19.4,62,6.53,571.4,Wheat
21.9,49.5,29.6,31.7,51.1,6.83,931.3,Arhar Dal
90.9,48,73.1,21.7,63.2,5.93,978.6,Lemon
98.7,43,44,19.3,64.7,6.03,597,Radish
63.3,35.7,65.6,27.5,67.7,7.06,847.8,Ash Gourd
20,43.6,34.3,31.5,43.8,7.6,196.7,Guar
121.6,64.6,52.3,21.4,48.8,6.01,880.7,Maize
103.2,85.9,95.8,14.7,79.5,6.49,542,Potato
87.9,32.6,42.8,29.5,72.1,6.1,1163.8,Amaranthus
21.8,39.3,33.5,37.5,70.3,6.88,490.8,Horse Gram
115.3,58.2,37.7,15.1,56.5,8.1,463.5,Wheat
87.4,57.8,93.6,27,75.6,6.52,1745.5,Turmeric
112,48.1,79.2,15,73.8,6.49,565.9,Cabbage
96.1,70.8,117.2,25.7,68,5.71,1400.7,Papaya
50.3,31.7,30.2,39.1,51,6.44,572.5,Sesame
62.8,44.5,25.4,13.6,48.9,7.33,423.3,Barley
22.6,51.5,42.5,23.5,54.4,5.88,474,Pea
57.6,21.3,25,28.3,66.8,6.64,648.4,Ragi
150,51.8,52.4,27.6,60.4,6.25,564.3,Maize
88.3,33.9,23.4,8,41.6,7.82,364.9,Barley
69.5,42.2,83.6,10.7,56.9,7.32,507.5,Carrot
108,69.4,124.6,28,95,6.18,2041.4,Taro
83.7,38.8,57.3,27.3,52.9,7.6,584.7,Watermelon
82.9,40.8,83.3,22.2,84.2,6.62,1523.9,Betel Nut
83,44.3,59.4,20.5,65.9,6.58,559.3,Lettuce
25.3,44.7,27.7,32,55.8,6.71,691.9,Blackgram
82.1,54.3,56,31.6,60,7.09,454.3,Sorghum
79.2,54.9,104.7,30.5,53.1,6.82,672.7,Grapes
97.6,57.3,88.4,28.2,65.7,5.95,1315.3,Orange
107.1,44.8,70,13.3,60.2,7.39,448.8,Cauliflower
71.7,44.9,78.4,31.5,50.9,7.08,538.8,Muskmelon
172.3,65.9,62.9,20.7,71.6,6.64,704.9,Broccoli
86.1,53.8,74.2,15.5,56.9,6.06,675.5,Turnip
103.7,59,141.8,28.3,73,5.79,2154.5,Taro
28.8,44.1,34,32.6,60.8,6.28,517.1,Urad Dal
88.8,44.2,62.7,20.7,59.3,6.2,1133.2,Lemon
74.2,31,24.6,32.3,48.9,7.01,235.3,Bajra
16.4,31.2,28.7,34.1,38.4,7.96,264.4,Moth Bean
55.8,35.1,36.6,16.8,38.4,8,186.2,Cumin
82.6,37.9,32.8,27.2,44.2,7.14,486.9,Pearl Millet
48.5,34.7,73.8,23.6,75.1,7.77,1054.5,Tamarind
65.4,27.6,50.6,27.8,59.5,6.87,944.5,Drumstick
55.6,53.6,123.6,32.7,67.7,5.59,1189.1,Sweet Potato
98.1,55.7,128.3,22.6,79.1,5.91,2037.8,Taro
79,55.2,61.4,12.9,61.6,5.71,744.7,Turnip
114.5,56.5,101.8,27,87.4,6.17,2071.2,Taro
81.2,48,89.3,27.5,82.5,6.49,531.9,Cucumber
31.8,71,27.5,15.6,55.9,6.63,397.6,Lentil
126.3,43.5,51.8,26.3,76.9,4.86,1684.1,Rice
102.3,44.9,58.4,28.6,69,7.53,885.4,Cotton
30.2,58.1,28.9,31.1,48.4,6.4,631.5,Pigeon Pea
66.9,35.2,30,19,34.2,6.32,262.9,Barley
120.3,65.7,71.5,29.2,60.2,6.12,1293.8,Orange
93.5,48.9,111.7,29.5,82.1,6.61,1367.3,Turmeric
120.3,54.7,51,23.1,58.9,5.75,975.4,Maize
25.5,52.9,34.3,20.1,47.8,7.71,418.9,Gram
38,43.4,52.5,14.4,66.3,7.38,533.4,Field Pea
33.3,56.4,24.8,20.7,47.4,7.86,403.2,Chickpea
109.2,49.7,46.9,15.1,49.8,7.52,528.8,Wheat
21.4,55.2,18.8,31.4,79.9,7.05,843.3,Pigeon Pea
47.2,37.2,61.3,25.4,74.7,6.99,882.6,Snake Gourd
29.4,53.8,33.3,27.4,64.3,6.28,793.8,Arhar Dal
151.9,77.5,84.8,15.3,74,6.21,652.4,Potato
77,45.8,100.8,28.8,76.6,6.36,1291.6,Turmeric
17.4,24.4,29.7,36.8,53.9,6.46,428.4,Horse Gram
66.2,47.2,33.9,28.6,49,7.02,607.5,Bajra
12.8,57.3,32.2,31.6,52,6.63,586.1,Mung Bean
68.2,43.1,57.8,25.3,65.3,7.23,784.8,Ash Gourd
190.9,50,185,30,73.7,6.85,2018.5,Banana
55.4,25.2,26.8,14.8,46.1,6.92,340.3,Linseed
48.2,53.6,78.7,16.2,60.3,6.28,492.9,Garlic
112.8,45.1,74.7,35.6,71.2,6.85,931.7,Bitter Gourd
83.5,58,70.2,19.4,75.6,6.52,445.6,Onion
22.8,58.6,33.7,28.3,53.6,7.14,480.5,Gram
33.9,52,28.7,31.9,50,7.92,457.6,Cluster Bean
33.1,51.1,30.4,31.2,54.6,6.68,883.1,Arhar Dal
60.7,36.8,74.3,28.8,74.6,6.05,2181.3,Clove
19.6,48.5,67.1,34.4,50.5,7.09,765.3,Groundnut
100,54.7,69.7,27,60.1,5.91,484.1,Chilli
38.4,34.4,31.6,19.1,49.8,6.75,307,Linseed
72.7,39.2,43.6,33.5,55.4,7.38,707.6,Jowar
74,49.4,40.1,26.1,63.4,5.71,671.7,Amaranthus
42.6,51.9,54.9,19.5,67.2,6.68,341.7,Field Pea
46,33,57.2,31.3,69.3,5.9,789.3,Curry Leaf
96.8,53.2,133.8,21,62.7,5.92,705,Tobacco
91.6,39.6,71.4,34.6,77.1,6.96,886.8,Ridge Gourd
99.6,54,62.9,33.9,60.9,5.97,731.3,Brinjal
23.2,52.1,46.5,29.8,59.8,6.26,655.9,Groundnut
93.8,54.3,51.9,27.9,81.1,5.66,1479.2,Rice
91.7,45.7,66.5,28.8,75.3,6.8,930.4,Bottle Gourd
52.1,31.4,50.4,30.5,69.8,6.27,1135.4,Amla
80.1,55.4,49.9,22.6,61.3,6.53,807.6,Capsicum
74,49.4,38.8,33.4,73.4,5.89,905.2,Chilli
75.9,58.2,61,21.8,65.6,6.99,513.4,Capsicum
83.6,50.4,64.7,7.7,56.7,6.42,397,Cabbage
43.2,34.9,30,28.8,34.6,6.78,482.4,Ber
15.3,40.1,13.4,32.7,37.5,7.62,223.6,Moth Bean
84.2,41.5,31.4,30.8,41.9,6.18,393.3,Castor
65,23.7,68,36.5,57.5,8.22,966,Tamarind
79.7,34.3,23.2,8,49.8,7.13,344.9,Mustard
107.3,71.8,102.3,29.5,82.6,6.92,2437.6,Jackfruit
101.1,54.3,85.4,30,83.7,6.38,1630.1,Litchi
26.2,47.2,24.1,27.8,62.1,7.21,591.1,Cowpea
128.4,41.4,64.5,31.6,65.5,7.49,887.5,Cotton
76,44.1,96.1,11.6,64.8,7.3,392.4,Carrot
93.1,43.3,54.8,11.9,69.3,6.68,488.8,Spinach
71.6,40.5,74,32,78.5,6.82,606.2,Chilli
60.9,35.4,27.9,39,42.5,7.04,312.1,Pearl Millet
70,40.7,35.7,32.9,45.6,5.46,616.2,Ragi
88.6,42.7,121.2,26.2,80.9,7.31,1725.8,Jackfruit
73,54.5,60,26.1,61.9,7.62,987.2,Capsicum
87.5,33.2,23.6,25,41.6,7.25,401.4,Bajra
60.7,45.7,69,24.2,41.3,6.36,514.1,Garlic
112.7,45.3,73.4,29.2,67.2,6.44,791.2,Bitter Gourd
100,54.9,50.4,20.6,55.7,7.16,499,Onion
46.5,33.7,36,18.8,39,7.48,390.4,Cumin
87.1,60.3,103,26.2,82.2,5.8,3167.4,Rubber
111.1,51.4,71.7,27.7,71.6,6.22,1425.9,Litchi
26.1,66.2,47.1,27.3,55.7,6.75,712.6,Soybean
66.6,61.5,70.8,15.6,62.3,6.53,651.1,Turnip
79.8,50.6,100,23.4,55.5,7.48,559.6,Grapes
94.1,57.5,81.2,17.4,59,6.66,691.5,Onion
98.4,41.3,70.9,37,62.3,5.44,904.4,Mango
36,42.3,22.6,32.8,56.3,6.65,519.6,Greengram
71.7,26.7,69.5,27.6,44.7,7.22,845.1,Amla
35.2,56.1,53,28.4,67.1,6.13,872.7,Soybean
128.4,81,73.2,19.9,76.9,6.07,611.7,Broccoli
56.8,30.5,23.5,27.6,34.2,6.16,515.9,Safflower
31.3,54.1,26.6,32.6,50,8.23,510,Cluster Bean
97.8,46.3,153.1,24.4,60.2,5.81,1172.6,Tobacco
30.1,44.2,48.8,20.3,65.8,5.91,473.6,Pea
94.6,44.2,36.5,30,56.2,5.65,537.5,Sorghum
101.1,52.8,68.9,29.8,69.1,6.38,1307.2,Litchi
55.4,42.1,47.3,26.9,51.9,5.84,984.6,Amla
30.9,54.5,44.1,15.4,68.3,7.15,473.6,Field Pea
54,37.9,41.2,29.7,62.4,6.63,275.9,Castor
94.3,49.2,72.3,32.2,74,5.28,778.6,Mango
27.2,63.2,50.7,21.4,64,6.48,442.1,Pea
78.6,54,74.4,19.2,58.8,5.5,514.4,Turnip
92.6,38.6,97.1,17.6,63.3,7.21,514.8,Cauliflower
21.5,56.7,21,33.9,64.4,5.97,670.3,Cowpea
128.7,70,49.5,24.1,77.1,6.33,833.6,Maize
66,32.8,34.4,31.9,58,6.51,695.1,Ragi
153,64.6,47.9,18.6,77.1,6.72,1108.8,Maize
51.5,28.6,36.2,29.1,54.2,5.67,738.3,Sesame
28.6,37.4,26.8,14.7,33.4,7.08,328,Fenugreek
88.6,32.2,31.6,30.6,44.9,7.15,609.6,Jowar
77.9,25.9,28.4,16.5,71.1,6.25,893.7,Mustard
85.8,39.4,89.1,31.2,60,7.41,391.8,Watermelon
48.5,30.5,32.8,27.8,40.3,5.93,471.8,Safflower
77.6,40.6,80.4,24.2,72.7,6.92,543.5,Cucumber
33.9,27.4,39.6,27.4,28.3,8.06,720.4,Ashwagandha
32.6,31.2,27,27.2,66.9,6.9,637.9,Niger
129.7,49.6,154,23.4,69.3,5.36,2041.8,Coffee
79.7,36.5,51.7,32.5,60.8,5.59,753.3,Amaranthus
72.3,40.2,105.2,28.2,73.5,5.01,817.8,Sweet Potato
81.4,48,93.5,17.9,57.6,7.15,473,Carrot
47.3,27.8,35.1,30.7,83.3,7.71,1656.2,Jute
11.5,25.3,30.6,35.8,49.9,7.71,435.8,Guar
72.4,39.1,79.4,25,45.4,6.86,621.4,Muskmelon
90.7,41.9,55.5,18.7,62.1,6.7,442,Radish
40.9,23.1,34.9,32.4,73.6,7.02,617.3,Niger
100.1,57.3,49.6,27.2,41,7.56,517.9,Sunflower
83,26.4,44.4,31.6,78.2,6.39,1858.5,Jute
76.6,50.6,51.8,25.7,43.3,6.8,534.7,Sunflower
85.2,47.5,55.1,27,40.5,7.26,546.5,Sunflower
45.7,37.5,28.2,16.5,43.7,6.85,289.3,Coriander
57.9,39.3,71.4,26.2,47.6,6.79,670.4,Muskmelon
72.7,50,104.8,20.4,51.9,7.73,695.1,Grapes
102.8,47.4,74.9,33.1,64.6,5.27,1031.7,Mango
101.8,54.3,62.2,30.5,55.3,7.04,616.8,Cotton
162.2,87.9,103.1,29.9,82.8,7.32,1560.9,Sugarcane
32.3,56,35,29.8,54.1,6.49,695,Pigeon Pea
44,31.9,23.9,25,37.9,6.34,457.3,Safflower
71.2,41.2,23.9,29,43.9,6.36,572.1,Bajra
84.5,74.3,117.5,15.8,58,6.97,518.3,Beetroot
28.9,53.6,47.8,25.6,59.3,7.56,345.9,Field Pea
40.2,24.2,23,29.4,52.5,5.65,558.7,Sesame
196.5,64.7,146.5,44.9,63.9,7.02,1276.7,Sugarcane
110.9,73.7,121.6,36.9,85.6,6.26,1236.2,Papaya
121.3,61.6,74.2,30.7,66.1,7.03,964.8,Orange
36.9,84.1,48.6,22.4,65.4,6.35,920.8,Soybean
131.5,45.1,50,32.7,69.5,8.06,870.7,Mentha
147.9,73.5,77.5,19.5,76,5.27,448.9,Potato
42.7,30.4,26.5,27,30.9,7.15,250.7,Fennel
132.7,70.9,99.7,40.1,72.8,7.22,1218.2,Papaya
46.2,33.4,38.9,20.3,39.2,6.58,365.6,Fennel
72.6,53.1,128.4,19.9,56.5,7.84,859.9,Grapes
119.8,48.5,170.2,16.8,82,5.4,1872.5,Coffee
49.5,25.2,61.5,27.9,68.1,6.6,726.5,Curry Leaf
57.9,42.9,63.8,26.5,64.7,6.34,775.7,Pumpkin
64.3,43.1,83.5,25.5,84.5,5.49,2111,Cardamom
68.8,45.1,27.1,19.4,56.4,7.33,729.5,Mustard
152.6,72.2,69.8,19.3,67,6.35,671.4,Broccoli
56.1,33.5,33.3,25.6,50.1,6.3,486.1,Sesame
85.4,40.5,53.9,19.2,66.2,6.79,522.6,Radish
117,79,59.4,20.7,67.3,6.64,1175.3,Maize
69.9,27,37.2,36.2,86.5,7.27,2207,Jute
85.7,47.8,22.5,22.7,63.1,6.78,313.1,Mustard
48.4,22.5,30.4,26.4,49.8,6.94,606.3,Ragi
92.6,37.9,37.7,33.6,57.3,6.26,770.5,Amaranthus
119.9,81.3,113.1,34.7,69.9,6.27,1337.7,Papaya
102.6,51.2,71.5,32.9,70.2,5.65,979.8,Mango
146.8,44.8,109,25.5,85.6,5.76,1586.3,Tea
138,48.7,48.6,15.1,61.2,6.51,378.3,Wheat
62.2,38.8,70.4,24.8,65,6.33,1084.4,Guava
113.1,46.7,51,30.8,86.9,5.63,1116.6,Paddy
90.4,40.8,94.6,32.1,88.1,6.6,1943.9,Betel Nut
33,56.8,33.9,15.6,34.2,7.89,346.4,Gram
63.8,47.7,77.9,21.2,58.5,5.45,475.8,Turnip
40.3,33.6,65.6,28.5,44.5,7.53,400.2,Ber
77.6,34.3,91.4,31.3,57.7,6.41,621.3,Muskmelon
40.1,51,41.6,31,61.3,7.1,561.7,Cowpea
61.3,42.6,39.9,22.3,67.6,6.52,387.8,Castor
30.8,53.7,49.5,14.8,58.8,6.58,422.2,Pea
91.8,49.2,64.2,28.6,62.4,7.25,841.4,Okra
75,53.5,109.8,18.3,64.3,7.08,567.7,Beetroot
115.2,76.3,149.4,23.7,57,6.72,1244.9,Papaya
40.5,43.2,114.6,23.6,58.9,6.04,1079.4,Sweet Potato
59,42.7,61.2,26,69.9,6.24,1023.4,Snake Gourd
97.3,43.1,44.7,36.5,72.8,6.54,703.8,Ridge Gourd
72.2,61.2,61.3,26.5,75.5,6.31,765.8,Okra
59.8,43.7,51.8,31.3,55.3,7.14,703.6,Pumpkin
104.6,57,81.9,26.7,61.3,5.7,1400.5,Orange
72.4,39.6,70.2,20.3,60.7,6.2,537.5,Turnip
110.4,48.1,47.9,32.3,87.1,6.33,1237.9,Paddy
50.1,28.4,25.6,26.1,55.3,6.53,591.3,Niger
45.2,37.5,118.7,19.3,64.8,5.93,769.5,Sweet Potato
127.4,76.3,68.6,17,77.5,6.72,707.8,Broccoli
39.3,34.4,68.9,29.9,69.1,6.38,838.2,Ash Gourd
121.8,47.2,149,19.6,81.6,5.48,1545.8,Coffee
117.7,57.4,112,26.5,71.2,5.61,816.2,Tomato
91.9,43.8,61.7,27.3,62.3,6.69,712.2,Bottle Gourd
94.6,51.1,106.4,24.5,82.6,6.06,1658.3,Ginger
52.7,38.9,71.2,25.5,68.1,6.48,764.7,Ash Gourd
28.1,54.8,51.5,11.8,59.8,6.7,379.9,Field Pea
60.2,40,124.6,30.4,53,7.99,870.5,Grapes
120.7,46.4,54.8,23.4,74.1,6.52,1319.2,Paddy
74.9,46.1,51.4,32.2,65.5,6.22,852.1,Ridge Gourd
80.7,35.8,48.2,28.9,63.3,6.74,637.9,Jowar
69.8,36.7,88.7,28,80.1,6.76,2123.8,Clove
78.7,46.4,57.4,20.9,58.7,6.13,1047.8,Lemon
43.7,39.1,42.4,31,60.8,6.45,917.1,Tamarind
35.4,51,30.1,26.5,59,7.42,707.1,Urad Dal
23.5,58.3,47.8,25,61.7,6.09,757.7,Soybean
72.5,23.8,26.5,40.4,62.8,8.22,184.7,Pearl Millet
29.6,54.1,20.9,17.1,46.3,7.42,408.7,Gram
11.7,32.9,31.7,38.6,53.4,6.82,192.6,Horse Gram
37.3,55.5,27,14.8,52.3,6.85,383.5,Lentil
35.1,29.3,47.5,30.5,48.6,6.69,539.2,Ragi
119.7,62.8,53.1,18.5,56.4,7.23,593.5,Wheat
96.4,54,90.4,23.8,41.1,7.01,635.2,Onion
94.2,40.7,24.7,13.6,49.4,7.18,353,Barley
72.2,41,73.7,25.5,65.5,5.66,1001.3,Lemon
25,54.1,27.9,18.7,52.2,7.24,327.4,Chickpea
94.4,45.5,66.8,29.2,63,6.57,854.4,Okra
31.3,53.3,28.2,31.9,71.8,6.59,482.2,Greengram
20.3,56.8,34.4,26.4,67.1,6.85,539.1,Greengram
43.7,17.9,65.8,29.7,50,6.49,327,Drumstick
106,41.2,66.9,24.4,71.4,6.33,1262.5,Guava
23.9,52.2,25.7,20.1,36.6,8.18,437.1,Gram
107.7,51.2,40,28.4,56.6,6.79,452.6,Sorghum
77.3,51.8,62.2,30.8,64.7,6.83,780,Bitter Gourd
36.7,47.5,29.8,27.4,56.3,6.3,613,Mung Bean
67,60.6,74.1,30,83.2,5.33,3041.6,Rubber
53.2,45.9,144.7,31.8,71,5.64,754.1,Sweet Potato
72.2,31.3,30.7,38.5,46.7,7.2,383.6,Pearl Millet
68.5,49.4,59.5,27.1,63.5,6.31,789.2,Snake Gourd
99.9,59.1,49.5,31.3,59.1,5.98,719.2,Cotton
83.9,26.9,38,28.2,78.1,6.86,1824.3,Jute
31.3,47.6,64.3,28.1,70.5,5.88,528.7,Groundnut
127.3,68,65.9,16.8,69,6.68,662.1,Broccoli
66.2,31.1,66.7,27.6,85.9,6.25,1755.9,Clove
129.2,67.9,85.9,22.8,67.5,6.17,905.9,Orange
98.3,50.1,93.6,30.9,75.7,6.52,1226.6,Litchi
28.1,43.3,25.8,27.5,42,8.25,332,Gram
131.3,48.5,48.2,32.5,81.5,6.6,981.4,Paddy
70.9,35.7,29,8.8,62.4,7.98,378.9,Barley
94.5,34.2,49.2,14.7,64.2,5.86,397.1,Radish
82.3,27.1,22.5,26.7,53.8,7.45,507.5,Bajra
25.5,51.5,29.7,30.9,68.3,6.5,347.4,Mung Bean
61.7,31.5,48.8,26.1,66.9,7.34,708.8,Amla
52.9,32.1,21.9,14.9,45.6,6.75,406.1,Linseed
55.2,31,45.8,29.7,65.9,5.8,762.4,Curry Leaf
27.2,27.2,33.5,33.3,31.2,7.2,612.4,Ashwagandha
35.5,50.9,31.4,20.7,39.9,7.3,471.2,Gram
73.5,27.5,39,33.5,62.8,8.55,629.3,Tamarind
46,26.3,26.7,22.1,42.7,7.07,512.9,Safflower
87,54.6,88.9,17,54,6.92,532.6,Turnip
60.8,28.1,64.6,23.6,70.3,7.02,1445.5,Guava
41.6,44.3,34.5,25,45.6,6.78,265,Fennel
67,48.6,95.1,13.1,66.3,7.46,493.4,Carrot
85.3,40.3,53.8,24,55.3,6.66,560.2,Sunflower
84.7,45.3,62.6,21.3,56,5.81,1022.3,Lemon
104.1,36,71.8,17.1,65.9,7.02,636.5,Cauliflower
95.7,46.5,92.5,13.5,63.4,6.45,624.2,Cabbage
28.1,49.3,28.6,34,58.2,6.59,623.5,Blackgram
42.4,31.6,41.1,16.8,40.9,7.4,375.5,Fennel
90.9,36.5,52.5,14.5,70.9,6.95,379.2,Radish
83.7,55.4,86.1,19.3,65,6.36,491.9,Turnip
168.2,77.4,66.2,18.5,62.9,6.77,576.7,Broccoli
209.3,75.3,130.9,27.7,68,6.37,1054.3,Sugarcane
84.8,31.5,42.8,31.8,83.4,7.3,1950.1,Jute
82.1,47.3,67.2,14.8,67.4,6.31,1150.3,Lemon
135.5,79.7,128.5,30.9,70.2,5.76,1188.3,Papaya
70.5,56.6,86.1,12.5,63,6.88,477.7,Carrot
147.7,65.7,100.4,35,69.7,7.17,1116,Sugarcane
46.6,44.8,64.4,23,65.8,7.79,841.3,Pumpkin
19.1,34.4,21.7,36.8,24.6,7.48,299.3,Moth Bean
85.1,47,57.8,22.8,69.3,5.55,812.4,Lemon
62.9,34.2,82.8,27,44.8,6.98,426,Muskmelon
122.6,53.8,112,27.1,73.3,4.78,1697.6,Tea
94.4,35,42.9,28.6,58.9,6.93,842.8,Sorghum
88,41.1,87.1,30.8,79.4,7.17,1514.9,Betel Nut
32,46.2,32.8,29.6,55,6.55,689.9,Blackgram
81.5,38.5,48.4,14,66.8,7.43,433.2,Spinach
92.1,52.6,122.1,30.8,54.9,7.72,710.6,Grapes
40.9,37.4,25.7,28.2,55.5,5.74,449.2,Sesame
69.5,40.1,32,16.4,46.7,7.03,353.3,Barley
79.1,57.2,129,26.3,68.8,6.47,1710.2,Taro
13,33.2,21.5,32.5,37.4,7.31,311.3,Guar
109.8,56.2,94.9,12.3,70.1,6.73,603.3,Cabbage
144.2,89.6,101.5,20,74,5.36,508.5,Potato
79.2,51.5,64.3,26.9,70.4,5.84,511.7,Cucumber
31,43.1,30.6,28.9,62,6.87,629.2,Urad Dal
94.5,49.5,51.3,28.9,62.1,6.71,544.6,Sorghum
122.8,43,46.8,28.6,83.1,6.93,1565.9,Paddy
51.1,33.2,31.8,18.6,34.8,7.81,400.5,Coriander
111.2,48.3,67,16.9,76.1,6.41,618.5,Lettuce
23.4,54.6,34,30.6,56.8,6.9,670.4,Blackgram
79.5,51.9,60.4,29.5,68.2,6.85,798.4,Okra
79.9,54,106.3,31.6,80.3,6.3,1548.2,Jackfruit
52.1,30.4,21.1,37.6,51.7,7.1,508.9,Sesame
115.2,46.4,53.5,26.9,86.2,6.53,612.7,Rice
42.8,29.4,47.5,31.3,44.9,7.29,618.8,Ber
80.4,40,98.7,29.4,84.3,5.56,1969.1,Black Pepper
48.6,37.2,50.8,35.6,41.5,7.52,275.5,Ber
100.4,47.4,141.3,28.5,82.5,5.24,823.8,Coconut
74.5,35.4,109.9,31.9,51.6,6.69,676.6,Watermelon
29.9,57.8,58.7,33.5,49.6,6.09,760.3,Groundnut
83.1,38.6,58.5,10.9,70.3,6.69,576.8,Garlic
32.2,53.4,33.3,34.6,57.6,6.45,622.5,Greengram
57.8,37.3,65.6,27.4,59.7,6.81,882.8,Pumpkin
96.9,54,84.5,17.9,49.7,6.99,675.3,Onion
85.4,50.3,48.1,22.4,70.5,5.96,935,Capsicum
166.5,81.4,93.4,6.7,68.3,5.41,538.1,Potato
84.7,43.8,97.4,32.5,71.4,7.43,1987.1,Betel Nut
59.2,34,30.4,38.6,83.6,6.73,2488.9,Jute
71.5,64.1,75,24.1,62.8,6.15,610.1,Turnip
48,30.1,41.7,16,40.2,6.99,336.7,Linseed
58.4,33.2,100.4,28.9,74.3,5.67,1592.3,Pineapple
128.8,72.3,83.2,18.2,80.3,6.17,683.6,Potato
153.3,73.9,50.2,20.2,70.8,6.07,939,Maize
97.6,45.8,68.7,31.6,62.7,6.16,782,Brinjal
66.5,53.8,77.7,31.9,73.3,6.55,666.4,Okra
42.5,30.8,25.9,28.2,58.4,7.22,784.6,Niger
30.6,57.4,31.5,22.9,61.3,7.58,732.1,Cowpea
16.4,37.1,17.4,33.9,33.4,7.7,319,Moth Bean
100.8,53.7,77.1,32.4,64,6.71,755.3,Bottle Gourd
110.4,35,50.4,29.8,77.3,5.67,1336.4,Paddy
61.3,32.3,72.2,22.4,75.5,5.87,2004.2,Clove
89.5,49,64.4,17,61.5,6.57,756.9,Cabbage
20.7,29,26.8,39.4,52.1,8.74,304.6,Moth Bean
154.7,92.3,100.5,13.1,70.3,5.87,593.6,Potato
54.5,23.5,34.4,18.6,48,6.64,335,Linseed
70.1,60.8,133.7,30.4,77.5,6.2,1893.7,Jackfruit
72.4,30.7,34.2,33.8,75.5,6.28,1218.8,Jute
39.3,51.7,32.7,31.9,57.6,6.18,707.2,Arhar Dal
67.5,48.6,75,28.8,75.6,4.93,2072.2,Cardamom
123.5,65.3,47.3,26.9,50.6,5.89,1260.5,Maize
131.1,71.7,104.1,33,71.5,7,1182.7,Papaya
68.5,38.4,33.4,28.1,55.6,7.59,412.1,Castor
99,50.2,82.7,31.5,64.8,5.74,888.3,Mango
29.3,48.2,24.4,28.7,59.9,5.84,919.7,Arhar Dal
74,41.8,44.3,26.1,44.8,6.65,487.5,Castor
95.8,54.9,60.7,28.2,66.9,6.03,786.8,Brinjal
34.7,59.3,23,26.2,40.3,6.59,378.9,Chickpea
38.6,42.2,26.9,23,22.6,6.25,433.2,Gram
14,28.9,29.7,32.8,46.5,6.46,577.6,Horse Gram
72.6,41.5,163.3,24.4,69.7,5.51,833.8,Sweet Potato
39.7,25.7,28.4,31.7,42.3,6,623.5,Sesame
30.8,24.9,37,30.8,46.6,7.97,586.6,Ashwagandha
76.3,51.9,53.2,21.1,47.2,7,642.1,Sunflower
116.3,71.9,96.4,25.8,71.7,6.76,929.9,Tomato
106.5,44.4,121.4,26.6,82.5,5.94,1640.4,Taro
68.1,45.4,66,26.1,57.8,5.98,786.8,Capsicum
64.2,26.6,83.2,20.6,84.5,6.28,2049.8,Clove
32.6,49,37.9,30.6,63.9,7.6,581.9,Urad Dal
24.5,37.2,23.1,13.3,31.4,6.25,289.8,Fenugreek
71.4,54.9,153.1,31.1,77.9,6.03,2127.7,Taro
83.7,54.6,118.6,32.8,91.6,6.27,1619.4,Turmeric
50.2,32.5,76.8,27.1,73.2,6.44,995.9,Amla
108.8,43,84.3,13.5,68.8,7.76,542.1,Cauliflower
68.7,47.9,107.4,26.8,68.6,5.57,941.6,Sweet Potato
85,38.2,37.2,29.3,58.5,6.84,559.6,Jowar
74.1,51.5,96,21.7,65.2,6.91,472.5,Beetroot
54.4,31,28.3,24.6,52.3,7.6,491.1,Sesame
63.8,36.6,70.3,29.5,74.5,6.79,778,Ash Gourd
30.5,30.9,40,34.1,67.2,5.73,371.8,Horse Gram
42,49.9,33.8,28.6,61.1,6.87,641.1,Urad Dal
109.7,34.7,106.9,29.7,77.8,4.86,1534.5,Tea
99.3,45.9,88.5,29.7,72.8,6.12,1244,Litchi
34.4,33.9,34,23.4,46.9,7.51,421.7,Coriander
97,51,61.8,24.4,87.3,6.82,746.9,Okra
81.4,49.7,81.1,14.2,67.4,6.85,601,Turnip
81.7,40.3,88.4,28.4,67.3,6.09,1170.5,Turmeric
77.8,45.2,69.9,27.1,67.2,6.69,879.7,Brinjal
62.3,37,55,25.3,68.9,7.02,718.7,Snake Gourd
35.7,39.7,35.3,30.1,67.9,6.83,670.9,Blackgram
38.8,33.1,55.1,33.2,57.9,6.33,327.8,Pomegranate
85.3,51.4,65.5,29.4,75.6,6.03,1014,Ridge Gourd
98.9,42.9,22.2,23,84,5.88,487.3,Mustard
72.2,55,101.1,17.6,63.5,6.79,597.7,Beetroot
29.5,33,33.2,33.1,43.3,7.85,641.4,Ashwagandha
131.2,58.5,49.4,24.4,49.2,7.61,562.4,Wheat
19.3,50.9,38.5,29.5,59.8,6.91,601.4,Arhar Dal
74,39.2,54.2,26.8,80.1,6.69,832.8,Ash Gourd
100.5,60.4,49.8,20.6,61.6,5.66,907.9,Maize
112.3,65.4,77.8,29.2,69.5,6.27,1047.7,Tomato
82.5,51.7,110.3,23.3,65.2,5.69,986.4,Tobacco
87.7,50.9,51.2,15.1,69.6,6.5,413.8,Radish
112.4,44.4,49.2,26.2,86,6.38,2125.7,Rice
27.1,26,26.7,30.6,37.2,7.8,604.4,Ashwagandha
71.4,48.8,31.2,12.3,46.7,7.32,324.7,Barley
89.6,51.8,63.5,29.4,62.9,5.8,826.6,Okra
67.2,44.9,106.6,32.7,52,7.28,642,Grapes
82.1,50.9,86.5,13.4,59.7,6.9,517.7,Carrot
85.1,35.8,89.6,22.5,78.5,6.79,1444.2,Guava
27.5,31.3,32.8,27.8,42.3,8.57,612.5,Ashwagandha
110.6,53.8,78.7,31.9,73.1,6.42,774.2,Brinjal
64.3,43.5,92.5,21.9,83.9,5.61,1985.5,Cardamom
21.1,45.9,30,27.9,53.6,6.21,668.6,Urad Dal
71.8,36.1,68.5,29.9,55.8,7.25,378.7,Muskmelon
68.1,41.4,189.1,29.2,71.6,5.36,1623.5,Coconut
47.3,28.1,24.3,28.9,62.2,7.47,715.8,Niger
130.4,68.7,108.2,24.3,58.4,6.6,922.8,Tomato
75.4,59,45.8,16.8,58.3,6.59,590.5,Garlic
66.7,40.9,46.3,18.1,66.8,6.49,542.9,Radish
80.9,45.6,96.8,31.2,58.3,7.37,551.8,Watermelon
15.5,27.7,28.1,28.3,51.8,6.29,501.6,Horse Gram
25.2,51.9,25.8,37.7,58.7,6.63,664.6,Cowpea
85.7,28.1,24.3,32.7,57,7.14,464.4,Bajra
26.9,67.2,47.2,31.3,67.7,6.33,916.7,Soybean
70.4,39.1,58.1,25.2,62.1,6.08,465.5,Pomegranate
32.4,44.7,51.9,35.1,50.2,6.87,668.9,Groundnut
88.2,49.7,71.4,10.9,75.7,6.58,737.3,Lettuce
90.8,54.1,80.1,28.6,80.7,5.99,1783.5,Ginger
47.5,33.5,40.9,16.3,27.4,7.38,258.3,Cumin
39.5,37.4,50.6,23.9,52.2,8.32,529,Ber
50.1,27.9,33.4,34.3,39.9,7.61,491.5,Pearl Millet
36.9,72.8,48.6,22,54.8,6.31,486.7,Soybean
70,44.2,100.4,27.7,87.7,6.7,2642.6,Betel Nut
120.6,47.1,180.5,19.8,75.4,5.42,2183.4,Coffee
63,26.3,89.4,34.2,75.6,7.07,2156,Clove
105.3,55.8,86.4,17.7,57.2,6.45,683.5,Onion
30.4,44.9,26.1,33.7,55.9,6.75,486.8,Cowpea
102.2,44.2,73.1,24.7,66,6.17,831.2,Bitter Gourd
34.3,49.5,33.1,34.1,48.3,6.96,456.6,Cluster Bean
18.1,45,19.8,25.4,42.5,7.46,445.1,Chickpea
29.5,58.8,34.7,29.4,71.4,6.92,493.7,Pigeon Pea
17.6,31.2,31.9,25.3,57.6,6.21,517,Horse Gram
20.9,32.4,19.2,29.2,55.1,7.51,725.5,Niger
25.8,39.6,39.6,35.5,57.5,8.41,411.5,Cluster Bean
84.5,49.4,113.2,29.8,87.5,6.34,1647.9,Ginger
69.7,61.3,75.3,34.9,87.5,4.97,2555.9,Rubber
78.3,32.9,33.4,30.3,47.7,7.47,432.4,Bajra
46.4,27.8,28.7,29.4,47.6,5.58,599.4,Sesame
29,27.9,33.3,24.9,51,6.87,348.7,Fenugreek
67.8,53.5,75.3,16.3,67,6.34,461.9,Lettuce
158.4,46.2,185.2,32.2,73.5,7,1905.4,Banana
154.8,45.9,189.2,31,67.2,5.97,1772.1,Banana
60.4,44.6,49.9,29.3,72.7,6.74,782.9,Ash Gourd
106,47.2,75.9,10.2,58.9,7.31,351.6,Cabbage
76.5,72.3,95.8,30.9,86.4,5.34,2615.4,Rubber
75.7,28.7,35.2,9.6,69,6.42,633.6,Mustard
78.8,46.5,19.4,13.9,50.6,6.97,438.4,Mustard
61.8,39.4,104,26.9,72.9,5.97,1099.8,Sweet Potato
67.9,38.7,97.6,28.1,73.3,6.31,1401.5,Guava
81.2,45,53.6,22.8,55.7,6.86,746.2,Chilli
69.3,48.7,59.5,24.7,69.4,6.72,784.8,Ash Gourd
123.5,63.5,117.3,29.4,54.6,6.84,1349.8,Papaya
92.4,52.1,90.9,35.9,66.8,6.42,992.7,Mango
90.1,38.5,109.4,27.3,83.1,6.44,2377.9,Jackfruit
98.3,42,76.2,31.1,72.1,5.68,1051.2,Mango
83.7,47.3,47.7,33.1,72.2,7.1,1207.8,Chilli
78.1,50.4,65.5,28.8,47.7,7.38,754.8,Muskmelon
73.5,50.9,78.4,27.6,59.8,6.76,1113.4,Chilli
106.1,47.5,87.9,35.2,62.8,7.16,1104,Mango
121.1,51.6,57.2,12.6,70.8,6.5,592.7,Lettuce
59.1,47.1,60,21.9,59,6.46,652.8,Garlic
71.8,22.8,30.6,35.1,57,8.23,548.3,Ragi
114.2,66.4,117.6,29.5,65.8,6.18,771.6,Tomato
50.2,35.2,26.2,18.7,48.9,6.37,303.4,Linseed
131.7,43.3,47.7,26.9,80.2,6.13,1329.3,Paddy
59.1,39.1,87.2,20.1,86,6.08,1943.8,Cardamom
138.2,44.4,53.9,34.9,76.6,6.78,957.7,Mentha
73.6,29.2,42.3,21.5,64.6,7.09,973.2,Amaranthus
93.4,62.6,66.4,27.6,66.7,6.28,478,Brinjal
27.2,35.5,30.5,31.9,34.4,8.06,224.4,Guar
56.4,37.4,83.7,29.3,78.1,6.12,2410.8,Clove
79.5,26.7,50.3,24,84.4,6.82,2031,Jute
113.9,77.5,131.5,32.5,63.7,7.52,1266.4,Papaya
81.7,43.4,38.5,33.6,41.5,6.93,547.5,Jowar
64.7,34.6,39.9,35.3,40.1,7.66,397.7,Castor
67.4,31.8,37.1,28.7,81.1,5.84,1089.9,Jute
71.5,21.3,35,23.3,90.8,6.32,2039.3,Jute
81.2,41.3,29.4,15.6,44,7.09,364.4,Mustard
86.3,84.2,157.9,22.3,82.5,6.32,1881,Taro
47.6,23.6,48.3,31.4,58.7,6.33,1107.9,Curry Leaf
74.4,42.1,91.5,26.5,77.5,5.7,2466,Black Pepper
75.6,51.2,79.2,27.1,70,6.15,583.7,Cucumber
18.9,23.6,23.5,40,17.7,8.34,384.9,Moth Bean
80.1,38.8,55.1,28.3,71.7,6.43,661.7,Okra
74.2,37.1,37.5,29.1,85.1,6.45,2207.6,Jute
102.3,53.2,92.5,18.8,63.5,6.74,724.8,Orange
84.6,49.9,104.3,25,76.6,6.27,1620.4,Black Pepper
77.1,45.6,88.8,17.6,60.4,7.26,534.8,Carrot
86.1,47.6,83.9,22.5,68.7,6.12,639.1,Cucumber
101,76.1,101.5,29.5,66.6,6.09,826.3,Tomato
63.3,36.6,58.9,23,54.6,6.18,791.9,Pumpkin
48,20.9,55.9,34.5,47.2,5.81,1072.7,Curry Leaf
26.8,49.6,29.3,29,50.2,6.75,342.8,Lentil
63,23.7,47.4,12.7,44.8,6.79,297.9,Linseed
64.4,34.4,55.4,23.7,66.5,6.36,917.2,Guava
98.5,40.4,79.1,14.2,64.8,6.65,560.6,Cabbage
44.8,27.2,25.4,34.9,55.1,6.61,505.8,Sesame
144,78.5,90.5,21.5,75.3,5.68,641.1,Potato
18.6,60.3,43.2,15.4,67.8,7.52,263.8,Chickpea
42.1,21.2,28.2,29.5,63,6.35,858.8,Niger
69.5,45.2,127,28.7,66.3,8.41,645.2,Grapes
147.4,57.8,59.4,21.2,64.5,6.54,529.1,Broccoli
100,54.9,96.1,16.5,54.8,6.8,565.5,Cauliflower
63,54,77.5,27.9,49,7.22,580.9,Watermelon
108.1,58.6,71.9,29.7,65.8,6.53,861.2,Ridge Gourd
60.7,33.5,68.2,26.7,84.8,5.39,1831.1,Cardamom
57.8,47.1,69.2,28.5,60.9,7.75,842.4,Grapes
6.9,27.6,19.6,33,41.7,7.66,284.5,Moth Bean
45.3,29.6,42.9,28.3,81.2,5.9,721.1,Curry Leaf
87.7,38,45.6,11.4,73.7,6.72,451.2,Spinach
31.8,47.3,22.6,19.3,52.7,6.58,304.4,Lentil
63.2,34.9,103.5,35.2,94.9,6.91,2142.7,Betel Nut
54.8,28.7,47.3,34.1,58.3,6.04,874.8,Curry Leaf
115.7,69.5,107.6,22.5,56.9,5.76,923.8,Tomato
96.5,46.2,89.7,24.5,72.5,7.25,1950.4,Turmeric
47.8,22.5,95.4,29.8,78,6.3,1997,Pineapple
67.4,46.1,77.4,24.7,65.6,6.37,852.4,Snake Gourd
123.2,67,126.9,25.3,57.4,6.38,786.7,Tomato
187.4,55.5,235.2,32.9,74.1,7.54,1629.6,Banana
52.3,46.7,52.1,19.5,55.2,5.82,1004.6,Lemon
79.4,41.4,89.8,29.7,59.8,7.49,673.8,Grapes
106.2,50.5,114,26.7,69.7,6.35,861.2,Tomato
24.1,43.2,53.5,15.4,59.6,6.64,295.3,Field Pea
26.8,48.5,27.3,29.6,59.8,6.64,480.9,Blackgram
39.9,29.6,57.3,39,63.7,7.93,972.3,Tamarind
107.9,74.6,107,19,63.9,6.84,986.2,Tomato
89.9,29.6,35.2,31.8,52.7,6.88,724.3,Jowar
49.9,33.3,32.6,23.5,24.3,7.46,360.6,Cumin
19.4,35.7,33,31.1,30.3,7.74,361.1,Guar
34,53,32.1,32.6,62.6,6.38,801.7,Cowpea
30.6,40.2,26.5,34.2,56.4,5.9,666.3,Horse Gram
70.2,44.3,76.8,32.9,44.9,6.15,423.3,Pomegranate
27,31.3,25.2,29.3,56.2,7.05,399.5,Horse Gram
102.3,84.7,45.4,25,54.4,6.94,709.1,Maize
106.9,55.1,67.5,17.3,77.2,6.68,613.2,Lettuce
19.6,50.6,24.7,31.2,66.3,6.42,873,Cowpea
162.4,62.2,105.3,18.8,68.7,5.65,391.9,Potato
73.6,57.3,52.4,6.7,62.4,6.89,608.6,Garlic
75.6,54.3,94.1,28.4,73.3,5.82,699.4,Mango
98.8,51.7,89.8,11.4,72.3,6.74,592.7,Onion
159.5,63.6,202.5,34.7,74.8,6.38,2269.1,Banana
104.6,63.9,93.4,29.7,74,6.38,938.8,Tomato
22,35.4,32.7,35.5,58.5,6.75,660.5,Horse Gram
120.8,55.1,48,23.5,61.5,7.74,753.9,Cotton
33.8,34.7,22,15.7,46.4,7.13,183.3,Cumin
109,53.4,80.2,18.7,58.7,6.5,415.3,Onion
39.6,48.2,21.2,17,41.6,7.81,486.8,Gram
42.2,20.9,23.2,21.1,33.5,7.7,280.4,Fennel
99.5,43.6,62.6,37.8,79.8,6.53,1441.3,Litchi
69.4,33.9,80.2,26,78.9,6.49,1963.6,Clove
82.7,47.4,66.9,25.5,58.9,6.6,443,Garlic
152.4,87.7,109.9,12,63.8,5.36,588.8,Potato
24.4,38.9,21.9,19.8,39.7,6.26,292.6,Fenugreek
57.7,38.4,55.8,23.3,51.2,7.63,1077.1,Amla
109.4,67.4,55.6,27.5,67.1,6.31,856.9,Maize
81.2,39.4,64.7,26.7,68.6,6.28,713,Ash Gourd
72.7,37.6,67.2,29.6,53.8,7.02,533.3,Muskmelon
75.4,49.5,77.7,24.4,80.8,5.39,2204.2,Cardamom
77.3,63.2,55.5,28.9,82.9,6.63,899.8,Ridge Gourd
22.1,46.2,26.5,20.2,54.4,7.42,341.9,Chickpea
119.5,48.7,54.8,17.5,75.3,6.57,647.6,Lettuce
103.2,46.4,86.9,17,70,6.27,830.9,Onion
49.7,30.5,34.3,12.6,31.7,7.2,324.1,Fennel
59.3,30.8,105.5,30.1,82.8,6.15,1730.1,Pineapple
84.9,54.6,68.4,32.2,57,7.43,1187.2,Mango
57.6,34.3,61.8,24.9,60.3,5.11,464.8,Pomegranate
46.9,34.2,32.3,23.6,44.2,6.95,531,Safflower
67.5,36.6,31.9,29.2,47.9,7.77,579.5,Castor
83.8,42.5,70.3,27.9,67.9,6.38,617.8,Brinjal
40,32.7,26.7,22.5,44.8,7.19,315.3,Fennel
26,46.6,29.1,33.4,69.3,6.14,673.3,Mung Bean
71,35.5,41.3,32.5,57.4,6.54,314,Jowar
65.4,36.4,54.1,20.5,62.1,7.09,537.3,Radish
15.3,51.3,55.8,12,61.4,6.31,417,Pea
39.7,30.8,59.5,41.2,37.8,8.89,228.9,Ber
116.5,75.4,90.9,24,62.9,6.57,907.5,Tomato
50.2,29.5,46.8,36.7,38.6,8.03,466.5,Ber
105,48.3,55.3,14.6,67.6,6.12,523.1,Lettuce
154.5,51.3,85,20.9,63.9,6.35,667.4,Broccoli
83,30.9,75,21.1,67.8,6.82,1237.1,Guava
32.1,52.7,28,34.2,59.3,7.05,565.9,Urad Dal
81.5,31.3,98.7,24.4,76.9,7.32,1727.5,Betel Nut
84.7,56.3,58.8,33.4,73.8,6.29,761.6,Cotton
92.9,37.1,69,22.8,57,7.57,483.8,Pomegranate
49.1,34,21.7,19,19.6,7.59,266.1,Cumin
39.8,30,38.2,39.7,51,5.8,604.7,Sesame
78.1,29.2,36.7,39.3,78.4,7.28,1487.4,Jute
109.4,47.9,35.7,28.6,57.2,7.39,547.3,Sorghum
77.1,43.7,46.2,30.7,72.7,7.18,802.5,Okra
83.5,66.7,104.6,28.2,82.9,5.12,3051.6,Rubber
33.2,51.4,82.2,23.3,62.1,6.49,743.5,Capsicum
29.8,53,32.2,34.1,60.7,6.94,548.3,Blackgram
30,48.9,23.8,28.8,69.5,7.75,530.8,Greengram
77.2,44.9,103.2,29.5,84,6.76,1595.7,Turmeric
31,46,42.2,29.3,57.8,6.64,576.5,Mung Bean
20.2,29.3,26.1,29.6,46.1,7.42,397.9,Guar
94.6,57.5,67.9,22.9,65,6.82,726.6,Chilli
76.6,72.2,108.7,18.6,80.3,6.73,1749.8,Taro
86.4,49.7,55.1,29.3,74.7,5.96,624.7,Chilli
94.7,62.1,91.7,13.4,46.6,5.86,609.1,Turnip
80.6,56.4,76.8,14,59.5,7.2,458.1,Carrot
110.4,67.2,58.4,21.5,67.3,6.14,1116.8,Orange
82.7,52.3,59,22.7,72.2,6.61,594.5,Cucumber
54.6,45.6,94.5,15.7,55.1,6.61,499.2,Carrot
126.2,81.4,125.2,18.2,71.3,5.83,580.7,Potato
123.4,76.1,49.3,26.2,75.5,6.2,626.7,Maize
38.2,27.7,29.9,9.9,32.1,7.28,316.5,Fennel
13.9,36.1,27.9,28.3,66.5,6.29,392.9,Horse Gram
50,28.8,51.4,34.3,53.9,7.07,980.8,Curry Leaf
47.5,32.5,28.4,20.6,36.7,7.75,341.1,Fennel
97.2,58.6,49.8,24,60.2,6.91,1143.1,Maize
64.2,49,78.5,9.9,62.2,7.1,436.6,Carrot
123.6,61.8,87.1,13.9,75.8,5.18,576.2,Potato
55.2,48.3,117.9,34.1,46.7,7.76,673,Grapes
149.5,41.1,52.1,33.7,72.5,7.05,1225.2,Mentha
52.6,25,28.7,23,55.4,7.02,837.1,Niger
98.6,67.1,89,31.3,78.5,6.27,1680.2,Taro
95,43.2,90.5,16.7,56.9,6.3,585.7,Cabbage
147.3,62.8,78.2,20.4,64.9,6.31,647.1,Broccoli
32.2,45.5,24.6,24,56.3,6.48,604.1,Pigeon Pea
75.3,25,96.5,32.5,82.4,6.25,1154.4,Pineapple
96.9,58,131.5,26.9,58.3,5.8,1081.2,Tobacco
137.7,51.3,154,13.9,78.3,5.34,1641.7,Coffee
41.6,40.4,37.1,31.3,52.2,6.82,647.9,Mung Bean
32.9,44.3,32.2,23.7,45.5,6.25,426.7,Lentil
54.2,23.5,27.2,19.2,45.1,6.62,290.2,Linseed
57.5,40.8,41.7,35,59.4,5.96,745.6,Cotton
41.8,35.3,10.4,40.4,52.8,6.47,445.4,Sesame
29.4,58.2,27.2,26.6,39.1,6.96,394.1,Chickpea
30.3,42.8,23.1,25,69,6.83,437.8,Mung Bean
65.9,48,63.6,24.6,76.9,5.95,1622.5,Cardamom
84.5,36.8,31.2,33.1,66.3,6.38,600.9,Jowar
76.4,54.3,51.6,30.1,68.5,6.67,769,Ridge Gourd
14.8,28.7,37.1,31.3,62.3,6.77,266.4,Horse Gram
105.1,52.8,68.7,29.3,70.8,5.75,864.6,Orange
130.4,42.2,53,31.4,70.7,7.51,1095.1,Mentha
87.7,38.1,47.1,26.6,67.6,6.73,520.1,Radish
48.2,37.5,29.9,12.7,50,6.5,383.2,Linseed
122.8,48.8,86,28.8,73.7,5.35,1898.4,Ginger
63.5,34.7,24.6,16.2,39.1,7.17,260.4,Cumin
114.2,50,36.7,29.4,73.8,7.04,492.7,Sorghum
104.2,39.5,80.7,25.5,59.2,7.67,708.3,Bottle Gourd
39.7,43.6,45.8,11.4,60.6,6.32,398.5,Field Pea
54.3,43.6,64,25.4,44.5,5.89,539.4,Pomegranate
103,59.9,142.9,27,70.7,5.72,725.6,Tobacco
97.1,50.2,82.2,21,73.2,6.49,592.4,Brinjal
25.5,56.9,26.8,30.2,59.4,6.52,762.4,Blackgram
104.7,33.5,75.6,27.7,66.5,6.57,655.6,Brinjal
29.7,46.9,37.1,32.8,55.3,6.48,682,Greengram
22.1,57.3,32.3,35.7,58.4,6.99,534.8,Cowpea
84.1,47.1,25.8,14.1,61.6,7.26,251,Mustard
49.9,32,29.7,22.8,33.3,6.35,478.1,Coriander
91.5,41,42.7,31.1,41.7,6.71,508.3,Bajra
54.9,23.7,27,21.5,45.4,6.54,463.9,Safflower
120.6,44,57.9,30.7,57.6,6.87,936.1,Cotton
135.7,41.6,106.1,21.4,86.6,5.07,1702.7,Tea
79.5,63.9,84.5,28.3,88.8,5.13,2709.2,Rubber
86.1,32.9,32.3,30.7,56.8,6.88,651.1,Jowar
67.6,39.4,120.7,21.3,55.9,7.29,692.8,Grapes
97.5,56,92.9,24.9,76.4,6.3,1772.8,Ginger
23,50.2,23.9,26.9,57.5,6.8,512.7,Blackgram
50.6,27.9,32.6,20.6,38.1,7.48,430.1,Safflower
62.8,44.5,48.3,29.4,47.2,6.96,547.4,Pomegranate
23.6,50.3,26.9,34.6,61.9,7.41,791.8,Greengram
82,38.5,47.7,13.3,64.3,6.92,494.6,Radish
44.8,37.1,40.5,32.8,59.5,6.08,754.3,Curry Leaf
45.4,25.5,35.1,14.9,43.6,6.65,346,Linseed
131.5,76.1,56.9,28.2,69.3,6.36,1013.4,Maize
28.3,37.8,38.2,16.2,59.7,6.04,438.2,Pea
97.9,49.6,66.1,32.9,59.6,7.11,842.6,Bottle Gourd
59.3,28.1,69.8,21.2,52.8,6.82,1058.9,Amla
89.2,50.7,84.9,11.2,51.1,6.86,380.9,Turnip
26.7,42.6,35,19.2,45.7,7.4,441.3,Gram
51.3,20.4,12.4,27.7,45.1,6.73,540.3,Sesame
75.9,52.4,112.7,26.9,79.8,5.18,2348.3,Black Pepper
104.3,51.9,51.3,20.8,68.9,7.53,536.5,Wheat
86.2,33.4,58.3,24.9,64.6,6.01,775.2,Lemon
31,80.6,51,24,63.2,6.76,909.7,Soybean
112.7,42.8,106.2,22.1,74,4.8,1817,Tea
88.3,37.7,57.4,38.4,59.6,6,655.8,Cotton
113.7,48.2,39.4,31.6,59.5,6.85,643.4,Sorghum
121.1,69.7,60.2,29.9,62.4,5.93,1069.7,Orange
92.9,68.6,103.3,28,79.3,5.88,1970.4,Taro
94,51.3,75.7,31.8,57.5,6.67,985.1,Bitter Gourd
66,39.8,92.1,29.5,53.4,7.71,845.9,Grapes
61.3,33.3,86.4,30,72.3,5.84,1623.9,Pineapple
102.6,47,49.6,25.6,88,5.66,1077.4,Paddy
61.6,39.9,59.5,27.7,75.5,6.67,1032.3,Snake Gourd
61.2,38.3,59.9,26.5,69.1,7.04,933.6,Snake Gourd
29.2,32.8,23.2,24.2,42,7.97,722.2,Ashwagandha
68.9,41.1,80.5,27.7,44,7.23,592.4,Muskmelon
99.3,35.3,114.5,26.7,81.4,5.16,1649.9,Black Pepper
47.3,23.9,25.1,26.6,44.3,4.59,415.5,Sesame
64.1,53.6,84.2,25,74.3,5.65,598.4,Cucumber
102,53,68.5,28.8,54.3,7.12,829.4,Bitter Gourd
70.5,43.9,80.9,27.1,66.6,6.81,749.3,Pumpkin
90.7,41.9,55.7,16,62,7.07,575.4,Radish
30.3,56.2,31.8,27,69.8,6.69,730.2,Blackgram
170.2,51.4,233.7,32.7,67.1,6.57,1391.9,Banana
131.8,64,69.9,20.8,72.5,6.31,711.3,Broccoli
25.7,30.8,49.4,15.3,58.7,7.03,461.6,Pea
19.6,55.6,31.6,20.3,46.5,7.09,478.3,Chickpea
43.3,23.7,56.5,29.1,55,7.42,623.4,Ber
97.5,51.8,71.7,16.1,60.9,6.57,409.2,Garlic
27.8,46.5,22.9,30.1,57.3,6.66,683.1,Urad Dal
27.5,44.2,27.3,29.1,72.2,7.23,658.7,Urad Dal
91,61.5,41.3,22.9,34.7,7.3,594.8,Sunflower
21.4,29.9,12.8,29.4,33.2,7.99,403.2,Moth Bean
127.1,44.7,54,26.7,70.5,7.29,1106.7,Mentha
62,16.6,80.2,24.5,80.3,6.48,2145.3,Clove
124.7,47.9,65.3,21,64.8,6.94,465.2,Cauliflower
139.2,68.1,104.7,16.9,66.8,5.72,606.8,Potato
80.1,25.7,94.7,34.2,77.6,5.1,1740.4,Pineapple
29.7,51.1,59.9,11.9,59.2,7.31,487.8,Pea
69.3,46.1,33.1,17.5,37.6,7.5,284.7,Barley
43.1,22.8,46,32,70.3,6.09,782,Curry Leaf
90,50.9,68.4,23.4,78.5,6.23,778.7,Capsicum
101.3,63.7,47,27.8,84.6,6.46,1045.6,Maize
39.5,68.4,54.9,26.3,50,5.96,739.2,Soybean
50.2,41.7,46.3,32.3,63.3,6.32,689.3,Ash Gourd
118.8,44.4,80.9,28.4,63.4,6.73,882.7,Mango
31.4,43.4,28.7,24.7,66.5,7.12,476.9,Mung Bean
57.7,50.8,111.1,29,84.8,6.45,1427.2,Turmeric
37.7,34.4,71.6,26.3,65.5,6.05,2173.4,Clove
76,32.7,25.2,11.6,19.9,7.24,599.7,Mustard
91.8,49.6,28.3,20.8,53.4,8.25,411.5,Mustard
69.2,28.6,66.5,22.1,72.3,5.41,1993,Clove
73.8,41.9,42.7,31.4,60.9,6.23,1046.4,Amaranthus
67.3,38.2,43.1,29.1,41.8,6.19,712.8,Jowar
110.4,45.7,86.1,20.7,65,6.09,695,Cauliflower
67.4,50.5,45.9,27.1,35.2,6.93,618.3,Sunflower
128.8,40.7,43.5,27.1,84.9,5.81,2084.3,Rice
51.6,30.3,19.3,27.6,46.1,6.57,525.7,Sesame
101.4,40.5,85.7,17,72.1,7.47,548.1,Cauliflower
37.3,27.1,30,14.3,22.5,7.43,248,Cumin
93.1,55,84.3,25.4,58.1,7.04,568.6,Garlic
76.4,66.5,99.1,22.4,59.3,5.95,682.8,Beetroot
72.9,47.2,86.9,17.9,50.7,6.72,462.8,Carrot
36.1,39.5,31.4,27.9,66.3,6.04,583.7,Niger
85,43.7,87.5,31.1,69.5,6.78,1539.1,Betel Nut
33.6,49,51.3,15.5,67,6.83,496.1,Field Pea
72.5,47.5,80.5,21.3,57.4,5.72,434.6,Turnip
26.1,40.7,72.6,37.9,61.2,6.33,877.7,Groundnut
105.5,29.1,51.7,15.6,64.9,6.19,502.3,Spinach
45.1,32,41.7,39.3,57.5,6.13,1004.9,Curry Leaf
114.8,53.3,64.9,23.7,74.2,6.75,642.8,Bottle Gourd
67.7,33.5,82.4,30,43.8,6.71,366.8,Muskmelon
119.5,40.1,100.6,27.6,69.8,5.7,2154.4,Tea
30.9,54.5,17,24.7,42.9,8.13,363.3,Chickpea
46.2,37,64.3,21.4,63.5,6.14,632.4,Cucumber
58.8,39.6,61.9,16.8,80.4,5.72,1680.6,Cardamom
78.8,54.7,44.8,24.1,57.3,6.32,691,Capsicum
60.1,55.9,76.3,25.3,73.3,6,534.9,Cucumber
69.4,41.2,42.7,29.4,91.2,6.21,2046.6,Jute
40.5,29,29.8,18.1,48.9,7.19,320.3,Linseed
115.8,63.5,61,29,63.7,6.14,662.5,Maize
128.8,50.4,58.9,30.6,97.1,5.96,730.3,Rice
44.9,46.5,22.7,20.9,23.7,7.51,350.9,Cumin
103,51.5,89,14.7,74.4,6.12,563.6,Cabbage
48.9,36.5,34.5,28,47.4,7.15,413.6,Safflower
46.9,41.8,27.9,16.5,19.4,7.64,220.6,Cumin
94.7,53.8,39.6,34,49.9,6.5,744.5,Sorghum
94.2,45.7,46.3,27,85,5.86,574.8,Rice
55.1,30.9,125.3,27,67.6,5.68,928.7,Sweet Potato
63.2,43.6,79.3,24.1,78.4,5.86,2150.6,Cardamom
43.5,31,126.1,31.3,78.8,6.54,1637.6,Pineapple
87.5,27.6,90.1,24.2,88.9,5.86,2288.2,Black Pepper
38.5,46.4,29.4,30.5,73.7,6.39,647.1,Greengram
16.8,25.8,18.6,39.4,34.4,8.49,360,Moth Bean
94.8,36.1,72.3,27.5,44.1,6.78,555.6,Pomegranate
45.9,24.5,31.5,29,53.6,6.81,671.7,Niger
111.3,49.7,53.4,33,70.5,6.12,1264.4,Paddy
95.1,34,59.5,22.3,59.5,5.99,925.8,Lemon
59.1,45.6,119.1,24.3,74.3,5.51,756,Sweet Potato
33.8,44.3,26.5,28.2,47.8,6.87,672.6,Greengram
110.1,43.5,94.5,28.8,68.3,7.27,1170.2,Turmeric
124.3,49,134,23,65.4,6.04,734.5,Tobacco
157.7,91.5,120.9,28.1,69.7,7.71,1243.5,Sugarcane
92.2,41.5,92,12.3,53.1,8.26,836.9,Grapes
64.7,20.4,77.3,37.6,71.1,7.79,1092,Tamarind
58,22.8,73.7,32.8,77.8,5.79,1752.3,Pineapple
78.3,30,98.6,31.6,78.6,5.67,1634,Pineapple
88.6,40.3,91.6,30.8,82.2,5.48,1934.6,Black Pepper
55.6,50.6,120.7,25.5,70.8,5.82,1136.5,Sweet Potato
27.5,45.4,23.7,28.9,61.8,6.79,569.3,Greengram
33.5,32.8,27.6,26.2,46.5,7.4,628.9,Ashwagandha
30.5,40.8,38.7,25.8,66.5,6.63,692.9,Urad Dal
29.3,33.2,36.1,15.2,46.7,6.62,296.9,Fenugreek
81.9,64.9,77.8,32.2,76.1,5.16,2941.4,Rubber
40.5,26.9,54.4,39,60.2,6.02,883,Curry Leaf
63.2,50.8,60.8,26.5,57.8,5.95,809.5,Capsicum
85.8,37.4,129.9,19.8,61.2,6.18,747.5,Tobacco
158.2,38,171.6,31.9,92.4,6.2,1548.4,Banana
26.8,52.3,86.3,31.7,57.5,6.24,847,Groundnut
124.4,37.3,90,28.7,76.2,4.55,2012.2,Tea
100.4,32.5,41.9,28.2,60.6,6.17,731,Sorghum
48.6,30.3,33,24.7,64.9,7.33,678.6,Niger
19.5,24.6,35.4,27.9,62.4,7.14,371.4,Horse Gram
101.2,54.6,104.9,28.4,79.7,6.66,2151,Jackfruit
84.1,51.4,79.3,37.1,55.9,5.87,742.6,Mango
77.4,51.8,45.8,23.8,58.7,5.37,1015.7,Amaranthus
138.1,83.2,103.7,13.6,65.9,5.38,485.5,Potato
94.4,60.1,81.1,33.2,66.2,6.02,755.4,Brinjal
60,25.7,30.4,15.7,33,7.12,207.8,Fennel
56.8,39.1,22.8,30.3,56.6,6.79,494.4,Niger
55.8,43.3,64.2,30.4,62.5,6.18,551.8,Cucumber
42.5,29,92,26.7,73.6,5.94,1946.3,Clove
139.2,53.9,193.9,19,73,5.32,1651.3,Coffee
65.4,40.5,35.9,30.9,73.6,6.35,981.5,Amaranthus
108.9,44.2,63.3,14.2,71.8,6.66,361.4,Lettuce
58.8,33.8,53.3,30.8,62.1,6.98,981.4,Drumstick
123.7,74.3,98.1,25,63,5.64,731.2,Tomato
102.6,29,112.5,31.1,75.7,6.82,1704.7,Ginger
80.8,40.6,103.8,23.3,58.1,7.59,762.6,Grapes
82.5,42.8,170.8,31.4,81.6,6.53,1785.8,Coconut
33.3,44.9,51,15.5,61.8,7.24,424.9,Pea
28.4,52.2,33.5,32,57.9,6.89,740.4,Urad Dal
42.5,48,55.4,33.4,61.1,6.31,776.4,Groundnut
61.3,51.2,102.2,37.5,91.3,6.55,1518.1,Turmeric
87.4,34.8,118.3,30.4,76.6,6.45,1954.8,Betel Nut
78.2,38.6,37.3,14.9,40.6,6.64,315.8,Barley
98.5,49.2,77.8,17.4,53.8,6.11,584,Cabbage
57,9.4,94.3,27.7,76.9,5.9,1420.4,Pineapple
58.7,24.8,71.3,26.2,85.3,6.41,2330.3,Clove
88.4,52.5,99.8,36.2,81.2,5.96,2366.6,Turmeric
26.5,45.7,72,33.1,58.4,6.68,722.1,Groundnut
133.6,39.8,150.4,22.6,76.7,5.51,2568.2,Coffee
103.2,51.2,69.8,34.9,58.4,6.19,903,Bitter Gourd
73.3,41.1,38.7,34.2,65.2,5.65,491.1,Jowar
71.6,51.1,66.5,25.4,71.7,6.21,518.2,Cucumber
34.8,35.9,27,32.3,43,6.85,737.2,Ashwagandha
51,37.3,60.2,26.7,52.1,5.82,380.8,Pomegranate
75.6,46.5,30.5,13.9,31.7,6.89,316.7,Barley
89.7,52.4,49.9,26.5,72.3,7.44,793,Cotton
35.7,31.3,39.4,24.5,41.7,7.14,311.3,Fenugreek
70.6,45.4,79.8,27.1,51.5,7.56,520.3,Muskmelon
54.7,34.8,97.2,27.2,84,5.82,1656.2,Pineapple
35.7,45.8,31,26,46.1,6.53,659.9,Pigeon Pea
65.3,24.7,88.9,33.8,58.1,6.87,686.6,Tamarind
62.3,33.9,59.6,27.8,72.3,6.85,726.3,Snake Gourd
49.5,30,30.7,24.5,40.1,7.34,344.2,Safflower
31.9,80.4,44.8,21.9,67.1,5.95,805,Soybean
129.3,54.7,56.2,24.5,77.6,6.14,1281.2,Paddy
83.3,45.9,110.9,28.2,73.2,7.04,1646,Turmeric
104.4,51.4,113.5,14.9,63.1,6.51,440.5,Cabbage
18.6,46.2,48.5,15.1,52.6,6.66,485.4,Field Pea
25.1,54.8,48.8,29.4,60.8,6.85,780.3,Groundnut
30.3,20.1,19,16.2,52.7,7.02,265.5,Fenugreek
67.7,21.4,61.4,33.4,44.1,7.03,890.6,Drumstick
93.2,57.8,87.1,24.3,64.3,6.95,537.5,Brinjal
94,44.9,72.9,29.6,73.1,6.31,923.3,Brinjal
83.1,53,82.1,18.4,55.1,7.43,559.6,Carrot
57.8,48.7,77.8,26.6,82.7,4.45,2005.9,Cardamom
44.2,44.2,155.8,23.4,70.5,5.47,873.4,Sweet Potato
17,30.8,29,28,52.5,6.53,324.9,Horse Gram
54.8,30.5,30.3,14.6,52.5,6.44,340.9,Linseed
170.1,58.4,199.9,27.4,79.6,7.97,1512.5,Banana
20.1,28.9,22.9,32,45,7.4,320.4,Guar
67.8,41.1,39.4,36.1,61,6.98,350.9,Jowar
53.9,31.2,33.6,30.2,43.1,7.67,453.4,Ber
62.1,35.4,60.2,23.5,63,6.87,978.9,Ash Gourd
44.1,42.1,95.5,17.7,72,6.04,512.5,Cucumber
46.8,41.1,48,26.8,72.1,6.3,544.2,Ash Gourd
14.8,29,26.3,33.5,26.1,8.44,329.7,Guar
62.2,16.2,26,21.2,39.2,8.19,466.8,Coriander
70.6,53.9,47.2,24,53.6,6.76,599.5,Sunflower
110.5,37.6,109.6,25.4,84.3,5.73,2010.7,Tea
80.7,46.9,54.1,15.1,70.9,7.24,548.6,Spinach
25.4,50,31.3,27,45.6,7.59,461.7,Cluster Bean
46.7,43.9,59.6,20.7,52.5,6.45,570.6,Pomegranate
52.2,41.7,52.8,11.9,61.7,6.82,469.7,Garlic
68.9,45.9,53.5,27.1,52.1,6.95,575.7,Sunflower
44.6,39.6,40.9,25.3,56.8,7.78,560.9,Castor
21,45.6,32,29.6,53.3,7.23,726.2,Arhar Dal
114.1,67.9,49.9,26.8,65.1,6.26,995.9,Maize
115.4,45.5,49.9,33.3,62.7,5.33,533.4,Rice
28.7,58.7,29.2,22.7,46.3,7.29,426.8,Lentil
84.8,43.6,48.1,20.6,62.7,6.17,1033,Lemon
45.1,25,33.5,19,36.4,6.47,530,Fennel
85.4,32.5,27.7,29.4,49.9,6.77,509.8,Bajra
54.5,36.6,113.7,28.3,79.4,4.58,2178.1,Black Pepper
48,40.6,44.7,27.9,50.9,5.73,625.3,Curry Leaf
115,49.2,82.7,32.6,61.3,6.54,1014.4,Bottle Gourd
71.2,36.6,108.8,33.6,83.3,6.16,1841.5,Betel Nut
27.8,29.2,17.1,30.3,37.4,7.62,275,Moth Bean
118.7,38.3,67.7,26.1,59.4,6.82,857.7,Orange
58.3,47,53.3,20.7,57.4,6.67,568.1,Garlic
57.6,27.1,42.9,24.9,44.7,5.85,247.3,Pearl Millet
121.3,47.2,75.2,8.3,70,6.7,565.3,Cauliflower
72.8,38,41.8,29.2,47.1,7.25,421.2,Bajra
118.6,80.6,52.6,25.9,56.6,6.79,1086,Maize
24.3,50.8,31.8,29.6,60.7,6.76,738.1,Blackgram
168.9,88.9,89.7,20.3,68.5,5.01,579.8,Potato
67.5,42.6,66.5,23.1,70.3,6.55,804.7,Ash Gourd
29.9,54,25.8,29.8,68,7.22,730.9,Urad Dal
67.9,21.6,19.7,27.5,51.8,6.4,583.6,Ragi
84.8,27.6,35.8,16.6,50.9,7.12,316.7,Barley
51.7,28.7,38,29,65.7,7.05,735.2,Ragi
208.3,75.2,130.8,25.5,71.6,6.55,1636.2,Sugarcane
60.1,34.7,82.1,29.8,64,6.97,1169.6,Guava
42.4,47.2,26,29,62.2,6.92,740.1,Cowpea
39.9,33.5,60.3,28.8,72.1,6.88,1057,Snake Gourd
86.4,39.4,73.5,6.6,62.2,7.14,550.2,Cabbage
15,38.4,29.2,26.6,33.9,7.44,552.4,Ashwagandha
84.3,49.6,49.3,19.4,72.2,6.23,477.5,Spinach
96.9,44.4,122.8,31.2,80.8,6.06,2563.8,Black Pepper
87,46.6,58.7,33.6,81.8,6.52,775.2,Okra
65,23,25.7,39.4,48.5,7.9,329.3,Pearl Millet
49.1,31,47,24.7,41.5,7.19,389.5,Safflower
26.9,44.2,35.1,28.7,55.2,6.38,485.8,Urad Dal
27.4,55.4,19.5,26.7,63.3,7.22,617.5,Greengram
174.3,52.6,246.3,29.8,85.4,6.75,2049.8,Banana
87.9,38.4,30.5,27.9,44.7,6.32,592,Sorghum
56.7,42.4,52.5,29.8,70.4,6.57,672.1,Ash Gourd
72.6,49,68,22.2,60.3,6.1,681.3,Capsicum
77.1,40.9,28.2,27.9,51,6.92,316.4,Jowar
125.5,66.8,128.8,27.4,78.2,6.25,1929.2,Taro
47.1,31,52.3,33.3,73.2,7.11,796.6,Tamarind
37.2,43.3,20.8,28.9,57.1,6.81,453.3,Urad Dal
80.9,42.9,54.5,31.5,69.9,6.46,803.8,Okra
12.9,28.7,29.5,33.7,24.4,8.27,410.2,Guar
20.1,49.5,24.8,32.5,62.1,6.89,1031,Arhar Dal
165.7,75.9,82.9,17.5,72.8,5.54,428.1,Potato
52.8,38.3,49.8,33.9,71.1,7.2,1117.1,Drumstick
87.8,50.8,106.5,32.1,62.9,6.11,1229.2,Orange
132.8,42.2,48,33.2,63.4,7.7,932.4,Mentha
28.5,52.5,26.8,24.9,60.8,7,612.6,Mung Bean
64.1,30.7,57.4,32.7,47.2,6.87,942,Drumstick
64.7,51.6,80.8,15.4,68.6,6.33,761.7,Turnip
39.3,73.4,51.2,25.3,56.5,7.03,859.3,Soybean
97,54.2,90,33.4,76.8,6.22,1091.1,Litchi
64.2,35,45.4,28.2,34.1,6.94,668.8,Castor
97.1,33.9,29.3,11.5,44.8,6.81,310.8,Barley
112.5,71.5,121.5,17.1,86.7,6.15,1912.6,Taro
80.2,47.4,67.8,28.7,38.7,6.44,381.3,Pomegranate
45.8,30.8,26,20.5,39.2,7.58,272.3,Fennel
127.5,48,52.6,30.2,74.5,5.97,1308.2,Paddy
77.9,37.2,116.6,26.3,74.5,6.38,2071,Black Pepper
16.7,39.6,21.2,17.9,42.2,6.18,254.1,Fenugreek
82.6,38.2,50.2,29.5,82.8,7.07,676.6,Okra
19.5,38.1,22.3,36.7,26.2,8.4,313.9,Moth Bean
87.8,47.1,51.1,12.5,44.3,6.71,502,Garlic
84.6,49.6,84.7,24.8,70.2,6.56,544,Cucumber
85.9,31.7,34.9,8.6,44.5,6.18,325.5,Barley
113.5,54.9,144.8,19.6,81.1,6.54,1766.5,Taro
34,56.6,27.9,32.5,52,7.29,395.8,Cluster Bean
60.1,34.3,30.5,22.7,32.2,7.36,224.3,Fennel
105.5,58.2,59.5,30.7,80.6,6.81,1437.8,Paddy
69.6,49.5,58.2,21.7,75.5,6.1,489.7,Cucumber
63.7,54.8,61.8,13.8,52.8,6.77,570.6,Garlic
126.2,80.7,47.9,30.4,77.9,5.96,1173.2,Maize
147.5,47.7,55.8,33.5,65.9,7.11,1073.4,Mentha
50.8,24.1,30.4,19.7,47.9,6.75,320.5,Linseed
42.1,34,24.9,17.9,42.4,7.04,314.2,Coriander
77,46.5,39.3,8.4,50.3,7.03,550.7,Wheat
94.4,61,60.8,19.2,65.8,6.38,1324.5,Orange
185,75.8,109.2,30.8,54.3,6.91,1251.9,Sugarcane
58.1,26.4,58.6,33.2,54.8,8.02,667.4,Tamarind
35.1,34.7,30.5,16.6,32.1,6,319.3,Fenugreek
78,35,79.4,36.9,59.1,6.99,545.4,Muskmelon
71.8,45.4,51.7,18.8,58,5.97,1039.8,Lemon
201.9,73.6,107.6,38.1,68.9,6.73,1071.2,Sugarcane
142.1,50.5,50.7,30,65,7.42,1151.1,Mentha
61.8,16.6,28.4,25.4,54.6,7.28,722.1,Ragi
25,48.3,34,32,52.5,7.52,769.8,Urad Dal
108.9,50.2,88.9,27.2,76.8,5.58,1418.6,Litchi
132.6,71.9,122.2,35.5,63.3,6.43,950.7,Papaya
94.2,57.7,175.6,28.2,83.1,5.4,1913.9,Coconut
13.9,32.8,37.8,40.1,40.3,8.28,398.1,Guar
64.5,37.1,45.4,30.7,45.6,6.64,584.1,Pomegranate
68.8,74.6,86.9,21.1,59.8,7,574.3,Beetroot
47.6,32.4,25.2,15.8,43.6,6.6,238,Linseed
89.8,43.9,77.4,30.8,58.7,6.62,553,Watermelon
137.5,76.9,122.9,36.5,66.7,6.09,1438.7,Papaya
31.9,52.1,34.5,34.1,57.6,7.04,878.7,Cowpea
63.8,44.9,84.7,31.1,48.3,5.91,648.5,Watermelon
106.6,48.7,45.3,16.1,64.9,6.42,528.1,Spinach
110.5,71.5,108.8,26.9,66.7,5.56,724.1,Tomato
102.5,52.2,77.2,31,66.6,6.19,1194.1,Litchi
164.1,72.6,71,19.1,72.3,6.27,666.9,Broccoli
51.8,32.5,34.1,19.4,40.6,7.11,344.3,Cumin
76.6,44.9,78.9,31.5,53,6.5,585.6,Muskmelon
35.8,67,53.7,26.7,52.5,6.27,557.2,Soybean
113.9,40.7,68.1,21.6,66.5,6.76,490.8,Cauliflower
62.9,48.9,58.3,25.4,72.7,5.98,867.8,Capsicum
134.7,44.4,101.6,26,87.1,5.24,1628.4,Tea
30.9,45.1,30.4,36.9,53.8,6.91,830.1,Cowpea
102.8,49.1,77.2,33.3,66.6,6.15,822.7,Brinjal
26.8,51.9,34.9,23.5,54.9,6.68,613.7,Arhar Dal
110.5,41.8,71.8,35.3,60.9,5.54,597.7,Brinjal
82.2,48,91,18.8,67.7,6.33,544.7,Carrot
21.6,44.5,26.1,30.9,58.2,6.75,537.8,Mung Bean
44.4,20.3,44.2,32.7,74.7,6.2,824.1,Curry Leaf
116.4,72.7,116.8,31.6,74.7,7.22,1147.4,Papaya
38.2,35.5,26.7,43.8,39.2,6.1,316.7,Pearl Millet
211.1,83.5,115.6,25.2,80.9,6.06,1124.5,Sugarcane
37,50.3,24.5,31.9,63.3,6.46,495.8,Urad Dal
71.4,45.4,96.3,35.9,54.3,7.55,571.2,Muskmelon
65.5,37.7,45.7,27.5,82,7.06,1726.7,Jute
98.8,36.6,44.7,32.6,54.8,6.81,496.8,Jowar
63.3,47.7,38.7,16.6,50.5,6.34,492.1,Garlic
97.5,48.1,52.1,30,49.4,6.17,671.5,Sunflower
77.6,56.9,163,28.2,78.4,6.5,1299.4,Coconut
81.4,45.3,78.3,30.7,50.7,6.6,697.7,Bitter Gourd
66.1,29.4,26.3,39.7,25.3,6.99,265.2,Pearl Millet
31.3,59.5,25.6,31.7,56.8,6.63,865.3,Pigeon Pea
78.7,38.9,86.2,17,63.7,7,583.2,Cabbage
94.7,51.4,129,30,77.5,6.17,1587.2,Coconut
128.4,56,51.6,27.3,71.4,7.37,837,Mentha
174.5,55.2,197.2,37.6,84.5,7.04,1528.2,Banana
61.2,43,144.3,23.2,58.2,6.7,825.4,Grapes
75.8,38.6,64.4,23.4,63.9,6.73,948.6,Snake Gourd
25.1,49.8,34.9,17.2,44.2,6.57,471.7,Gram
87.9,53.8,61,13.9,66.9,6.53,578.7,Lettuce
33.1,52.3,39.9,35.7,55.7,8.29,391.1,Cluster Bean
81.4,30.9,74.1,32.6,42.5,7.1,457.2,Muskmelon
72.9,24.1,37.9,37.5,41.4,7.28,285.9,Pearl Millet
40.8,33.1,23.6,28.2,46.5,6.86,421.6,Safflower
85.3,44.4,84.5,34.2,48.2,6.92,559,Watermelon
83.4,44.8,97.2,21.3,60.1,6.02,504.3,Carrot
67.5,32.3,63.7,26.6,51.3,7.28,778.6,Amla
57.5,43,36.3,21,59.6,6.81,421,Castor
107.5,39.6,46.3,29.3,53.4,6.66,485.8,Sorghum
83.1,45.7,18.8,18.9,47,6.59,455.2,Mustard
29,47.5,35.2,28.9,60.7,7.9,362.5,Chickpea
82.6,61.8,123.6,23.3,63.3,6.77,556.3,Beetroot
80.7,45.2,109,27.4,87.9,6.9,1741,Betel Nut
88.1,39.2,111.9,29.2,82.8,7,2010.2,Jackfruit
67.7,31.9,109,26.4,81.5,5.48,1657.3,Black Pepper
42.4,41.8,40.1,16.6,30.7,7.19,235.1,Cumin
89.9,50.1,56.9,25.3,71.3,6.82,611.9,Lettuce
27.4,50.2,38.1,27.5,61.4,6.57,705.4,Urad Dal
71.2,33.7,25,24.5,52.1,7.69,217.6,Cumin
146.6,55.6,174.4,35.7,66,7.43,1012.7,Banana
30.9,62.1,23.5,28.6,60.5,7.32,771.7,Arhar Dal
96.5,57.8,67.4,13.1,59.2,6.62,480,Turnip
91.4,48.1,47.9,10.6,73.7,6.38,517.4,Spinach
94.4,33.2,70.1,14.8,58.1,6.91,520,Cabbage
103.5,47,84.4,9.7,64.1,6.81,509.1,Cabbage
38,43.7,37.5,27.6,49.9,6.22,960.6,Pigeon Pea
85.2,42.3,30,13.8,39.7,6.86,361.6,Barley
25.9,57.6,26.4,33.6,54.4,7.04,818.1,Arhar Dal
28,26.6,23.9,25.7,62,7.04,812.2,Niger
56.8,19.4,68.6,29.6,44.1,6.57,829.8,Amla
206.9,75.2,94.7,24.1,73.4,7.18,1374.9,Sugarcane
46.9,30.8,36.1,19.1,33.7,7.24,435.3,Coriander
100.5,56,76.4,21.1,68.3,5.67,800.3,Orange
43.7,25.8,52.6,22.9,72.5,7.12,1122.3,Snake Gourd
57.6,36.3,30.5,18.1,46.5,6.61,294.5,Linseed
38.3,47.5,28.5,26.8,57.8,6.93,701.6,Mung Bean
103.2,45.8,179.4,16.7,78.6,5.82,2221.5,Coffee
73.7,48.9,81.1,25.5,66.8,6.69,1564.7,Guava
24.7,53.2,41.5,19.6,65.8,6.92,410.9,Field Pea
52.4,50,58.3,29.5,71.3,7,1151.8,Snake Gourd
9.7,27.4,23.8,33,30.1,7.8,498.4,Guar
59.4,49.6,50.8,25.3,70.8,6.17,719.7,Snake Gourd
63.2,41.5,122.1,31.7,64.6,5.42,697.7,Sweet Potato
44,31.2,36.6,15.7,45.6,6.59,367.2,Linseed
66.7,36,40.7,27.3,78.2,6.47,922.1,Amaranthus
57.2,17.9,38.2,19.6,47.6,7.31,432.2,Fennel
81.4,44,41.2,26.1,51.6,6.78,1065.4,Cotton
106.2,68.9,85.3,36.4,58.3,6.19,1238.8,Orange
117.3,57.1,106.8,35.1,83.3,6.72,1395.2,Ginger
26,48,31.9,19.2,35,7.29,396.5,Gram
208.9,90.1,113.2,34,77.4,6.84,1318.4,Sugarcane
130.8,69.5,51.6,20.1,69.4,6.33,1022.5,Maize
120.1,48.6,148.4,28.8,75.2,5.46,1795.7,Jackfruit
49.7,27,21.4,28,65.3,6.15,611.9,Niger
42.7,28.2,32,18.1,51.5,6.59,301.4,Linseed
36.7,23.7,29.5,25,54.7,6.11,600,Niger
80.2,43.3,56.2,32.7,84.8,6.48,790.8,Okra
67.4,47.9,37.1,16.6,34.7,7.07,287.9,Barley
73.9,47.4,99.8,29.2,90.3,5.95,1556.1,Turmeric
70.6,52.7,80.2,16.4,59.9,6.33,468.4,Turnip
71.3,41.7,59.4,30.7,72.5,6.67,871.6,Snake Gourd
37.3,21.1,29.8,27.1,39.1,8.4,499.5,Ashwagandha
105.2,55.3,116.1,34.6,78.3,6.29,933.1,Ginger
67.7,48.4,93.6,20.4,61.3,7.66,783.8,Grapes
32.6,48.1,50.4,9.9,62.7,6.76,352.7,Field Pea
31.7,51.7,42.6,30.1,57.8,6.35,762,Arhar Dal
103.5,48.5,51.2,14.8,71.3,7.18,611.7,Cauliflower
100.1,39.7,67.4,30.1,74.7,5.99,849.4,Ridge Gourd
86.4,49.8,112.3,24.8,81.6,5.84,2186.5,Jackfruit
85.9,35.5,97.7,26.9,79.4,6.89,2069.2,Betel Nut
104.8,71.3,66.1,17.5,74.2,6.34,507.3,Broccoli
76.3,40.5,64.1,27.3,56.3,5.64,943.9,Lemon
66.3,52,82.5,23,60,6.18,734.2,Pumpkin
86.3,47,15.8,34.3,48.5,6.98,507.7,Bajra
79.8,49,31.6,30.5,41.3,7.13,443.2,Bajra
73.2,40.6,26,12.2,61.6,8.01,398.9,Barley
72.4,47,73.1,37,59.9,6.27,606.5,Watermelon
76.2,35.6,39.4,24.6,69.9,6.89,1163.6,Amaranthus
55.7,33.8,22.1,25.4,40.8,7.13,573.3,Safflower
37,38.6,26.9,30.3,33.2,8.28,415.8,Ber
76.1,39.7,104.8,32.3,73.4,7.14,1945.7,Betel Nut
20.9,18.2,30.3,30.8,44.1,6.94,544.2,Horse Gram
27,54.7,45.3,14.9,56.3,6.19,460.7,Field Pea
23.2,27.6,24.3,15.4,39.5,7.07,275.9,Fenugreek
82.5,32.9,70.8,27.9,48.7,6.52,653.4,Watermelon
31.4,54.9,29,28.4,65.5,6.34,547.8,Greengram
106.6,50.5,44.7,25.9,74.6,6.47,1329,Paddy
57.7,25.7,94.6,25.4,85.2,6.03,1765,Pineapple
85.5,55.8,153.1,24.5,59.2,5.46,776.9,Tobacco
35.4,35.3,28.3,23.9,39.6,7.32,526.5,Ashwagandha
34.3,57.3,31,33.2,59.8,7.22,504,Greengram
62.4,22.9,77.5,31.7,58.6,7.5,918.6,Drumstick
36.2,36.8,29.4,14.9,45,5.88,281.2,Fenugreek
76.3,48.9,102.2,26.6,78.4,7.15,1289.3,Turmeric
56.2,36.7,32.5,24.6,43.8,6.61,364,Coriander
12,17.9,18.2,38.4,48.9,8.5,258.6,Moth Bean
31.4,48.9,34.9,34.8,64.8,6.76,751.1,Cowpea
130.2,52,46.9,26.9,64.2,7.03,379.4,Wheat
39,65.3,51,25.3,59.1,6.44,597.5,Soybean
49.4,27.6,30.3,25.4,40.2,7.35,176.8,Safflower
88.9,37.5,37.3,28.7,61.8,5.87,937.5,Amaranthus
22.5,40.6,28.2,27.2,48.5,7.57,455.4,Gram
110.7,66.3,106.8,15.9,63.1,5.41,1114.9,Orange
37.5,55.7,33.9,19.8,39.7,6.15,325,Lentil
78.1,48.3,72.7,27,77.5,6.16,496.5,Cucumber
81.5,45.4,76.2,25.7,65.7,7.42,744.1,Okra
128.6,63,51.2,32.9,61.5,6.22,749.9,Maize
122.6,38.8,66.3,34.5,70.9,6.99,909.2,Bottle Gourd
112.8,61.6,112.8,26.5,48.4,6.59,597.6,Tomato
95.9,59.4,147.7,22,59.4,6.44,798.7,Tobacco
44.9,33.1,52.2,39.5,50.2,7.84,471.6,Ber
121.4,35,100,25.7,68.4,5.82,1316.9,Orange
94.3,46.1,63.1,20.3,65.5,5.83,844.7,Lemon
55.4,37,113.6,27.7,78.3,5.46,2152.2,Black Pepper
94.7,56.4,133,23.4,64.4,5.88,924.6,Tobacco
38.5,54.1,66.4,31.8,55.2,6.2,734.2,Groundnut
35.2,45.6,25.1,20.7,43.6,7.26,418.8,Gram
28.7,62.7,45,27.5,64.3,6.34,786.4,Soybean
40.5,51.2,32.3,34.1,56.9,7.64,475.4,Cowpea
25.1,34.3,30.7,35.4,36.7,8.53,300.4,Guar
140.1,53.2,184.6,14.2,84.2,5.53,1877,Coffee
115,64.3,104.2,24.9,51.2,6.33,1079.4,Orange
24.1,44.4,46.3,18.3,63.2,6.47,503.5,Pea
139.8,76.6,85.9,18.9,64.6,6.61,637.5,Broccoli
32.4,46.5,20.9,22.7,43.1,7.28,416.4,Lentil
83.4,38.4,79.2,31.1,68.9,6,957.2,Cotton
88.5,45.4,55.6,24,50,6.3,602.9,Sunflower
114.7,54.9,45.3,17,44.9,7.49,506.6,Wheat
86.1,42.1,75.8,24.8,69.1,7.31,1446.2,Guava
87.5,35.5,49.6,21.9,72.3,6.75,445.8,Spinach
88.7,38.6,56.8,22.6,66.5,5.87,1775.3,Guava
74.6,33.7,78.3,25.4,68.4,6.93,1376.1,Guava
80.9,50.5,53.8,24.2,56.3,6.62,535.1,Sunflower
100.8,59.2,50.1,17.5,48.5,7.54,594.6,Wheat
65,70,94.4,23.6,64.4,6.39,470.8,Beetroot
31.8,47.6,29.9,35.1,63.6,6.46,564.2,Greengram
29.7,52.7,34.8,27.8,55.5,6.44,507.8,Mung Bean
55.7,37.6,34.8,23,53.2,8.61,501.3,Ber
79.9,38.2,29.8,22.3,55.3,6.28,487.9,Mustard
57.7,36.3,48.6,34.2,61,6.38,898.9,Curry Leaf
24.7,24.6,20,21.7,44.4,5.54,221.9,Fenugreek
112.3,48.2,132.9,26.9,58.7,6.02,670.7,Tobacco
73.1,48.2,47.5,34,67.4,6.71,822.7,Ridge Gourd
77.6,60.1,56.4,28.8,64.1,6.7,741.3,Ridge Gourd
34.8,57.4,29.3,31.5,66.6,6.89,764.3,Urad Dal
99.5,54.8,87.9,15.3,66.2,6.1,492.7,Carrot
78,56.5,79.8,21.2,53.4,6.35,582.6,Beetroot
154,67.1,88.9,24.9,73.9,6.77,907.5,Tomato
33.5,48.4,35.2,32.9,54.9,7.22,575.4,Blackgram
62.8,39.6,30.8,10.6,35.7,6.8,308.6,Barley
59.2,46.4,90.2,22.2,77.3,5.35,1775.5,Cardamom
131.7,59.2,72.1,21.9,69.6,6.32,457.5,Broccoli
84.2,42,72,29.8,73.8,5.56,812.9,Brinjal
59.5,26.7,72.9,30,53.8,6.47,939,Amla
42.5,25.9,28.1,28.9,41.5,5.95,514.9,Safflower
70.7,17.4,59.3,33.8,54.7,7.69,904.1,Drumstick
39.2,34.8,34.2,14.6,43,6.97,340.9,Linseed
64.1,46.6,116.5,22.6,71.1,5.55,830.7,Sweet Potato
39.8,45.9,47.8,15.8,64.8,6.67,349.8,Pea
32.4,41,29.6,37.3,60.8,7.29,484.4,Cluster Bean
148.9,69.5,58.2,22.2,66.3,6.24,628.6,Broccoli
99.6,54.8,71.9,30.9,81.1,6.02,1289.7,Litchi
8.5,25.9,25.4,7.9,49.5,7.55,399.6,Fenugreek
75.3,42.1,53.2,12.3,63.4,7.43,494.7,Spinach
22.9,35,26.6,34.9,61.4,6.34,427.6,Horse Gram
58.5,30.4,93.7,28.3,80.7,6.13,1901.7,Clove
175.4,54.9,182.1,29,72.1,6.94,1285.2,Banana
110.9,48.6,60.6,17,65.5,6.52,586.6,Lettuce
80.2,52.7,78.1,29,68.4,6.32,554.4,Cucumber
60.7,31.2,66.1,32.4,57.9,7.84,1042.7,Drumstick
78.2,35.9,55.5,31.6,56.3,6.74,655.6,Cotton
63.4,51.2,52.8,22.2,42.6,6,549.5,Sunflower
81.3,70,157.4,32.2,76.9,6.32,1830.3,Taro
28.5,48.5,57.1,19.5,63.6,6.65,496.3,Field Pea
52.3,40.9,64.3,26.7,58.1,6.86,846.5,Pumpkin
63.6,38.9,56.9,32.4,44.8,6.58,668.5,Pomegranate
44.8,27.6,35.2,26.3,41.1,6.1,412.7,Safflower
98.5,55.4,97.8,30.7,88.2,5.56,1922.6,Ginger
98.8,35.3,110.1,31.8,73.9,6.92,1921.6,Betel Nut
71.7,33.5,42.9,30.7,52.8,6.79,975,Drumstick
105.1,38.8,81,32.2,75.8,5.87,1284.3,Litchi
63.6,41.9,23.2,22.4,46.1,6.6,672.9,Mustard
25.2,35.9,35.5,32.3,43.1,6.38,620.8,Horse Gram
114.4,55.4,80.7,16.9,64.8,6.61,590.4,Onion
39.2,27,57.5,26,60.4,7.26,983.1,Curry Leaf
70.6,51.5,94,27.5,71.6,6.49,613.4,Cucumber
85.1,51.9,100.1,9.1,63.6,7.28,662,Cabbage
34.6,45.1,40.5,22.2,48.6,6.98,303.1,Gram
35.1,64.3,49.7,18.2,53.8,6.62,768.7,Soybean
49.2,26.9,47.2,33.6,66.8,6.23,781.6,Curry Leaf
52.3,41.5,70.4,31.9,52.2,7.69,673.5,Drumstick
67.5,48.8,170.8,31.1,82.6,5.97,1632.2,Coconut
71.9,44.6,68.9,29,45.2,6.87,422.4,Muskmelon
24.7,39.9,32.4,23.6,52.2,7.88,453.8,Gram
70.4,43.7,91.3,33.1,53.9,5.84,603.3,Watermelon
106.5,51.4,74.6,34.3,62.5,6.16,776.3,Bitter Gourd
74.6,35.3,60.7,34.3,51.6,6.6,509.2,Muskmelon
95.6,54,76.6,26,67.2,6.19,703.1,Brinjal
56.7,44.7,73.7,26.2,61.8,5.83,1010.3,Lemon
36.5,58.2,22.8,33.8,60.4,7.61,765,Arhar Dal
27.8,52.8,24.1,18.6,49,7.09,363.2,Gram
106,59.7,93.3,10.7,71.1,7.14,549.7,Cauliflower
88.6,50.2,82.2,27.3,68.7,6.58,1053.8,Bitter Gourd
95.5,53.7,38.7,16.2,62.7,7.5,587.7,Wheat
95.2,54.5,61.4,35.4,56.4,7.44,1102.7,Cotton
27.6,47.6,21.4,29.9,54.7,7.27,749.3,Arhar Dal
64.1,44.3,37.4,26.5,69.4,6.18,1108.7,Amaranthus
77,50.9,45.3,26.8,79.6,5.92,821.4,Ridge Gourd
45.9,24.7,47,27.7,67,6.15,896.6,Curry Leaf
11.6,37.3,38.7,32.1,57.1,6.57,662,Horse Gram
49.4,46.8,94.2,21.2,82.1,5.74,2425.7,Cardamom
86,39.1,97.5,28.8,42.7,6.71,597.1,Watermelon
78.6,64.1,128.3,34.6,78.7,6.26,1541.3,Jackfruit
65.5,41.1,57.8,25,61.5,6.8,801.1,Ash Gourd
24.7,50.3,33.5,22.8,62,6.45,412.6,Lentil
125.9,62.5,49.5,24.7,67.2,6.44,622.5,Maize
31.3,54.1,26.8,25.7,55.4,7.56,856.4,Pigeon Pea
55.8,20.3,36.7,22.3,39.2,6.85,483.5,Safflower
97.9,49,46,16,64.9,6.75,526.6,Spinach
46.6,33.1,52.8,33.2,33.4,8.06,382.9,Ber
68.9,47.5,101.2,26.9,95.1,5.2,2679.3,Rubber
142.2,54,85.7,18,69.7,6.76,698.2,Broccoli
86.5,44,78,28.9,50.6,6.84,429.9,Watermelon
88.8,32.2,27.5,30.1,56.5,8.13,394.1,Bajra
94.1,51.7,66.1,29.2,66.1,6.04,627.2,Bottle Gourd
89.6,48.9,53.7,14.1,60.1,6.36,722.1,Cauliflower
83.5,62.8,84.4,22.4,64.7,7.14,579.7,Beetroot
112.2,55.7,79.8,30.2,64,6.56,1260.6,Orange
46.3,36.4,63.4,22.2,81.3,6.86,2566.9,Clove
80.8,49.1,181.4,28.5,95,6.12,1360.5,Coconut
52.3,38.8,25.2,32.3,35.7,6.92,534.2,Safflower
31.8,58.9,37.2,32.9,42.1,7.41,536.2,Cluster Bean
49.7,41.4,102.1,26.8,63.6,5.37,1103.7,Sweet Potato
70.9,44.1,59.8,24.9,59.5,6.57,965.5,Amla
145,76.2,53.6,25.5,81.5,6.74,551.8,Maize
34.5,49,22.6,19.2,47,7.57,443.6,Chickpea
127.6,56.9,52.9,36.2,57.1,6.03,924.7,Cotton
70.9,41.5,47.4,32.8,32.4,8.15,523.6,Castor
32.7,69.9,50.5,22.1,61.7,6.27,871.7,Soybean
53.5,35.9,121.3,25.5,57,7.95,610.1,Grapes
27.3,24.3,33.7,26.8,36.6,7.26,706.4,Ashwagandha
139,65.3,123.8,29.6,67.9,6.27,1452.2,Papaya
67.9,38.8,94.7,10.9,64,7.56,418.6,Carrot
46.6,38.1,24.3,15.4,34,7.43,277.7,Cumin
55.2,29.1,50.8,36.7,62.4,6.84,839,Drumstick
123.2,59.1,140.8,22.5,72.6,6.53,1864.8,Taro
77.7,44.9,80,24.9,67,7.48,1430.4,Guava
69.4,56.5,113.8,23.7,55.8,6.77,609.7,Beetroot
48.3,21.5,30.6,26.8,67.2,7.56,544.1,Niger
113.9,54.6,140.1,21.5,75.8,5.28,1910.7,Coffee
93,52.3,172,30.6,85.9,4.99,1859.2,Coconut
33.5,43.7,22.5,30.6,52.3,6.77,632.1,Cowpea
27,55.2,25.9,27.2,59.3,6.83,671.4,Blackgram
23.9,53.8,31.1,29.6,36.5,6.85,868.4,Pigeon Pea
68.4,47.3,189.4,31.1,78.7,6.72,1046.5,Coconut
173.3,58.9,183.8,33.5,74.2,6.82,1656.4,Banana
119,48.5,147.1,17.4,77.5,5.29,2120.7,Coffee
69.8,42,33.6,13.3,39.7,6.03,424,Barley
21.5,47.1,82.6,32.9,65.3,6.14,779,Groundnut
26.6,67.8,45.9,25.2,60,6.1,894,Soybean
77.1,47.8,84.7,17.9,72.4,6.12,559.9,Cucumber
88.1,39.7,48.2,16.9,60,6.57,420.8,Garlic
93.1,37.4,46.7,12.4,69.4,7.53,456.1,Radish
80.9,42,131,30.4,82.1,6.77,2243.5,Black Pepper
91.5,45.7,71.1,30.9,66.8,6.85,866.2,Bottle Gourd
90.5,39.6,33,26.8,40.7,6.69,467.6,Bajra
73.2,38.8,68.9,30.7,49.7,6.6,396.9,Muskmelon
79,42,50.1,24.8,63.5,6.44,506,Spinach
38,29.6,36,33.6,55.1,6.75,507.7,Horse Gram
83.7,55.5,68.8,28.7,69.4,7.12,831.2,Bottle Gourd
31.5,36.2,23.3,25,41.3,7.07,449,Coriander
88.1,40,38.2,29.6,40.2,6.83,651.7,Jowar
57.6,29.5,58.4,32.7,53.1,6.78,753.9,Drumstick
118.2,56.5,81.7,8.7,58.9,6.74,627.3,Onion
117.6,44.7,36.1,25.9,46.4,6.12,652.3,Sorghum
89.9,45,87.9,30.7,77.7,6.67,2157.7,Betel Nut
55.2,33.8,22.2,29,50.6,6.06,708,Sesame
84,40.4,79.7,31.2,51.4,7.07,589.9,Watermelon
67.2,49.4,29.7,12.7,46.1,7.59,319.4,Barley
86,47.4,61.2,19.8,61,7.06,733.9,Capsicum
38.3,47.8,67.5,30.5,59.3,6.05,814,Groundnut
51,29.4,35.8,17.6,30.7,7.8,264.2,Cumin
101.3,47.9,95.8,30.8,81.8,6.42,1732.8,Ginger
84.2,33.1,96.4,24.2,78,7.25,1700.5,Betel Nut
146.9,58.9,81.1,27.7,62.1,5.58,1253.1,Orange
66.8,29.7,39.2,30.5,71.6,6.49,1903.5,Jute
73.1,32.9,49.3,29.5,73.9,6.38,392.7,Pomegranate
72,48.1,37.9,13.9,55.6,6.44,643.8,Mustard
25.6,45.9,33.8,31.3,58.4,6.75,846.5,Blackgram
112.9,47.3,72.5,23.3,71.4,6.56,449.7,Bitter Gourd
76.4,39.2,27.8,9.2,36.2,6.81,372.4,Barley
55.1,50.6,74.2,26.4,76.9,6.34,518.9,Cucumber
126.2,100.2,102.1,12.8,77,5.87,554.9,Potato
54.7,35.6,105.3,23.6,77.9,5.75,2060.8,Cardamom
68.4,55.2,71,29.4,62.4,6.57,753.6,Okra
84.5,46.4,87.8,34.9,72.1,6.81,1116.8,Guava
74.3,55.5,67.3,14.6,60.2,5.23,519.8,Turnip
70.3,28,37,31.4,80.3,5.48,1465,Jute
100.5,70.8,49.2,22.8,64.7,6.18,693.7,Maize
64,37.5,57.7,29,56.8,7.38,1100.9,Amla
41.6,21.8,21.4,17.5,35.4,6.76,376.1,Fennel
33.9,50.1,45.4,15.1,59.8,7.41,362.7,Field Pea
93.8,23.5,27,28.6,54.6,5.46,533,Ragi
152.4,45.9,47.6,24,71.7,7.55,996.4,Mentha
44,31.5,34.8,17.4,36.4,6.95,355.2,Coriander
75.6,38.4,87.6,32,72.5,6.27,1482,Guava
32.9,50.4,28.9,30.1,62.5,5.81,497,Greengram
75,43.1,49.1,21.4,51.3,6.56,518.2,Sunflower
64.2,48.1,90.1,27.8,72.6,6.78,629.1,Cucumber
102.1,44.3,87.9,27.4,73.7,6.49,1915.6,Ginger
131.9,74.1,124.8,32.8,68.8,6.95,1489.6,Papaya
104.5,55.1,74.6,13.1,70.6,6.96,577.9,Cabbage
49.1,41.9,67.3,20.2,86.8,6.16,1912.9,Cardamom
30.1,56.1,34.4,26.6,72.2,7.16,700,Greengram
133.5,41.1,54,28.3,61.1,6.9,954.2,Cotton
59.5,36.4,51.1,19.8,30.1,4.96,474.1,Pomegranate
47.1,47.2,31.9,28.7,47.5,8.54,465.8,Bajra
75.2,43.5,54.2,15.3,61.1,6.63,505.5,Radish
67.2,35.2,34,34.9,43.5,7.67,456.7,Castor
66.1,60.2,41.3,31.9,53.9,6.84,669,Sorghum
89.8,28,40.5,19.2,63.7,6.31,599.9,Radish
85.9,71.9,118.4,24.4,82.4,6.44,2016.6,Taro
81.3,48.4,86.1,32,83.1,5.4,2113.6,Rubber
71.6,45.2,72.1,33.3,54.6,7.14,565.8,Watermelon
94.7,52.4,90,27.5,87.5,7.28,1458.9,Ginger
128,83.8,94.4,12.2,66.2,4.87,604.9,Potato
81.6,51.5,78,7.4,64.5,6.91,653.3,Cabbage
22.4,24.3,26.2,30.9,73,6.55,420.2,Horse Gram
113.2,52.8,104.7,16.9,66.1,6.74,608.4,Cabbage
69,38.6,66.3,30.5,43.4,6.76,544.6,Muskmelon
60.1,35.3,61.1,27.9,43,6.88,558.7,Drumstick
68.3,44.4,77.4,22.6,59.8,6.47,963.8,Lemon
56.1,41.3,77.5,25.1,51.5,6.72,724.6,Pumpkin
111.3,39.6,50.1,38.3,74.8,6.5,1512.7,Rice
73.2,67.5,166.5,17.8,63.9,6.46,559.8,Beetroot
48.8,23.8,38.7,31.9,48,7.2,662.5,Ragi
95.7,49.9,73.9,26.1,66.5,6.17,622.9,Onion
96.1,48.6,59.9,28.3,68.6,6.53,610.1,Bitter Gourd
62.2,43.3,112.3,33.5,61.2,7.18,896.3,Grapes
45.3,35.5,26.5,15,39.9,6.81,467.2,Coriander
111.4,49.1,41.1,36.9,83.2,5.39,1414.8,Paddy
65.1,38.9,40.5,31,71.2,6.91,479.4,Castor
25.4,47.7,35.4,31.8,56.4,6.77,572.5,Mung Bean
49.8,28.5,33.5,25.4,33.5,8.54,194.5,Ber
117.1,49.2,151.4,21.6,82.2,6.16,1406.9,Taro
62.3,38.2,45.5,25.6,44,5.49,499.7,Castor
93.3,58.1,74.3,29.5,55.9,5.89,1095.9,Orange
47.5,40.8,24.3,32.1,56.6,6.88,567.5,Sesame
36.4,50.6,40.5,20.7,32.8,7.01,482.4,Gram
60.6,26.7,62.6,30.2,61.2,7.61,1111,Tamarind
122.3,60.1,45.8,27.9,93.6,5.56,1296.9,Rice
54.7,37.9,62.4,28.8,69.8,6.68,983.1,Snake Gourd
92.9,40.7,56.4,17.2,62.7,6.3,455.4,Radish
110.5,50.8,62.1,19.6,73.9,6.55,623.6,Lettuce
80.6,51.8,52.8,28.6,55.4,6.51,494.4,Lemon
33.8,49.8,32.3,17.1,50.2,5.97,389.8,Lentil
33.9,72.4,43.4,26.5,67.2,6.79,836.5,Soybean
85.3,55.6,151.7,31.2,86.5,5.71,1757.8,Coconut
113.3,72.5,103.3,31.5,59.9,6.26,986.8,Papaya
73.2,47.1,54.3,25.4,67.6,6.76,962.8,Chilli
67.1,44.4,79.3,16.1,57.6,6.49,436.3,Carrot
50.9,32.1,28.3,20.2,45.6,5.17,633.4,Safflower
50.8,35,29.2,18.3,47.1,6.71,348.4,Linseed
114.2,51.9,152.2,23.5,62.7,6.04,967.9,Tobacco
38.8,52.2,28.3,33,61.5,5.87,668,Greengram
71.3,32.8,96.1,22.9,79.8,5.77,1885.6,Pineapple
133.7,77.1,55.4,26.3,74.6,7.04,1119.1,Maize
61.6,44.2,121.5,25.8,81.1,6.17,1155.9,Sweet Potato
19.7,49.8,35.5,27.4,61.3,5.93,691.2,Pigeon Pea
61.7,38.5,82.7,25.7,80.7,5.3,2094.6,Cardamom
31.9,41.3,31.4,15.2,29.4,5.38,212.7,Fenugreek
24,29.5,32.6,20.6,34.9,7.84,611.3,Ashwagandha
71.6,39.9,60.1,25.4,78.5,7.37,786.3,Ash Gourd
24.7,53,46.8,18.8,66.1,6.6,415.5,Pea
44.6,21.4,30.3,32.6,50.7,6.45,609.9,Sesame
103.5,35.4,48.8,18.8,60.8,5.98,458,Spinach
56.1,28.1,56.7,31.2,64,7.07,790.6,Tamarind
102.9,44,59.7,32.3,49.8,5.87,630.8,Sorghum
26.5,52.9,31.8,24.6,56.5,8.23,516.4,Chickpea
55.3,46.2,70,31,72.4,6.81,884.2,Ash Gourd
124.1,57.6,147.8,23.8,75.3,6.79,1291.2,Taro
89.3,44.4,107.3,33.2,81.1,6.7,1894.4,Betel Nut
65.3,39.8,87.9,27.9,55.2,7.14,699.9,Grapes
32,25.5,28.1,17.4,46,6.71,351.1,Fenugreek
126.1,64,64.7,32.7,80.8,6.06,1804.4,Jackfruit
30,48.9,36.2,32.5,63.7,6.9,848.3,Cowpea
27.3,46.3,48.1,29.8,60.2,7.13,612.5,Mung Bean
144.3,59,49.8,15.3,65.7,7.06,464,Wheat
28,50.7,25.7,20.6,38,6.85,503.3,Lentil
45.7,27.8,60.6,27.4,51.9,6.95,1008.8,Tamarind
26.2,63.2,46.8,15.9,53.1,6.33,432.4,Pea
46,29.1,48.2,36.1,52.4,6.44,1233.1,Curry Leaf
147.9,46.3,46.7,27.4,70,6.77,1017.3,Mentha
26.1,49.6,24.4,20.7,40,7.27,378.1,Gram
26.7,21.4,20.3,33.7,34.6,8.42,353.7,Guar
90,51.6,100.8,25.3,74,7.16,2174.9,Betel Nut
92.9,50.1,70.1,28.8,68.7,7.37,744.5,Okra
36.6,63.1,44.4,25.8,53.3,6.54,747.7,Soybean
90.6,44,36.5,26.1,55.9,7.03,448.3,Sorghum
58.1,40.1,33.6,28.3,45.5,7.14,489.7,Jowar
94,36.6,50.9,12.7,68.4,6.81,482.2,Spinach
47.1,40.1,26.7,13.1,26.8,7.07,244.2,Fennel
39,48.1,26.5,23,38.2,5.91,525.4,Chickpea
54.5,29.8,77.7,33.3,60.1,7.36,776.6,Tamarind
144,75,99,28.6,72.3,6.45,1047.7,Papaya
97.9,54.8,71.3,20,66.6,6.34,1199.3,Litchi
51.8,39.1,80.7,26.1,61.4,6.62,865.8,Pumpkin
100.7,51.2,52.9,15.9,59,6.62,499.7,Lettuce
48.4,29.4,24.7,20.2,36.5,7.3,297.1,Fennel
99.7,47.8,91.2,12.4,57.4,7.61,383.6,Carrot
84.4,42.7,73.7,34.1,53.9,5.99,989.4,Lemon
105.8,46.3,87.8,31.2,66.8,6.82,1036.3,Mango
94.9,35.9,80.5,35.9,55.6,7.26,665.4,Watermelon
71.8,48.6,77,28.7,73.1,7.28,826.5,Bottle Gourd
76.9,63.2,86.2,18.1,55.2,7.33,576,Beetroot
61.7,52,67.4,21,57.9,6.86,524.4,Garlic
64.1,41.9,77.5,29.9,54.3,7.36,396.1,Muskmelon
69.8,40.8,32.4,32.1,40.7,8.07,342.9,Pearl Millet
133.6,70.9,113.6,33.2,71.3,6.26,1432.2,Papaya
29.4,48.5,66.7,29.9,54.6,6.1,444.5,Groundnut
82.3,40.5,87.6,25.6,84.6,6.1,1681.3,Black Pepper
75.1,29.7,89.6,19.5,73.3,7.33,1701.8,Guava
30.6,31.7,27.5,27.4,45.2,7.5,621.9,Ashwagandha
98.3,44.9,77.4,29.7,78.6,6.68,1179.1,Litchi
44.7,30.3,46.1,23.4,56.5,6.05,1197.2,Curry Leaf
78,49.8,143,27.5,78.8,6.97,1489.9,Coconut
64.7,27.2,73.3,22.8,58.1,6.57,530.7,Amla
95.6,40.6,109.2,28.3,46,6,694.3,Onion
86,55.2,88.7,20.7,61.1,6.07,429,Beetroot
63,37.3,54,24.9,71.4,6.44,1098.6,Snake Gourd
106.4,47.2,163.7,21.2,83.8,5.52,2143.7,Coffee
34.2,41.1,49.1,15.6,60.1,7.33,471.9,Pea
105.2,54.8,62.3,32.7,68.8,5.65,520.1,Brinjal
104.9,49.5,63.1,34.2,60,6.45,788,Bitter Gourd
40.7,39.2,53.9,17.4,58.4,7.2,478.3,Field Pea
52,30.8,55.4,38.5,60.5,7.36,1029.5,Tamarind
28.2,51,67,33,65.1,5.98,669,Groundnut
121.4,59.7,52.1,25.5,81.7,5.73,622.8,Rice
84.7,54.5,41.6,15.5,59.4,7.6,470.4,Wheat
107.6,48.4,53.2,18.7,48,6.95,414.7,Wheat
108.8,53.2,47.8,28.3,72.6,6.28,1317.8,Paddy
30.6,24.3,36.8,26.6,38.3,6.55,277,Fenugreek
83.2,48.6,74.6,20.4,56.4,6.01,679.1,Capsicum
36.4,42.1,18,20.2,40.3,6.69,462,Gram
68.7,43,56.6,25.2,61.1,7.65,575.1,Sunflower
80.5,47,58.5,26.5,57.4,6.9,780.6,Watermelon
42,53.1,67.9,30.5,56.8,7.33,731,Groundnut
35.3,43,23.8,33.2,59.7,6.22,693.6,Cowpea
103.8,49.6,66.6,32.2,62.5,6.82,960.2,Bitter Gourd
81,40.1,38.8,27.7,63,6.11,619.3,Jowar
57.9,50.8,42.6,26.2,48.6,6.47,502.2,Castor
76.9,58.5,63.6,24.3,73.1,6.41,758.3,Chilli
71.5,47.4,27.7,17.5,42.1,6.93,288.2,Barley
82.7,68,85.6,27.6,92.5,4.69,2863.9,Rubber
62.6,35.3,73.5,28.2,54.7,6.73,825.3,Pumpkin
89.9,56.6,78.1,16.5,61.4,6.81,581.8,Onion
149.6,70.8,107.8,30.4,71.7,7.04,1381,Papaya
29.6,21.5,31.1,25.2,36.5,7.55,696.6,Ashwagandha
79.8,59.8,48.7,35.9,39.7,6.89,526.4,Sorghum
50.2,25.8,49.9,36.1,70.6,7.01,507.5,Drumstick
106.6,54.7,94.9,18.7,69.9,6.92,417.6,Cabbage
29.4,59.7,22.3,28.3,52.4,6.33,725.6,Urad Dal
30.5,45,42.2,26.3,59.1,6.88,652.9,Groundnut
190.3,64.9,215.2,30.7,78.3,6.34,1928.3,Banana
52.2,34.1,89.3,20.7,59.9,7.2,789.6,Pumpkin
26.9,70.5,46.4,23.7,67.9,6.43,741.3,Soybean
82.5,42,97.6,30.7,79.6,7,1546.6,Turmeric
48.1,36.1,56.7,34.8,62.3,6.75,847.6,Tamarind
67.7,45,105.7,35.5,90.1,5.91,1363.7,Turmeric
33.4,57.6,31.9,19.5,40.7,6,483.5,Lentil
10.6,34.8,35.9,31.4,46,7.43,262.7,Guar
31.3,42.3,32.2,20.2,41.6,7.25,441.3,Gram
84.9,55.6,70.5,38,65.1,5.5,1278.1,Mango
72.5,48.8,78.2,22.9,58.4,8.04,644.8,Grapes
42.1,30.4,31.1,23.8,17.4,7.43,356,Cumin
85.1,25.9,27.4,28.9,83.4,6.86,1853.8,Jute
76,45.2,106,26.7,60.8,7.27,875.3,Grapes
24.9,47.5,34.6,26.5,46.6,7.01,365.1,Lentil
74.1,32.6,71,23.3,64.2,6.77,667.7,Pumpkin
88.5,46.1,69.2,26,80,6.83,936.1,Mango
55.6,29.8,28.6,17.9,46.6,6.81,321.9,Linseed
61.2,45.1,91.2,12.3,61.9,7.24,302.1,Turnip
49.8,26.2,84.3,26.3,83.4,6.13,2216.5,Clove
28.7,42.8,35.8,20.1,49.7,7.09,383,Chickpea
67,39.5,45.7,28.1,57.3,7.26,736.1,Jowar
124.6,45,52.1,23.5,73.4,5.8,1146.8,Paddy
89.6,45.1,73.8,31.7,69.1,6.74,717.8,Brinjal
72.1,58.7,102.5,20.4,56.4,6.49,475.3,Beetroot
62.1,50.2,81.2,20.7,66.1,7.08,510.9,Carrot
64.1,43.2,54.9,25.8,31.3,5.84,384.9,Pomegranate
78.2,36.9,41.8,27.1,58.8,7.19,766.7,Jowar
70.9,44.8,37.8,25.2,39.3,6.88,523.8,Bajra
80.4,26.8,28.9,31.4,29.8,8.04,363.3,Pearl Millet
55.8,40.4,69,26.7,68.4,6.89,612.1,Ash Gourd
34.9,46.6,35,17.9,43.2,5.55,494.8,Chickpea
90.1,40.4,48.6,12.7,64.8,7.08,454.1,Spinach
61.5,45.5,60.4,33.7,51.6,5.83,339.9,Pomegranate
91.3,66.3,91.5,29.9,85.4,6.07,1984.4,Rubber
32.9,49,19.4,34.7,74.4,6.17,677.4,Cowpea
104,46.5,67.4,35.3,63.2,7.15,994.7,Bottle Gourd
94.5,34.3,46.7,12.3,57.9,6.45,1041.8,Lemon
17.7,56.8,28.3,33.3,65.6,7.58,795.8,Blackgram
113.7,52.4,43.8,25.4,56.2,6.63,549.3,Sorghum
190.9,61.5,117.1,27.6,72,7.03,1658.4,Sugarcane
48.2,19.6,23.8,36.4,63.9,8.14,609.2,Sesame
80.2,51.9,64.1,36.3,74.6,6.59,976.6,Chilli
47.6,51.2,126.8,26.1,63.9,5.4,862.9,Sweet Potato
115.1,40.1,102.3,27.4,81.7,4.91,1884.2,Tea
46.7,35.9,29.8,27.1,50.1,6.02,716.9,Niger
61.6,51.3,79.4,23.9,87.6,5.7,2180.3,Cardamom
28.9,48,25.4,29.6,45.5,7.74,411.7,Cluster Bean
120.8,54.1,155.1,17.8,77.3,5.63,1801.5,Coffee
109.8,63.5,126.7,30.5,73,7.25,1294.4,Papaya
82,43.1,47.7,16.8,60.4,7.51,463.8,Radish
36,29.5,28.2,24.4,34.1,7.23,320.1,Coriander
49.3,12.9,25.6,24.9,57.2,5.93,957.8,Niger
167.4,92.4,102.7,30.6,78.2,6.34,1291.1,Sugarcane
20.2,58.8,22.4,33,46.4,7.1,837.4,Pigeon Pea
84.4,72.2,135.7,23.3,50,6.88,545.7,Beetroot
69.8,44.5,37.6,25.4,68.9,7.07,781.8,Ridge Gourd
65.4,22.6,61.1,32.6,65.4,7.72,1104.3,Tamarind
77.8,27.9,34.7,29.9,54.3,7.6,494.6,Pearl Millet
73.1,53.5,36.5,36.7,47.9,7.14,510.1,Jowar
22.1,30.8,31.3,35.7,33.2,7.4,405.8,Horse Gram
90.6,57.2,38,35.1,56.7,6.86,583.3,Cotton
37.8,34.6,35.6,27.1,24.2,6.87,306.7,Coriander
105.6,56,49.7,30.1,69.1,6.61,1469.6,Paddy
89.7,40.6,65.1,21.7,57.5,6.32,882.1,Lemon
89.3,47.5,95.8,30.4,60.3,5.72,1239.5,Mango
117.2,41.5,121.9,19.1,80.1,6.04,2086.7,Coffee
148.3,51.2,56.4,29.9,67.6,7.36,785.2,Mentha
43.7,40.4,76.7,23.1,82.4,5.91,2116.1,Clove
28.8,43.3,32.1,19.1,49.9,7.16,333,Lentil
70.7,49.9,73.2,21.3,62.4,6.36,723.1,Capsicum
110.2,48.5,82.1,35.1,76.1,6.87,615,Mango
82,53.8,60.4,33.8,63.3,5.59,1230.1,Mango
30.9,35.6,38.1,29.9,65.3,6.78,625.6,Mung Bean
92.8,54.8,125.4,33.9,89.3,6.08,1562.3,Jackfruit
83.2,41.5,30.2,25.1,45.4,7.01,435.2,Bajra
42.4,29.8,35.1,25.2,35.3,7.1,456.2,Safflower
78.5,43.3,137.7,25.5,63.6,6.59,813.7,Tobacco
83,45.5,88.7,12.8,72.8,6.38,489.8,Cauliflower
59,37.9,77.9,21.9,79.8,5.99,2388.4,Cardamom
94.4,56.3,82.3,32.7,77.1,5.76,1188.6,Litchi
52.6,25.8,56.5,31,57.8,7.04,503.6,Drumstick
52.9,36.8,74.9,28.3,54.1,6.89,691,Pumpkin
51.9,30.8,75.8,23.1,72.9,5.29,1810.5,Cardamom
32.9,50.5,31.6,30.1,56.3,6.52,609.3,Greengram
68.8,52.4,55.3,29.5,77.8,6.85,906.3,Ash Gourd
31.8,49.8,50.5,10.1,60.3,6.43,379.8,Field Pea
118.9,30.3,107.2,21,69.8,5,1838.1,Tea
95.2,46.5,102.4,36.3,78,6.77,1798.9,Turmeric
94.2,33.6,51.7,33.5,69.3,5.67,1633.7,Rice
131.2,69.2,110.2,24,61.8,6.75,645.9,Tomato
74.4,27,41.2,24.4,86.6,5.9,2339,Jute
45.2,19.2,24.3,21,44.5,7.63,444.2,Coriander
85.6,54.2,63.2,23.7,78.4,6.77,1016.4,Mango
132.6,57,43.8,32.2,85.6,5.97,1175.9,Rice
23.4,43.6,35.4,27.9,65.2,6.81,511.3,Mung Bean
61.5,47.4,24.5,29.6,53.6,7.72,379.3,Bajra
36.1,45.8,34,42.4,48.8,7.12,384.8,Cluster Bean
30.9,50.8,38.8,29.1,64,6.68,559.7,Mung Bean
77.5,40.1,72.6,20.6,61.3,6.42,1338.9,Lemon
42.4,28.9,37.2,17.3,41.5,6.87,361.7,Linseed
140.2,46.8,48.7,28.2,66.6,7.12,982.6,Mentha
25.3,56.3,23.7,25.8,30.8,7.15,345.2,Chickpea
81.4,46.6,61,20,65.6,6.93,480.7,Radish
24.9,50.7,32.1,10.2,47.8,7.42,361.5,Lentil
118.7,42.6,50.1,19.5,55.7,6.92,413.5,Wheat
93,44.6,45.6,26.8,56.3,6.37,408.8,Sorghum
93.8,46,60.6,21.5,60.9,6.69,614.2,Garlic
101.1,47.9,95.7,19.6,68.3,6.92,607.9,Cauliflower
79.9,47.2,42.6,28.1,47.6,6.47,563.8,Sorghum
84.6,59.1,44.7,30.4,56,6.26,578.8,Sunflower
88.7,44.4,89.1,35.4,59.6,6.61,1022.8,Mango
100.4,34.7,71.4,25,64.4,7.35,697,Brinjal
69.4,45,21,18,37.2,6.77,612.5,Mustard
20.1,24.3,39.8,27.5,48.9,7.39,333.9,Guar
29.9,58.9,25.8,27.9,41.5,7.25,388,Chickpea
146.5,67.8,85.4,18.3,69.1,6.56,641.8,Broccoli
45,37.8,47.2,41.8,19,7.69,410.3,Ber
40.6,49.5,25.1,21.1,48.4,6.48,420.4,Lentil
200.8,64.4,103.9,22.8,77.5,7.26,1138.9,Sugarcane
127.2,45.2,91.9,22.2,71.3,5.01,1627.3,Tea
100.6,45.6,75.7,34.3,69.5,7.07,917.1,Bottle Gourd
38.8,40.9,92.9,24.4,78.5,5.2,1885.4,Cardamom
74.3,40.3,40.4,25.8,50.6,6.87,652.3,Sunflower
130.3,52.5,50.3,31.8,63.5,6.12,887.2,Mentha
127.1,64.8,107.6,31.2,54.1,7.45,1559.6,Papaya
28.6,44.1,57.3,30.7,54.6,5.69,641.8,Groundnut
34,68.5,51.5,25.3,50.6,6.4,856.1,Soybean
42.8,26.3,35.9,23.9,44.8,7.23,425,Fennel
67.8,53.9,37.9,20.3,49.8,6.88,559.7,Garlic
90.7,52.7,46.8,16.3,52.1,7.09,506.2,Garlic
81.9,48.9,47.8,27.4,77.3,5.99,1336.2,Guava
96,60.8,87.4,33.7,86.2,6.49,1382.4,Ginger
32.7,27.2,34,37.3,44.4,7.8,649.1,Ashwagandha
71.4,35.4,28.2,38,24.8,7.39,313.3,Pearl Millet
36.8,53.7,65.6,31.2,57.7,6.05,570.9,Groundnut
24.6,52.9,54.1,14.6,64.2,6.84,449,Pea
105.9,60,131.9,22.4,62.7,6.32,1044.8,Tobacco
32.1,58.3,33.5,34,48.3,8.03,488.3,Cluster Bean
64.6,49.3,90.2,24.2,65.6,5.81,570.2,Cucumber
71.1,53.2,47.1,13.4,69.5,6.91,413.3,Spinach
30.8,51.3,34.3,33.5,52.5,6.94,416.8,Mung Bean
31.3,46.4,29.2,23.5,46.9,7.7,332.3,Cluster Bean
28.8,31.9,36.2,22.2,36.7,7.9,560.5,Ashwagandha
134.4,50.2,46.9,29.5,72,6.98,1057.9,Mentha
66.6,30.4,24.3,23.2,56.6,6.62,427.5,Ragi
124.5,60,71.1,17.9,69.4,6.59,782.7,Broccoli
89.9,53.3,62.3,30.9,63.1,6.45,763.3,Bitter Gourd
67,47.4,67.1,26.5,69.8,6.3,542.2,Cucumber
108.4,44.8,45.4,28.1,73.6,6.64,1060.1,Rice
76.4,52.8,120,21.3,60.1,7.07,586.7,Beetroot
68,39.7,116.5,29.4,78.9,5.32,1031.7,Sweet Potato
140.4,47.3,87.7,22.1,80.3,4.27,2091,Tea
30.1,28,64.4,24.2,52.6,7.5,689.2,Tamarind
124.2,39.3,104.6,24.8,82.9,4.51,2141.2,Tea
57.9,39.3,63.1,29.8,69.4,6.7,654.5,Ash Gourd
129.2,62.5,48.9,31.1,57,5.24,658.4,Maize
54.5,19.6,42.9,24.6,46.6,6.3,990.5,Drumstick
102.4,51.6,53.5,18.5,84.2,5.78,1325.8,Paddy
127,43.3,47.8,23.8,35.7,6.16,456.1,Wheat
82.2,45.5,60.5,30.4,65.1,7.22,808.5,Okra
76.6,52,56.2,19.6,67.2,6.22,899.9,Capsicum
69.6,44.2,20.9,28.3,43.5,6.89,250,Barley
54.5,41.2,39.6,31.9,69.5,7.13,1029.9,Amla
95.4,51.5,85.9,37.8,65,6.25,1257.5,Mango
77.9,45.6,123.1,26.6,56.6,7.46,539.7,Grapes
101.9,54.8,67.4,15.8,64.6,6.61,682.1,Cabbage
57.5,38.4,32.6,18.4,50.7,6.48,782.8,Mustard
71.3,37.1,66.8,32.7,60.2,7.03,569.6,Muskmelon
117,49.1,100.1,18.8,70,6.69,519.2,Cabbage
74.4,36.9,161.5,26.3,72.7,6.22,1852.1,Coconut
55.8,48.5,99.2,27.5,74,5.88,1933.1,Turmeric
47.4,29.2,36.6,20.3,38.4,6.84,331.6,Cumin
30.4,30.7,34.4,27.9,37.4,7.53,692.3,Ashwagandha
84.3,44.4,108.1,14.9,62.9,7.19,515.6,Carrot
59.5,47.9,132.8,28,72.1,5.68,840.2,Sweet Potato
56.8,46.7,93.9,24.4,50.2,7.35,664.6,Grapes
29.5,49.7,44.7,15.5,49.8,6.18,416.6,Field Pea
125.7,47.6,86.7,33.4,86.3,5.16,2626.4,Tea
70.3,46.8,54.7,26.5,82.5,6.58,679,Okra
97.8,69.9,143,21.8,68.7,5.73,829,Tobacco
68,27.2,26.5,32.7,38.7,5.94,383.4,Bajra
110.7,43.4,53.4,26.7,52.2,7.19,552.4,Sorghum
79.8,53.5,43.3,22.8,79.8,6.47,807.6,Ridge Gourd
26.5,49.9,25.3,31.1,63.6,6.36,1099.3,Pigeon Pea
73.2,44.7,48,23.9,56.3,7.31,896.1,Drumstick
47.9,34.9,25.5,12.7,34.6,7.59,378.1,Cumin
74.7,43.3,60.3,20.1,60.8,6.13,889.8,Lemon
124.5,40.8,74.9,21.7,60,6.52,570,Cabbage
60.2,40.9,51.1,21.6,68.8,7.42,839.6,Ash Gourd
26.5,54.6,34.7,32.3,67.4,6.46,652.4,Greengram
68.4,43.8,76.6,33.2,63.4,7.14,590.7,Watermelon
55.7,32.4,27.6,38.2,59.6,6.75,652.4,Ragi
83.1,31.3,40.2,16.1,68,6.91,475.8,Spinach
13.3,31.9,25.8,29.7,30.7,7.61,320.6,Guar
26.1,38,28.5,31.5,42,8.92,470,Ber
85.3,57.7,71.5,23.7,59.8,5.72,862.9,Capsicum
84.1,51.3,81.9,29.8,64,6.8,746.2,Chilli
19.6,34.8,30.6,31.5,51.2,6.24,366.1,Horse Gram
100.9,47.2,100.3,28,77,6.47,1315.5,Litchi
87.3,58.4,81,33.4,91.3,5.27,2477.7,Rubber
32.1,52.4,25.8,21.9,39.8,7.67,337.1,Chickpea
104.1,71,128,31.1,79.5,5.79,1250.3,Papaya
49.9,28,30.4,11.1,45.2,6.46,420.2,Linseed
97.9,52.6,191.9,31.5,84.9,5.93,1533.1,Coconut
60.9,53,85.8,8.1,51.9,6.71,465.6,Garlic
113.2,70.3,113.6,25.5,71,5.94,828.9,Tomato
26.1,56.4,32.5,29,58.8,6.7,876.3,Arhar Dal
113.3,55.7,65.2,15.2,72,6.95,326.9,Lettuce
98.2,49.7,143.5,31.5,74,7.25,1922.5,Jackfruit
75.2,43.8,51,16,57.9,6.26,1172.5,Lemon
59.5,32.8,89.9,24.1,79.3,5.99,2071.5,Clove
96.2,46.6,76,19.1,65.5,7.34,615.3,Onion
73.2,33.3,71.2,31.4,58.6,6.94,1127,Drumstick
6,23.9,28.3,31.6,35.8,6.83,455.2,Guar
60,36.7,52.8,28.7,71,6.92,713.3,Ash Gourd
81.4,34.7,33.6,11,44,6.8,342.5,Barley
97.5,53.8,74.6,28.1,67.5,7.28,640.9,Onion
13.3,31,34.4,36.6,57.2,6.84,451.6,Horse Gram
40.1,27.4,53.4,28,55.7,6.95,440.1,Drumstick
50.3,35.4,27.8,25.7,45.4,6.29,510.4,Safflower
22.6,29.4,37.3,6.2,37.8,5.8,330.6,Fenugreek
78.5,35.2,64.1,23.2,63.3,6.33,1658.6,Guava
67.9,55.9,57,30.8,67.7,7.01,652.8,Okra
99.4,51.9,67.1,25.5,61.8,6.2,1252.6,Orange
54.4,37,58.2,25.8,67,6.7,956.7,Curry Leaf
100.7,52.5,72.7,14.9,71,6.21,634.7,Cabbage
110.9,36.6,31,39,41,6.49,659.5,Sorghum
79.1,51.7,74.3,26.1,60,6.24,880.4,Chilli
110.1,55.2,165.2,31.9,79.9,6.86,1349.1,Coconut
127.9,42.6,45.6,33.6,77.6,7.11,933.7,Mentha
95.9,43.5,66.3,30.3,68.9,6.96,742.7,Bottle Gourd
120.5,45.1,71.4,22,89.4,5.23,2135.2,Tea
92.2,57.1,65.3,16.9,63,7.23,468.5,Cauliflower
104.9,44.8,75,27,60.9,6.52,613.3,Capsicum
16.3,29.6,17.7,26.1,29.5,8.07,318.9,Moth Bean
38.4,20.7,33.6,24.3,33.7,6.86,368.7,Safflower
59.5,29.5,99.8,32.1,74.2,5.92,1327.4,Pineapple
57.4,46.7,107,25.4,67.4,5.75,636.3,Sweet Potato
32.6,53.6,27.2,29,62.1,6.91,854.6,Pigeon Pea
38.6,34.5,32.5,21.7,59.8,6.42,516.9,Niger
36.1,55.8,42.9,32.1,60.5,6.81,627.9,Urad Dal
144.1,44.7,102.6,23.5,61,5.48,2137,Tea
81,46.8,160.3,35.2,82.9,4.68,1448,Coconut
106.1,60,103.1,26,59.5,5.72,797.2,Tobacco
29.5,43.2,30.6,27.2,57.9,6.17,623,Niger
89.1,46.8,66.4,21.1,65.3,5.45,479.5,Lemon
69.1,52.5,86.5,29.5,71.6,5.13,2847.6,Rubber
72.8,73,100.3,26.5,67.9,7.27,521.9,Beetroot
22.4,43.8,26.7,28.6,59.7,6.99,622.4,Urad Dal
134.7,79.4,47,30.2,61.9,6.45,1034.9,Maize
44.4,42.8,52,29.6,66.2,6.87,999.8,Snake Gourd
95.4,54.4,67.4,30.6,59.1,6.86,799.4,Bottle Gourd
65.5,39.5,80.5,36.9,49.9,6.71,535,Muskmelon
81.4,31,42,29.6,48.7,6.4,593.3,Jowar
110.7,54.6,83.6,29.2,77.4,6.97,754,Bottle Gourd
43.7,38.4,47.7,30.3,42.7,6.15,518.8,Pomegranate
68,51.6,94.5,8.8,54.7,6.66,396.1,Carrot
120.4,57.7,51.8,21.6,67.7,7.27,774.2,Mentha
119.8,56.3,109.4,30.8,81.2,5.98,1568.9,Ginger
64.1,31.2,82.2,26.9,49.7,7.25,661.3,Muskmelon
18.9,35.3,27.3,27.5,31.9,7.36,337.5,Moth Bean
72.1,36.7,53.4,19.2,77.8,6.96,519.3,Spinach
63.5,38.5,90.2,23.8,67,6.89,1601.6,Guava
151,42.7,96.3,24.6,76,5.32,2043.5,Tea
85.1,36.3,88.8,33.6,74.9,6.38,2141.1,Clove
26.6,52.6,31.4,29.8,58.2,6.78,498.1,Blackgram
88,42.5,65.6,17.2,69.9,6.88,446.6,Carrot
121.9,69.9,127.4,34.5,63.9,6.38,1501.9,Papaya
85.6,34.2,21.3,29.6,36.2,7.52,441.2,Bajra
67.2,29.9,68,26.2,62.1,6.37,841.5,Pumpkin
44,26.1,72.5,28.3,41.3,7.85,584.6,Ber
81.6,28.9,30.5,17.3,46.6,7.45,662.2,Mustard
37.4,45.4,22.6,15.2,32.9,7.08,439,Gram
101.6,43.8,77,15.9,64.2,6.59,514.6,Cabbage
92.3,41.5,86,30,75.7,5.8,1100.1,Litchi
88.4,58.2,57.8,14.2,54,6.61,459.6,Garlic
24.1,27.9,19.7,25.7,34.7,7.93,360.2,Moth Bean
134.2,68.6,55.9,20.1,64.1,6.21,611.1,Broccoli
32.8,24.1,31.8,27.7,35.1,7.54,748.8,Ashwagandha
32.3,40.1,28.6,27.5,56.5,7.29,576.8,Blackgram
54.6,31.3,99.7,30.4,83.7,6.89,2223,Black Pepper
56.1,29,52.5,33.2,64.9,6.63,742.8,Curry Leaf
14.9,26,15.7,32.9,39.1,7.89,270.6,Moth Bean
83.1,52.7,72.7,30.8,70.6,6.59,910,Brinjal
28,40.4,29.9,34.9,66.2,6.48,713.4,Blackgram
36.2,50.5,31.3,33.7,54.5,6.12,754.6,Arhar Dal
41.5,49.6,43.8,29.3,55,6.89,681.9,Mung Bean
71.6,47.4,99.6,20.2,58.2,6.68,569.5,Beetroot
52,19.7,30.5,19.3,27.4,7.38,444.3,Fennel
116.8,53.1,146.4,23.6,78.1,5.48,1434.5,Coffee
84.9,47,63.9,24.3,63.7,6.6,977,Guava
69.6,49,67.2,28.2,72,6.65,941.5,Snake Gourd
99.3,51.3,66.9,27.2,70.7,6.68,819.6,Bottle Gourd
56.8,32.6,47.4,32.8,55.4,6.81,644.9,Drumstick
93.2,42.6,80,20.5,57.2,6.56,810.5,Onion
32.4,56.2,26,31.4,49.4,8.22,301,Cluster Bean
158.6,52.7,196.9,32.6,76.4,6.2,2096.7,Banana
60,41.1,20.6,8.9,32.5,6.05,280.5,Barley
23.1,55.7,20.7,30.9,65,6.38,700.4,Pigeon Pea
36.8,52.3,32.5,31.7,57.7,7.1,712.8,Cowpea
12,24.1,27.9,30.2,46.2,7.97,208.8,Guar
88.4,35.2,63.4,29.8,53.2,6.43,573.2,Watermelon
72.5,56.1,86,13.3,63.2,6.28,554.2,Turnip
34.6,37.6,20.1,17.2,35.3,6.16,283.4,Fenugreek
126.2,42.4,46.1,28.2,62.2,6.31,624.3,Rice
90.6,38.4,41.6,17.5,63.1,6.6,391.5,Radish
66.6,52.1,68.5,35.9,56.8,6.92,548.6,Muskmelon
98.8,56.2,88.2,26.8,57.8,6.08,532.6,Beetroot
74.8,48.8,63.7,28.5,49.3,6.83,571.9,Sunflower
54.3,28.9,74.4,24.1,81.8,6.69,1967.5,Clove
83.3,47.6,88.2,30.4,75.1,6.39,1073.6,Turmeric
101.2,45.7,80.6,29.6,63.8,6.13,684.6,Bottle Gourd
147.4,44.6,45.8,24.7,72.2,7.36,855.1,Mentha
81.1,54.3,49.2,27.2,50,7.02,439.3,Sunflower
89,66.8,96.3,36.8,76.8,6.64,2663.2,Jackfruit
94.6,55.4,117.7,32.1,78.1,7.7,2082.8,Jackfruit
69.9,33.7,30.6,20.4,55.8,6.46,1159.9,Mustard
56.9,34.1,91.7,34.5,70.7,6.41,1280.4,Guava
187.6,49.5,188.5,35.1,71.7,6.57,1909,Banana
123.6,61.7,73.7,34.1,62.7,6.48,667.3,Bitter Gourd
88.8,62.8,140.5,29.4,80.1,6.54,1597.4,Taro
67.9,25,31.9,26.1,55.2,6.33,561.5,Ragi
77.7,39.4,66.8,28.1,60,6.27,597.5,Watermelon
83.5,48.9,70,32.7,57.9,6.19,803.2,Brinjal
57.8,40,35.6,31.2,43.3,7.13,278.6,Castor
73,44.4,154.4,26.3,68.8,6.35,961.4,Sweet Potato
132.7,52.4,161.1,20.7,86.1,6.09,1970.3,Coffee
50.4,30.6,31,34.3,53.7,7.2,702.3,Sesame
138.4,47.7,118.8,22.4,87.8,5.73,1822.2,Taro
80.8,32.8,47.2,22.7,67.4,6.14,721.1,Ash Gourd
10.4,23.4,12.3,35.4,36.5,7.4,201.9,Moth Bean
32.4,47.1,38.1,34.8,60.9,7.17,750.9,Blackgram
84.1,59,45.5,28.5,70,6.6,836.6,Ridge Gourd
24.7,52.6,30.3,27.2,65.8,7.01,765.9,Pigeon Pea
115.1,57,50.5,25.9,69,6.46,1433,Litchi
25.9,31.8,27.2,21.7,50.8,7.6,308.3,Fennel
22.7,52.7,27.2,25.9,59,6.79,510.7,Urad Dal
202.7,55.7,195.4,31.5,82.6,7.32,1244.7,Banana
77,47.9,47.1,30.6,74.2,7.22,750.5,Cotton
78.5,17.8,41,34.5,81.8,6.05,1288.9,Jute
87.7,42,52.5,22.4,70,6.29,461.9,Spinach
38.1,23.7,33.2,33.2,67,5.98,776.3,Ragi
41.3,32.2,49.8,13.7,26.8,7.02,384.2,Cumin
92.2,56,92.2,28.2,85.7,6.25,1984.7,Ginger
63.9,42.5,52.5,28,71.5,6.09,664.9,Ash Gourd
69.7,41.1,37.1,31,61.3,7.02,641.2,Jowar
49.8,24.9,41.1,33.4,77,6.5,1572.1,Jute
60.8,30.4,93.2,29.2,87.9,5.02,1656,Pineapple
141.7,64.7,77.5,16.5,76.8,6.65,501.8,Broccoli
53.7,38.1,89.9,29.9,60.4,6.76,350.9,Pomegranate
81.6,48.3,83.9,22.7,87,5.84,2016.3,Black Pepper
30.4,39.9,30,24.9,44.6,8.17,753.7,Ashwagandha
33,61.3,30.1,33.3,58.4,6.94,932.9,Cowpea
76.2,39.4,62.7,19.9,54.8,6.4,844.5,Pumpkin
22.6,33,33.2,30.5,53.6,6.76,542.6,Horse Gram
91.5,39.1,88.3,16.9,59.6,7.86,524.3,Carrot
182,57.2,112.3,25.1,73.4,6.84,1388,Sugarcane
62.9,49.3,49,26.8,70.4,6.94,852.9,Okra
124.6,50.4,64.1,20.4,77.5,6.33,610.8,Broccoli
83.3,43.8,22.1,19.1,47.3,6.63,764.5,Mustard
112.9,54.5,63.3,29.5,71.8,7.3,740.3,Bitter Gourd
69,42.6,67.6,21.8,57.5,6,611.6,Garlic
34.7,77.8,51.9,28,72.6,6.44,883.4,Soybean
45.2,56.5,34.1,29.8,66.7,6.68,529.8,Urad Dal
34.3,33.7,32,9.5,35.8,7.57,300.5,Fenugreek
116.4,58.3,103,21.4,66.5,6.49,867,Tobacco
63.3,38.8,167.1,28.5,77.1,6.63,1571.2,Coconut
89,61.8,100.7,27.9,75.6,6.57,2192,Jackfruit
24.2,24.6,33.2,32.1,42.8,7.15,713,Ashwagandha
24.1,49.3,33.8,34.5,61.1,6.43,1089.8,Cowpea
59,28.4,78.5,29.7,72.2,6.19,1645.5,Pineapple
111.4,42.8,66.2,29.5,64.2,6.08,570.3,Brinjal
102.2,43.2,77.2,34.7,71.4,7.2,958.6,Mango
45.9,35,30.4,15.7,25.7,7.53,274.2,Fennel
172.6,46.1,211.4,28.4,69.9,6.85,1485.2,Banana
132.4,77.3,66.8,21.5,58.4,6.63,454.7,Broccoli
70.1,52.4,134.8,16.5,55.9,6.4,554.2,Beetroot
67.7,32.5,14.6,31.6,48.5,7.17,379.1,Bajra
33.7,50.2,25.4,36.8,64.3,6.35,682.4,Cowpea
26.3,40.4,40.2,34.5,57.8,6.58,758.7,Urad Dal
46.1,29.6,36.1,27.4,47.2,7.38,435.9,Safflower
92.1,52.1,91.7,25.9,80.4,6.47,1583.2,Ginger
60.7,28.1,20.4,29.6,57,6.65,755.1,Niger
57,35.5,50.9,37.2,51.9,6.07,1030.9,Curry Leaf
44.1,58.3,47.5,35.3,55.3,5.98,724.2,Groundnut
70.2,59,69.2,21.9,54.4,6.36,655.2,Garlic
76.3,43.4,28.6,27.9,62,6.79,611.9,Bajra
21.5,52.2,29.4,26.5,37.5,7.75,354,Gram
103.3,46.8,92.5,32.2,77,6.34,1389.4,Litchi
37.2,73,42.6,25.1,56.1,6.46,789.2,Soybean
84.7,94.5,125.3,29,90,7.04,1590,Taro
131.3,82.2,96.5,10.6,74.1,5.52,586.3,Potato
84.8,52.5,105.5,15.7,65.3,6.28,571.8,Carrot
41.3,27.1,23.8,17.5,38.9,6.3,379.8,Linseed
41.7,32.7,45.5,26.8,55,7.17,537.2,Ber
125,56.6,130.9,35.5,83.6,5.15,1883.2,Jackfruit
59.2,32.4,41,27.6,29,7.14,460.6,Castor
62.9,47,140.2,23.1,70.2,5.48,1077.5,Sweet Potato
91.5,48.4,61.9,29.6,49.8,7.27,649.9,Watermelon
85.4,45.2,72.9,25.7,59.4,6.04,981.5,Lemon
31.8,44.6,47.3,15.8,48.3,6.24,406.6,Lentil
116.2,51.3,71.5,31.7,63.2,6.35,756.5,Brinjal
81.6,47.4,91.4,19.3,61.2,5.66,386.8,Turnip
48.1,31.6,29.5,21.6,48.6,6.51,551.1,Sesame
97.6,61.2,85,31.5,85.1,6.35,1732.6,Ginger
56.3,30,38.6,23.8,54.5,7.38,377.9,Castor
29.5,44.7,37.9,18.1,37.5,5.7,395.2,Chickpea
62.4,53.1,117,25.7,69,5.05,1005.6,Sweet Potato
85.1,56.9,100.2,12.3,67.2,5.63,569.2,Turnip
21.1,34.2,19.5,31.3,37.9,8.15,215.8,Moth Bean
44.3,32.3,51,36.7,24.1,8.77,321,Ber
68.9,29.7,79.5,26.3,82.3,5.97,1903.1,Black Pepper
47.4,30.2,50.2,36.1,60.4,6.29,990.4,Curry Leaf
39.8,36.3,36.7,25.3,40.3,6.94,260.3,Safflower
26.7,45.8,23.2,30.3,47,7.6,463.3,Cluster Bean
46.4,48,65.5,20.9,54.4,7.05,423,Garlic
146.1,64.8,78.2,27.7,70.9,5.68,675.1,Potato
19.8,43.4,26.5,35.8,69.9,6.37,798,Pigeon Pea
72.8,33.2,52.1,26.9,61.9,6.78,746.6,Tamarind
49.6,22.3,56,40.1,61.6,7.38,1328.4,Tamarind
39.2,40.3,26.9,17.8,47.1,7.43,471,Coriander
82.7,52.5,85.2,11.6,58.5,6.51,532.6,Turnip
71.8,32.6,46.1,37.5,85.3,5.8,1406.4,Jute
16,38.1,21.6,29.2,33.8,7.57,376.7,Guar
69.7,40.9,73.2,30.8,58.2,6.84,558.9,Muskmelon
71.6,35,29.9,13.4,45.4,7.21,391.9,Barley
93.5,46.4,42.2,34,75,6.99,1331.1,Amaranthus
54.3,37.5,72.7,20.8,82.2,6.44,1843,Cardamom
187.9,44.5,125.3,35.9,84.7,6.54,1522.1,Banana
77.9,26.7,32.1,13.6,37.3,7.65,274.2,Barley
67,45.2,68,21.8,67.7,6.26,517.4,Pomegranate
27.7,50.1,21.9,30.6,52.4,6.66,575.6,Blackgram
35.2,45.1,51.3,17.2,63,6.06,461.3,Pea
19.8,31.1,26.1,33.6,37.6,8.06,244.8,Moth Bean
81.5,54,56.6,28.9,77.5,6.74,1099.2,Chilli
67,44.8,32.4,29.8,52,6.85,509.1,Sorghum
25.9,42.4,23.8,37.6,67.2,7.21,593.7,Cowpea
164.8,52.2,185.7,31.6,92.9,7.75,1526.1,Banana
82.8,48.4,71.3,19.1,61.1,5.62,817.8,Lemon
32.9,47.8,18.8,23.7,51.8,5.83,959.1,Arhar Dal
76.9,42.7,72.7,25.1,45.1,7.64,567,Pomegranate
23.1,54.4,36,24.7,68.6,6.84,714.6,Greengram
40.6,53.5,29.6,28.4,58,6.63,726.7,Blackgram
47.4,32.2,30.4,22.4,52.7,6.64,688.3,Niger
182.5,74.8,92.1,19.5,62.4,6.42,542,Potato
71.9,55.5,67.8,34.7,84.2,6.29,757.1,Ridge Gourd
72.8,42.4,46.7,15.8,67,6.01,483.6,Radish
20.9,18.3,31.7,33.3,60.1,6.92,376.3,Horse Gram
21.4,58.6,50.6,18.7,60.9,6.69,386.6,Pea
83.6,67.9,129.1,23.5,85.4,6.37,1638.3,Taro
58.6,45.4,86.5,24.4,57.2,5.89,486.6,Cucumber
60.8,41.4,89,21.8,73.2,6.93,1173.3,Turmeric
29.5,44.1,28.5,24.8,66.1,6.45,686.6,Pigeon Pea
122.4,60.1,177.1,20.3,75.2,5.54,1832.9,Coffee
99.9,50.1,83,19.2,60.7,6.25,466,Onion
144.3,51.5,96.8,33.2,80.2,4.8,1935.3,Tea
63.6,21.3,45.2,21.2,49.5,7.27,981.6,Amla
35.6,56.4,25,33,64.8,6.68,806.8,Cowpea
70.6,40.8,37.2,33.4,35.6,6.65,575.6,Jowar
110.4,48.3,47.3,33.5,73.1,7.77,720.3,Cotton
46.3,31,23.6,29.8,30.8,6.54,449.9,Ber
61.4,32.2,32.9,14.1,41.3,8.01,350.5,Barley
67,32.6,46.6,31.4,79.7,6.89,2264.9,Jute
61.4,61.3,90.6,26.4,74.6,6.72,1202.3,Turmeric
73.5,41.2,85.9,29.1,82.5,5.32,2626.8,Rubber
110.1,56.9,82.3,20.5,54.7,6.89,556.5,Onion
82.8,63.2,120.8,19.6,60.8,6.95,589.1,Beetroot
89.4,47,59.1,36.7,55.8,7.68,769.5,Watermelon
74.5,42.1,58.2,18,66.6,6.31,508.8,Radish
39.9,47.2,35.2,28.6,65.3,6.8,861.5,Arhar Dal
26.6,52.4,21,30.2,56.6,6.92,663.9,Blackgram
134.9,52.1,75.5,32.1,75.3,6.6,1897.6,Jackfruit
74,41.7,102.7,18.5,52.6,7.37,822,Grapes
38,49.5,35,30.9,53.3,6.94,595.9,Mung Bean
99,45.9,21.8,32.1,45.1,6.88,609.1,Bajra
141.4,44.4,164.4,16.1,77.1,5.35,1667.2,Coffee
50.9,36.9,38.9,35.4,34.2,8.21,383.8,Ber
68.4,36.4,72,22.7,77.6,5.71,1904.7,Cardamom
113.3,56.6,79.8,24.1,78.7,7.04,1057,Orange
73.9,52.8,112.5,26.2,73.6,6.42,1503.1,Ginger
88,64.3,111.7,19.2,61.9,6.66,510.4,Beetroot
58.2,38.3,37.3,29.4,30.5,6.7,477.6,Castor
93.5,34.5,34.5,40.9,35.2,6.6,352.9,Pearl Millet
55.1,41.7,41.3,28.9,43.4,6.51,602.7,Castor
92.3,42.4,53.2,33.5,51.3,6.92,740.4,Sorghum
121.8,40.3,62.4,18,77.2,7.11,575.8,Cauliflower
178.5,92.9,105.6,30.6,78.9,7.11,1087.1,Sugarcane
102.2,56,105.3,14.9,74.5,6.27,502.5,Cabbage
96.9,60.5,68.8,31.5,63.3,6.24,868.2,Brinjal
110.8,55.2,52.2,31,71.6,6.15,1498.5,Paddy
74.7,33.9,80.1,24.6,55.1,7.07,728.3,Pumpkin
54.2,38.5,121.5,24.5,55.5,7.48,929.1,Grapes
56.6,27.8,38.1,26.4,60.4,7.7,764.1,Amla
130.4,56.6,70.1,28,67.4,6.26,870,Brinjal
101.8,36,59.2,15.7,67.5,6.87,583.4,Lettuce
62.3,40.1,37.8,33.1,54.8,6.96,497.4,Muskmelon
200.4,75,121.1,29.2,73.4,7.88,1075.3,Sugarcane
83.9,33.5,108,26,85.9,4.98,2339.5,Black Pepper
100.7,57.3,71.2,40.8,62.1,7.26,831.3,Bitter Gourd
28.2,48.1,24.5,18.9,37.4,6.91,396.4,Gram
77.1,33.1,30.4,30.1,46.5,6.3,459.3,Ragi
113.7,42.6,49.4,29.5,78.5,5.71,1815.9,Rice
34.1,50.3,50.2,28.7,49,6.53,801.1,Groundnut
45.2,30.7,32.2,20.6,63.8,7.13,772.6,Niger
46.8,29.1,33.8,19.3,37.9,7.45,377,Coriander
62.5,34.7,28.4,26.7,40.4,7.78,355.6,Pearl Millet
96.1,41.9,100.8,28.6,91,7.77,2031.4,Betel Nut
114.6,64.8,49.6,23.2,63.2,6.07,903.2,Maize
22.7,50.5,35.8,26.6,50.2,6.87,381.4,Chickpea
89.2,33.1,41.1,24.8,54.9,6.36,610.1,Jowar
13.7,28.4,18.2,33.9,34.1,7.45,320.4,Moth Bean
77.3,61.8,101.5,13.4,56,6.93,505.9,Beetroot
27.7,49.7,35.4,25.4,55.8,5.81,880.9,Blackgram
96.1,66.8,147.6,28.2,66.5,6.19,1154.1,Papaya
185.5,71.8,92.8,23.8,62.1,6.54,1602.4,Sugarcane
42.9,33.4,57.9,27,72.1,6.22,768.9,Ash Gourd
56.8,28.8,25.4,18.1,41.9,7.37,387,Coriander
61.2,25,96.4,30.3,78.1,4.77,1625.9,Pineapple
110.1,41.1,51.5,26.6,68.6,6.67,539.7,Rice
59.4,25.8,34.7,26.3,42.5,7.32,472.8,Safflower
124.6,47.2,156.6,13.8,83,5.5,1538.4,Coffee
32.8,31.6,81.6,19.8,86.6,5.52,1895.3,Cardamom
27.7,50,50,18.9,57.7,6.69,388.1,Field Pea
104,75.1,128.2,28.6,71.2,6.77,2176.9,Jackfruit
44.5,34.8,38.9,25.3,62.9,7.16,890.1,Niger
42.5,32.3,33.8,30.7,54.7,6.66,724.5,Curry Leaf
77,40.3,39,23.8,71.5,7,809.5,Capsicum
81.7,46.5,57.2,34.6,71.8,6.29,936.3,Ridge Gourd
49,36.4,34.8,17.2,30,7.99,368.3,Cumin
85.1,41.3,88.6,23.6,94,5.93,2180,Black Pepper
58.7,43.2,33.3,21.7,49.2,7.4,348.3,Coriander
35.2,44.2,52.8,9.4,62.2,5.86,537.3,Pea
67.8,51.6,66.2,22.7,64,5.87,865.9,Capsicum
75.8,60.7,137,30.2,79.8,6.72,1736.3,Coconut
44,32.7,31.1,17.4,43.6,6.5,331.9,Linseed
59.1,51.8,90.4,37.9,79.4,5.5,2738.5,Rubber
68.3,30.5,57.2,32.6,57.1,6.81,1054.2,Amla
75.6,54.8,69,37.5,66.5,6.59,714.8,Chilli
70.2,51,42.9,28,66.8,6.77,496.7,Sunflower
104.4,56.6,73.4,22.5,65.7,6.64,1238.1,Orange
89.1,44.5,61.6,26.6,59,6.65,567.7,Sunflower
115.3,46.3,42.3,28.6,74.3,6.24,1472.9,Paddy
51.7,26.5,39.6,37.1,60.6,6.56,775.5,Curry Leaf
180.8,53.8,222.7,31.5,80.4,6.21,1944.7,Banana
30.7,53.3,30.9,13.5,57.5,8.37,410.3,Chickpea
31.6,58.2,31.6,28.9,59.2,8.24,435.4,Cluster Bean
132.6,59.2,88.2,29.1,75.9,5.42,1508.7,Tea
64.1,41,92.7,27.4,83.5,4.97,1806.5,Cardamom
94.3,49.3,142.8,31.1,75.3,6.27,2203.6,Jackfruit
28.6,59.8,44.9,22.4,58.2,7.24,663,Cowpea
69.5,48.2,36.2,27.5,48.9,6.98,596.3,Sorghum
78.9,47.2,83.4,26.6,52.2,6.58,464.8,Watermelon
128.2,43.7,54.5,32.1,64.4,6.96,943.6,Mentha
97.7,54.1,43.2,18.1,65.8,6.18,688.3,Lettuce
55.2,39.9,50.5,26.5,31.5,7.38,338.5,Castor
74.6,28.1,77.6,32.5,57.6,6.54,447.3,Muskmelon
24.2,29,37.2,25.9,48.6,6.58,562.8,Horse Gram
91.8,40.3,86.4,28.4,84.4,5.92,1527.2,Litchi
115.7,59.5,94.3,27,63.9,6.01,1041.2,Orange
80.1,48.2,67.3,21,58.5,6.95,1689.6,Orange
89.7,41,62.9,30.5,59.7,6.2,915.8,Chilli
74.2,54.7,74.7,21.3,65.9,5.68,569.6,Cucumber
110.9,39.5,69,15.2,65.2,6.54,516.9,Lettuce
56.9,41,62.5,29.4,69.9,6.68,906,Snake Gourd
60.2,33.5,30.5,23.1,41.9,7.53,249.5,Coriander
100.1,43.6,59.2,21.8,60.6,6.59,484,Lettuce
60.4,53.6,51.5,23.5,68.5,5.79,445.4,Radish
74.7,56,82.1,16.8,56.2,5.79,547.5,Turnip
79.9,47.4,60.2,34.6,73.7,6.07,780.1,Ridge Gourd
21,29.7,33.3,29.2,36.5,6.76,326,Guar
74.1,48.6,71.5,17.1,48,6.87,472.5,Garlic
71.1,31.6,94,25.6,82.2,6.3,1321.7,Pineapple
72.3,28.5,39.7,40.5,55.4,7.61,142.4,Pearl Millet
63.7,43.1,82,24,64.1,6.2,712.6,Pumpkin
107.8,50,79.2,15.3,63,7.26,549.9,Cauliflower
74.8,41.4,43.6,30.8,35.6,6.19,402.1,Castor
97.4,43.4,74,27.6,62.8,6.32,663.2,Bottle Gourd
27.4,53.1,35.6,36.9,52.2,7.94,479.5,Cluster Bean
36.9,56.3,26.9,35.1,70.8,6.25,534.9,Greengram
20.2,45.1,26.4,17,58.1,6.64,473.2,Lentil
47,37.5,45.7,31.2,58.4,5.77,1169.6,Curry Leaf
72.7,48.9,63.3,27.9,61.4,6.07,634.4,Capsicum
102.2,47.8,42.8,11,52.3,6.86,654.5,Garlic
30.7,50.6,26.6,36.7,68.1,6.44,797.3,Arhar Dal
25.5,68.7,54.7,24.7,67.1,5.91,767.5,Soybean
86.8,52.8,115.6,32,70,6.2,1377,Turmeric
53.8,27.1,61.7,30.3,74.9,7.43,849.5,Amla
50.1,27.6,24.5,15.7,32.3,7.57,215.3,Cumin
85.1,28.2,42.1,34.8,52.2,6.78,873,Jowar
142.5,70.7,121.6,32.4,65.1,6.57,1098.5,Papaya
56,32.5,112.6,31.5,84.8,5.6,1669.7,Pineapple
67.5,44.7,64.7,25.6,63.4,7.17,965,Ridge Gourd
19.2,23.7,18.9,28.6,32.1,7.93,156.1,Moth Bean
68.1,43.8,49.3,28.1,64.8,6.81,771.9,Ridge Gourd
58.5,37.3,64.2,27.4,68.6,6.47,1290.8,Snake Gourd
49.9,49.9,100.7,32.4,70.3,5.17,930.8,Sweet Potato
44.1,34.3,45.5,24.2,28.6,7.88,420.7,Ber
28,49.3,37.9,23,45.2,7.46,450.5,Gram
110.3,41.1,66.7,35,59.6,7.81,647.4,Cotton
96.8,50.6,81.7,26.3,61.7,6.89,583.4,Onion
59.3,36,108.5,34.7,81.1,6.24,1999.6,Betel Nut
74.7,53.6,83,16.1,58.8,5.82,493.5,Turnip
60.2,46.3,116.7,21.7,54.6,7.54,902.5,Grapes
37.7,26.1,26.1,26.8,65.7,5.82,787.6,Niger
106.6,77.5,96.9,28,60.8,6.78,675.3,Tomato
49.7,37.9,38.9,21,34.9,7.64,353.4,Coriander
70.5,35.2,53.9,20.5,61.2,7.21,468.6,Radish
51,29.3,45.8,27.8,44.4,7.18,394.7,Ber
57.9,47.1,130.8,23.4,58.2,7.74,698.2,Grapes
92,32.6,113.7,25.8,71.1,4.72,2041.7,Black Pepper
41.5,30,36.3,30.9,37,7.87,767.6,Ashwagandha
86,74.2,128.2,25.5,80.5,6.97,1506.7,Taro
58.8,30.4,122.7,32.6,81,5.46,1237.6,Pineapple
65.4,45.7,52.7,21.4,85.9,5.62,2290.8,Cardamom
140.7,45.8,53,30.4,58,6.79,656.3,Mentha
31.9,45.4,27.2,36.2,51.6,7.01,669.2,Cowpea
78.1,46.1,94.3,20.9,63.7,7.72,419.5,Carrot
52.8,32.2,32.7,29.7,42,7,448.5,Safflower
77.7,38.5,37.5,24.6,83.2,6.27,970.3,Amaranthus
112.5,58.2,64.8,11.7,66,6.33,364.5,Cauliflower
38.4,42.8,29.7,27.9,50.3,7.16,669.4,Pigeon Pea
136.5,69,107.9,36.6,67,6.97,1107.1,Papaya
138.2,42.7,58.3,35.9,68.7,7.54,1080.4,Mentha
71,50.3,35.3,23.7,76.7,5.9,951.7,Chilli
34,54.9,30.6,24.7,53.5,6.24,674.1,Pigeon Pea
112.8,49.2,96.9,33.7,82.8,6.53,2053.9,Jackfruit
98.2,55.1,31.1,29,54.4,6.76,452.2,Sorghum
69.5,31.2,39.7,31.3,43.5,6.87,395.5,Pearl Millet
71.6,36.4,41,26.2,36.7,7.35,312.2,Pomegranate
27.5,48.8,20.8,29,59,6.67,611.9,Arhar Dal
131.8,73.1,63,20.5,68.9,6.25,708.4,Broccoli
106.4,51.6,94.8,9.8,59.4,7.12,491.1,Cabbage
29.6,49.6,30.2,21.2,50.3,6.48,353.6,Lentil
69.5,31.4,25.6,29.8,43.6,7.09,298.6,Bajra
42.5,23.5,25.8,21.6,44,7.06,449.8,Safflower
129.9,54.4,49.7,16.5,61,6.09,408.8,Wheat
56.9,30.2,59.7,30.6,65.1,6.65,916.2,Amla
106.1,46.7,49.4,30.7,78.3,6.79,1434.8,Paddy
68.3,35.4,103.8,21.8,72.6,5.43,1319.1,Pineapple
75.1,48.3,69.1,22.6,65.4,7.05,707.1,Pumpkin
89.2,20.8,54.9,40.9,48,6.5,698,Drumstick
51.4,33.7,39,20.9,30.7,6.53,305.6,Fennel
32.9,42.2,50.4,14.2,53.8,7.64,375.4,Field Pea
49.4,40.5,106.5,16.2,56.9,7.9,859.2,Grapes
57.9,42.9,75,26.1,73,5.6,549.7,Cucumber
74.4,46.7,42.3,21.3,44.4,6.75,599.2,Sunflower
198,83.4,109.4,33.2,72.8,7.8,895.7,Sugarcane
78.9,35.9,32.9,27.3,68.2,5.78,1108.4,Amaranthus
109.8,44.5,68.2,29.6,71.4,7.15,970.8,Mango
62.1,41,57.8,19.4,40.3,7.58,541.7,Pomegranate
78.8,57.1,94.5,27.8,86.2,5.02,3149.4,Rubber
31,49.4,26,20.2,65.5,7.1,375.5,Lentil
16.9,33.4,31.1,36.9,24.7,8.1,273.9,Guar
140.3,73.5,127.2,12.7,72.1,5.43,492.8,Potato
166.3,82.6,76.5,20.7,63,6.7,781.9,Broccoli
44.4,46.6,42,24.9,34.7,6.58,379.4,Castor
40.3,51.1,31.5,15.3,47.7,7.11,425.2,Chickpea
78.6,37.6,100.8,26.6,76.6,5.96,1882.3,Black Pepper
36.3,56.6,19.9,34.6,45.1,7.26,368.3,Cluster Bean
43.2,18.6,59.7,32.7,69,7.28,632.4,Tamarind
98.5,55.4,80.8,9.6,65.1,6.35,636.6,Turnip
75.9,36.6,27.6,32.9,29.9,5.94,417.6,Pearl Millet
77,50.4,91.8,15.8,67.8,6.98,436.6,Turnip
71.4,40.4,40.7,26.5,46.1,6.36,579,Castor
46.3,29.3,30.4,32.4,33.4,6.4,351.6,Pearl Millet
84.1,58.1,48.4,20.4,60.5,6.37,450.6,Radish
83.8,48.1,79.3,18.9,72.8,6.75,597.1,Lettuce
67.8,44.3,23.8,30,33,7.4,338.4,Pearl Millet
86.1,60.6,125.7,28.8,77.5,6.62,1708.5,Taro
33.4,30.2,33.2,26.8,42.9,7.8,566.2,Ashwagandha
79.9,42,63.8,19.6,60.9,5.76,1110.2,Lemon
19.9,47,52.2,31.7,59.8,7.08,520.2,Groundnut
66.2,42.4,85.2,33.6,32,6.38,625.9,Watermelon
100.6,41.1,83,21.7,57.2,6.96,475.2,Watermelon
26.4,48.7,16,18.5,39.6,6.49,470,Gram
82,78,80.5,29.8,91.8,4.9,3059,Rubber
105.6,45.2,81.3,28.4,76.1,5.92,962.2,Mango
29.9,49.8,26.3,27.6,69.1,5.74,325.5,Cowpea
119.5,75.8,126.3,24,60.7,6.53,636.1,Tomato
96.4,48,71.3,29.7,52.9,6.73,1045.8,Mango
101.1,43,31.8,25.2,50.4,7.73,520.4,Bajra
81.7,52.4,73.9,15.7,60,5.95,582.7,Turnip
127.7,49,75.2,22.8,74,6.41,883.4,Broccoli
63,48.9,29.2,15,45.5,6.41,318.7,Mustard
85.6,50.1,50.8,28.6,72,7.64,768.1,Okra
17.4,29.2,38.9,29,56.4,6.53,485.2,Horse Gram
155.8,82.1,134,23.3,74.3,7.48,1355.4,Sugarcane
74.4,34.5,92.5,31.2,70.5,6.05,1980,Betel Nut
67.7,37.7,38.7,33,57,7.38,683.6,Jowar
50.1,27.2,51.3,28,25.9,8.43,508.1,Ber
63.8,34.6,64.7,23.8,47.1,6.45,477.3,Muskmelon
84.2,45.7,35.9,30.6,64.6,6.09,994.9,Amaranthus
46.7,32.7,51.8,34.8,59.8,6.13,1023.1,Curry Leaf
27.8,36.5,24.1,17,42.2,6.45,290.2,Fenugreek
47.7,43,56.3,25.7,71.7,6.41,981.3,Ash Gourd
53.9,42.5,69.5,20.8,73.7,6.45,753,Snake Gourd
82.2,53.1,49.7,13.2,68.2,7.67,361.4,Spinach
122.5,72.9,140.4,37,66.6,6.81,1091.8,Papaya
97.9,50.7,34,36.7,52.5,6.86,872.9,Cotton
105.2,57.7,64.5,14.9,73,7.94,567.7,Cabbage
60.2,14.5,40.4,31.3,60.3,7.32,624.4,Ragi
94.2,61,50.3,12.3,57,7.67,555,Wheat
79.5,30.4,73.7,21.3,64.7,6.16,1503.2,Guava
103.2,49,101.4,34.4,73.7,6.72,1508.3,Ginger
144.9,48.2,57.1,23.4,68.8,7.34,886.6,Mentha
65.8,36.7,90.6,28.4,42.9,6.76,606.2,Watermelon
26.9,46.1,25.5,29.9,57.9,6.89,741.2,Pigeon Pea
56.5,26,20.1,15.5,42.5,6.95,471.8,Fennel
41.1,25,24.9,30.8,45.4,6.42,474.4,Safflower
201.6,87.2,88.7,21.8,68,7.29,1243.6,Sugarcane
119.2,33.9,41.8,34.8,57.5,5.95,1015.7,Cotton
75.1,40.1,55.1,31,61,5.92,876.6,Lemon
68.8,33,59.3,28,84.2,6.29,678.5,Rice
116,51.9,172,23,85.6,6.23,1394.1,Coffee
51.9,38.3,58.3,35.6,72.6,6.08,893.2,Curry Leaf
28.5,55.8,47.5,9.4,46.2,6.74,431,Field Pea
23.8,48.3,39.3,16.8,58.6,6.73,502.5,Pea
87.9,61.3,134.4,23.3,83.4,6.4,2039.7,Taro
86.1,50.4,59.5,27.6,52.3,6.35,945.8,Chilli
33.2,47,33.8,28.4,68.4,7.21,527.3,Mung Bean
46.1,29.6,33.1,27,30.4,5.69,415,Safflower
170.4,69.8,90,21.8,76.2,6.52,716.4,Broccoli
85.8,51.2,52.5,24.2,47.5,6.75,473.1,Sunflower
78.4,79.3,123,25,87.9,6.32,2045.5,Taro
45.9,42.9,27.3,30.5,48.9,6.96,609.7,Sesame
96.2,48.5,37.8,27.4,56.8,7.07,350.5,Sorghum
89.1,41,42.2,18.8,45.1,6.81,513.4,Garlic
89.3,34.5,103.8,27.2,81,5.72,1945.6,Black Pepper
30.6,54.6,51.9,32.6,64.7,5.36,590.3,Groundnut
119.3,83.2,108.8,26.2,86.4,7.56,2210.7,Jackfruit
114.5,56.9,52.2,34.1,80,7.23,1435.5,Paddy
33.9,22.3,20.5,21.2,31.2,7.07,265.4,Coriander
69.1,49.2,72.6,25.5,67.3,6.12,516.3,Cucumber
106.7,47,74.5,34.6,61.6,6.8,765.7,Bitter Gourd
55.6,36.2,30.6,29.2,59.1,6.23,604.1,Niger
71.9,42.5,43.2,33.1,81.9,6.81,742.3,Okra
148.2,93,106.9,15.2,72.6,6.4,448.7,Potato
45,31.5,58,34.5,79,6.14,900,Curry Leaf
96.6,50.8,140.6,26.5,79.6,6.09,1786.8,Jackfruit
88.5,51.7,63.9,27.3,72.7,6.37,690.6,Brinjal
69.2,55.5,40.5,30.7,64.7,6.67,766.3,Ridge Gourd
205.1,69.3,100.8,31.1,79.3,6.18,1397.5,Sugarcane
114,44.1,142.7,23.5,69.3,5.99,1008.7,Tobacco
116,50.2,46.9,27.6,75.7,5.78,1271.3,Paddy
122.4,54.1,53.9,14.7,46.7,7.63,475.3,Wheat
72.6,40.7,40.7,21.5,65.7,5.78,530.6,Radish
124.9,60.4,84.3,25.4,67.1,5.82,844.9,Tomato
29.9,57.3,30.4,34.1,54.7,7.57,376.7,Cluster Bean
82.8,49.2,79.9,33.6,71,7.05,943.9,Mango
33.7,30.8,29.7,24.1,26.8,6.97,265.2,Fennel
188.6,60.8,207.3,33.3,72.9,7.26,1089.9,Banana
92.4,45.2,53.2,17.2,65.3,6.54,613.6,Radish
25.8,42.9,30.5,22.5,64,6.65,376.8,Blackgram
88.4,26.1,37.3,28.9,85.3,7.64,1932.2,Jute
73.3,58.4,153,25.5,57.8,6.22,1069.2,Tobacco
33.8,56.1,23.6,38.4,50.8,7.85,519,Cluster Bean
54.2,48.9,69.5,28.3,68.3,6.8,1107.3,Snake Gourd
68.2,52.3,85.5,15.4,62.3,6.46,482.2,Turnip
78.4,44.2,55.8,32.6,68.1,6.68,791.7,Okra
52.8,33.7,23.8,29,50.1,6.15,481.1,Sesame
25.2,48.8,44,9.8,62.9,6.56,351.9,Field Pea
58.8,28.6,74.5,30.7,60.2,7.71,1061,Amla
27.1,55,34.5,32,63.2,6.45,650.4,Greengram
17.9,33.5,18.8,34.9,34.4,7.83,244,Moth Bean
38,40.9,26.8,34.7,49.7,6.68,726.7,Pigeon Pea
72.2,31.3,74.1,29.9,73.8,7.32,2097.8,Betel Nut
47.7,32.5,34.8,9.6,43,6.34,330.4,Linseed
127.9,38.8,42.1,29.6,65.4,7.13,957.2,Mentha
91.5,57.4,88.9,21.2,70.2,6.56,549.1,Cabbage
28.7,30,20.7,19.6,18.4,7.2,383.4,Coriander
86.6,41.7,68.8,21.8,62.7,6.41,890,Chilli
61.9,40.8,108.7,24.9,67.8,6.57,1415.8,Guava
54.2,27.6,52.8,34.4,46.7,7.5,649.5,Drumstick
25.5,49.9,32,34.3,55.1,7.35,450,Cluster Bean
81.4,42.8,50,32,40.4,6.58,759.7,Jowar
25.3,41.2,26.4,32.1,64.3,7.21,701.2,Arhar Dal
103.1,47.7,135.4,22.4,60.3,5.7,902.2,Tobacco
73.4,54,182.8,29.7,88.5,4.78,1539.6,Coconut
99.1,57.6,89.4,27.2,41.2,7.3,834.4,Mango
78.3,75.6,87.3,31,78.3,4.97,3148.3,Rubber
62.6,43.9,62.5,24.6,48.1,6.3,348.3,Pomegranate
26,40.7,30,30.7,59.1,6.68,515.6,Cowpea
22.2,30.8,31.3,28.7,34.7,7.56,475.7,Ashwagandha
78.8,44.6,67.5,28,62.1,6.82,781,Bottle Gourd
31.1,50.6,21.7,31.3,53.4,6.9,592.8,Urad Dal
56.1,36.3,40.6,25.2,56.7,6.79,614.4,Ragi
86.6,54,65.9,27.1,63,6.97,627.9,Bitter Gourd
134.4,53.1,92.9,29.3,63.6,6.37,1293.7,Orange
181.7,66.6,117.9,34,76.5,7.62,1410.6,Sugarcane
39.5,31.3,24.1,26,51.4,6.7,575.4,Niger
30.2,69.8,56.8,27.9,48.9,6.35,509.2,Soybean
12.6,25.1,27.2,25.3,33.4,7.04,238.5,Moth Bean
33.9,46.9,39.2,31.4,62.5,6.67,734.4,Mung Bean
47.2,25.3,59.8,23.2,37.6,8.27,446.5,Ber
26.8,49.8,52.6,31.2,63.2,6.26,830.4,Groundnut
29.9,56.1,29.5,34.8,56,6.03,827.7,Arhar Dal
120.8,49.3,55.2,31.7,87.9,6.55,1313.4,Paddy
22.7,34.3,30.4,21.7,29.7,7.69,614.7,Ashwagandha
62.3,41.3,47.2,22,42.6,7.78,825.2,Amla
51.3,32.6,39.2,30.3,54.3,8.2,873.4,Tamarind
29.7,42.5,31,12.7,49,7.18,331.3,Lentil
36.6,49.7,30.7,29.6,47.4,6.5,706.3,Pigeon Pea
167.2,56,192,25.9,73.3,7.16,1115.5,Banana
123.3,42.8,64.4,26,59.2,6.92,808.4,Bottle Gourd
121.8,47.9,61.8,25.9,79.2,6.57,1080.4,Rice
45,32.6,25.1,26.3,41,6.47,711.2,Niger
78.9,49.1,85.9,22.2,55.5,7.39,652.1,Carrot
61.1,36.7,35.2,10.6,47,6.25,320.3,Linseed
33.3,56.3,27.9,31.3,55.6,6.62,793.7,Arhar Dal
22,25,21.2,24.9,45.9,7.59,695,Ashwagandha
40.4,53.9,31.9,35.3,50.9,7.76,408.2,Cluster Bean
151.4,53.3,99.8,28.6,75.2,5.06,2208.1,Tea
31.3,47.9,25.6,21.8,42.8,6.45,374.9,Gram
77.1,50.2,49.4,32.5,69.8,6.64,803.9,Bitter Gourd
82.4,57,34.5,26.5,91.3,6.11,2204.5,Rice
56.9,34.2,63.2,26.1,71.5,7.72,973.8,Ash Gourd
21.4,23,19.6,35.2,21.7,7.08,265.1,Moth Bean
125.5,46.8,71.4,23.6,60.3,6.53,726.8,Onion
111.7,52,90.8,26.7,52.9,5.71,657,Tobacco
71.9,32.3,41.8,25.7,73.3,6.88,1951.8,Jute
20,25.6,36.2,38.4,33.2,7.88,485.4,Guar
35.2,52.3,26.7,30.1,59.5,6.8,505.4,Mung Bean
76.3,47.8,46.5,27,64,6.69,920.9,Amaranthus
30.5,40.9,31,37.3,48.1,7.51,451.9,Cluster Bean
66.5,21.3,37,32.6,56.3,7.52,1027.3,Drumstick
99.2,37.9,109.9,31.9,55.7,6.08,931.3,Tobacco
60.2,35.7,77.7,23.1,57.9,7.66,935,Amla
23.4,40.4,47.7,20.1,65.2,6.92,386.6,Field Pea
61.8,32,71.9,24,87.3,4.84,2236.6,Cardamom
71.7,44,71.8,26.7,65.9,6.32,650.9,Pumpkin
30.2,35.1,28.1,25.6,41.4,8.37,714.2,Ashwagandha
47.9,31.7,73.5,30.2,75.3,7.67,1054.3,Tamarind
118.7,71.1,123.3,30.7,64.1,6.65,1300.3,Papaya
30.1,40.3,30.4,21.6,50.2,7,335.3,Chickpea
102.7,30,105.3,19.6,77.8,4.57,1919.7,Tea
179.2,69.4,68.5,19.7,74.8,6.06,722.9,Broccoli
151.2,44.5,159.8,17.6,79.8,5.27,1763,Coffee
40.9,49.4,20,22,50.4,7.07,346.3,Lentil
72.7,62.9,98.2,29.6,80.1,4.43,2629.2,Rubber
58.5,46.4,65.1,27.9,69.1,6.19,719.9,Ash Gourd
21.2,23.3,39.3,25.9,40.7,7.35,593.8,Ashwagandha
59.2,36.5,79.3,25.9,66.1,6.89,746.6,Pumpkin
49.5,43.2,29.6,20.4,39.5,6.55,371.6,Chickpea
199.1,58.8,206.3,33.9,84.4,6.48,915.3,Banana
97.3,52.3,82,26,64.6,5.91,537.9,Onion
92.8,43.6,51.3,35.6,66.7,6.96,952.7,Cotton
63.3,45.1,35.6,35.8,29.6,7.85,408.9,Castor
69.6,36.4,77.1,27.1,64.1,7.21,822.4,Pumpkin
29.9,47.3,25.2,30.2,49.7,7.21,302.6,Mung Bean
52.8,39.2,86.6,24.9,80.7,5.86,2227.6,Cardamom
68.8,46.4,62,21.6,65.2,5.88,1013.5,Lemon
50,41.4,40.4,29.4,40,7.57,482.2,Castor
51.2,27.4,105.6,26.6,69.1,6.95,2161.2,Clove
52,18.7,31.6,20.8,28.6,7.02,341.1,Coriander
109.6,51.1,153.1,25.3,78.3,5.95,1915,Coffee
89.7,50.5,56.4,28.1,67.5,6.73,861.9,Okra
36.9,45.9,29.9,36.3,59.6,6.77,820.9,Cowpea
66.3,34.2,50.3,19.5,60.1,6.56,594,Radish
90.2,41.4,45.1,11.7,62.6,6.33,532.1,Radish
69.1,39.3,41.3,25.6,27.6,6.94,403.6,Castor
97,35.7,53.1,32.4,68.7,6.14,760.7,Chilli
30.4,21.4,30.5,19.2,47,7.96,598.8,Ashwagandha
73.7,44.7,42.1,13.6,57,7.22,451.3,Spinach
93.2,88.8,79.6,31.3,84.8,4.87,2579.3,Rubber
86.9,41.9,100.3,13.6,63.4,6.93,444.7,Carrot
105.1,51.4,109.4,28.3,71.3,6.33,1708.2,Ginger
120.3,74,122.9,32.2,70.8,6.04,932.4,Papaya
70,37,39.7,25.3,69.9,6.14,820.5,Amaranthus
63.8,55.1,155.5,31.5,89.9,6.06,1085.9,Coconut
62.6,36.2,44.3,28.5,75.7,6.67,535,Jowar
92.1,44.7,45.1,25.7,55.3,6.34,587.5,Sunflower
50.5,33.5,14.6,21,50.8,6.93,558,Ragi
110.5,47.8,101.6,26.5,79.1,4.51,1954.1,Tea
47.6,18.2,53.1,31.3,60,6.74,862.8,Tamarind
88.3,28,45.4,21.9,72.5,6.28,821.1,Amaranthus
70.4,38.9,79.6,30.3,61.6,7.33,690.3,Muskmelon
93.3,49.5,97.8,26.2,85.9,6.91,1526,Ginger
73.8,41.2,31.6,31.7,53.9,7.04,463.2,Bajra
120.8,56.4,38.8,20.5,67.4,7.41,475.5,Wheat
50.1,41.9,63.8,22.7,71.3,6.29,834.6,Snake Gourd
32.9,62.1,45.9,29.4,55.7,6.84,808.2,Soybean
74.7,32.1,85.9,27.2,49.9,6.02,507.7,Watermelon
123.4,68.5,105.9,25.5,62.5,6.59,769,Tomato
135.9,53.4,46,30.7,77.7,7.11,770.9,Mentha
117.6,56.2,98.8,31.1,87.3,5.05,1859.2,Tea
36.7,19.3,22.9,28.6,38.1,6.79,939.4,Ashwagandha
6.5,25,30.9,30.5,28.6,8.05,437.5,Guar
74.8,44.8,46.1,26.3,52.3,6.63,675,Jowar
90.2,48.8,42.4,11.6,60.4,6.58,518.4,Spinach
21.3,26.8,28.4,29.4,42.9,7.37,300.3,Guar
130.1,73,48.9,22.4,73.9,6.1,918.4,Maize
41.7,16.2,28.5,24.6,26.3,7.57,295.1,Coriander
37.4,60.8,21.7,22.4,48.8,7.86,418.9,Chickpea
91.6,63.4,94.2,19.8,61.6,5.82,474.3,Turnip
24,53.4,26.1,31.5,67.4,7.65,646.6,Greengram
33.1,45.3,30.4,27.4,68.4,7.14,722.6,Blackgram
87.3,53.7,133,19.6,59.5,5.91,712.3,Tobacco
121.7,49.2,57.9,29.9,66.7,7.02,864.6,Cotton
83,28.1,122.2,34.2,75.4,4.43,1727.3,Pineapple
27.3,50.6,33.6,23.7,57.8,6.32,681.7,Arhar Dal
102.1,48.6,128.6,23.7,61.5,6.14,871,Tobacco
170.7,68.6,89.9,17.9,74.9,6.51,726.9,Broccoli
14.2,42.1,26.5,30.5,24.2,7.52,436,Guar
43.9,38.1,37.4,29,45.8,6.59,375.6,Castor
142.8,45.1,57.3,32.6,71.7,7.53,846.3,Mentha
42.3,53,42.8,16.5,58.5,6.86,338.4,Field Pea
43.2,29.9,25.1,22.5,40.1,6.66,475.2,Safflower
37.7,22.6,27.7,11.2,35.8,7.34,264.3,Fenugreek
92.5,51.7,52.5,31,64.7,6.43,796.5,Cotton
108.1,60.3,78.7,17.6,59.5,7.07,584.9,Cauliflower
142.9,82.1,109.4,12.9,69.5,6.68,479.6,Potato
73.5,61.9,90.9,33.2,92.9,4.54,2912.8,Rubber
40.9,29.6,25.9,20.5,43.8,6.34,427.1,Linseed
55.4,27.2,34.1,21.3,24.8,6.48,189.7,Fennel
25.6,45.9,43,18.8,35.8,7,253,Coriander
136.2,55.8,96.3,31.1,75.8,5.09,1916.3,Tea
143.3,72.3,120.6,23.5,71.9,7.97,1312.2,Sugarcane
90.8,55.9,113.4,26.2,76.7,6.16,2414,Taro
109.7,44.4,98.6,25.7,68.2,4.35,1970.2,Tea
54.5,30.5,34.1,16.3,27.9,6.87,327.5,Fennel
54.6,41.1,73.9,31,51.5,6.15,530.9,Pomegranate
59.2,30.8,27.6,19.8,33.4,7.22,308.8,Mustard
77.4,56.3,182.9,28.7,86,7.33,1533.9,Coconut
114.2,53.6,99.3,26.6,69,6.1,1153,Litchi
76.8,44.2,75.8,31.2,46.2,6.84,527.3,Muskmelon
126.1,43.2,50.1,28.4,81.4,6.12,1205.5,Paddy
73.3,30.3,33.9,29.5,44,8.07,230.2,Pearl Millet
33.1,50.2,31.5,37.3,50.1,7.71,431.7,Cluster Bean
132.6,57.2,119,29,64.8,7.33,1573.2,Sugarcane
74.5,50.7,62.8,26.8,77.4,7.28,741.3,Ridge Gourd
38.8,43.1,48.7,33.6,68,5.74,553.5,Groundnut
103.6,50.6,62.4,23.8,59.1,7.1,694.9,Onion
68.4,58.2,69.3,18.8,61.5,6.91,538.4,Carrot
98.8,41.9,36.7,27,71.1,6.06,907,Amaranthus
44.9,28.6,115.8,25.8,80.1,5.89,836.8,Pineapple
63.5,64.2,63.4,30,91,4.87,2933.5,Rubber
81.2,49.3,86.1,21.4,50.4,6.3,544.8,Garlic
22.3,50.2,17.9,28.3,51.5,6.98,873.1,Arhar Dal
24.9,32.9,33.4,20.9,52.8,6.44,348.9,Fenugreek
187.9,83.5,122.2,23.1,70.5,7.37,1434.9,Sugarcane
23.7,50.5,51.9,10.7,68,6.36,377.3,Pea
24.1,30.5,17.6,35.5,26.7,8.17,281.7,Moth Bean
46.1,29,25.6,23.4,38.6,7.65,360.1,Cumin
77.6,36.9,70.8,28.3,46.9,7.51,517.3,Muskmelon
79.3,57.2,77,30.2,73.8,6.42,824.7,Chilli
37.3,45.2,46.4,22.4,60.9,5.86,447.9,Pea
84.2,57.4,73.6,25.1,72.9,5.96,539.6,Cucumber
79.2,46.2,67.5,32.6,63.3,6.96,710.5,Okra
60.3,27,29.3,36.3,38.4,7.48,371.8,Pearl Millet
73.2,41,78.7,30,39.3,5.9,577.9,Muskmelon
72.8,39.9,60.9,19.5,56.1,5.94,913.4,Lemon
96.2,45.7,46.6,22.5,63.4,6.6,592,Lettuce
71.2,41.4,131.7,30.1,83.1,7.64,1337.7,Coconut
63.1,41.4,101.9,23,86.5,5.66,2050.4,Cardamom
31.3,58.6,38.3,37.8,61.4,6.79,724,Arhar Dal
58.4,31,83.4,27.6,80.8,5.72,1730.4,Pineapple
16.5,27.4,22.1,26.4,34,7.84,268.4,Moth Bean
28.8,58,35.3,29.3,58.8,6.91,838.4,Cowpea
51.5,51.8,175.9,29.2,74.4,6.31,1270.4,Coconut
35.3,51.4,32.6,19.6,43.8,6.25,308.8,Lentil
70.7,39.5,36.3,28.5,64.8,6.23,757.9,Amaranthus
72.9,55.8,121.7,17.5,59.8,6.59,549.9,Beetroot
76,38.1,61.3,28.6,56.8,7.27,693.7,Drumstick
46.5,44.9,29.8,33.3,71.4,7.23,761.9,Urad Dal
87.9,54.5,53.7,25,54.5,6.47,495.9,Sunflower
102.9,53.1,87.8,15.9,58.4,6.24,589.2,Cabbage
132.4,51.3,43.6,33.7,74.4,7.24,1024.5,Mentha
80.2,27.5,30.8,26.8,39.2,7.03,599.9,Jowar
103.2,48.7,92.8,23.3,57.1,5.83,900.4,Tobacco
53.7,36.4,25.5,29.2,37.7,6.63,142.9,Ber
83.1,50.2,94.3,12.7,63.5,7.08,568.6,Carrot
141.3,61.9,74.7,21,72.4,6.57,638.1,Broccoli
86.7,66.5,74.2,24.7,86.7,5.29,3215.2,Rubber
81,46.9,104.6,27.5,80.8,7.02,2049,Ginger
84.5,53.5,95.9,31.1,79.4,6.42,1677.6,Turmeric
61.9,37.9,44.9,27.7,47.4,7.77,487.2,Sunflower
20.6,54.9,52,12,59.4,6.06,462.8,Pea
66.7,54.5,40.1,28.9,45.4,6.55,716,Sunflower
113.7,67.2,102.6,35.3,69.9,6.69,2504.8,Jackfruit
54.9,21.5,22.5,17.4,31.6,6.93,381.3,Coriander
69.8,33.3,81.8,28.9,68.3,7.85,603.3,Watermelon
178.6,73.2,74.5,19.7,73.8,6.24,764.3,Broccoli
54,35.8,102.2,27.5,90.3,4.6,1297.9,Pineapple
38.7,35.2,27.8,32,55.1,7.07,540.7,Sesame
79.8,45.9,88.8,30.8,84.7,5.4,2111.7,Black Pepper
108.6,72.3,105.8,20.7,48.8,5.99,944.3,Tomato
72.9,32.7,44.8,28,51.6,7.17,841.6,Amla
86.1,47.3,86.4,31.1,77.1,6.65,1305.2,Litchi
138.7,93.2,76.5,23.4,73.7,5.85,752,Potato
36.7,55.2,27.7,34.6,56.4,6.06,547.1,Pigeon Pea
88.6,57.6,29.3,25.2,60.1,6.54,586.9,Sorghum
40,43.9,23,25.7,67.3,6.7,789.5,Urad Dal
45.7,50.9,161.3,23.2,75.7,5.23,888.7,Sweet Potato
99.6,45.8,67.6,26.3,62.4,5.93,637.5,Brinjal
53.8,41.6,111.5,24.6,62.6,5.67,982.7,Sweet Potato
103.9,59.7,121.4,28.4,57,5.85,1052.6,Tobacco
98.1,68.9,140.3,23.1,86.3,6.5,1295.6,Taro
78.6,34.1,84.7,32.4,76.8,7.37,1657.3,Jackfruit
92,72.3,128.4,25.5,78,5.89,1898.6,Jackfruit
128.9,64.7,80.7,25.2,63.8,6.83,1366.2,Orange
63.7,36.6,43.9,24.8,33.4,7.18,438.5,Castor
70.2,49.5,32,25.2,64.7,6.84,358.9,Sorghum
137.2,73.9,109.1,26.5,58.8,6.85,1113.1,Papaya
122.6,58.2,90,38.4,72,6.5,1259.9,Litchi
33.3,39.8,25.4,26.9,59.3,6.39,556.6,Mung Bean
60.2,48,78.4,22.5,84.3,6.28,1719.3,Cardamom
69.7,48.4,60.1,27.1,59.2,7.18,915.3,Capsicum
31.8,48.9,41.7,17.2,58.6,7.25,352.9,Chickpea
38.3,53.6,40.3,23.7,43.6,7.37,433,Gram
84.5,29.6,47,25.1,63.7,6.36,611,Sunflower
23.1,31.6,19.6,24,44,7.56,614,Ashwagandha
73.9,43.1,113.4,31.3,56.3,7.04,808.8,Grapes
85.9,47.8,72,24.4,50.5,6.49,700.1,Watermelon
79.9,55.6,55.5,28.6,70.3,6.75,778.9,Okra
77.1,54.2,78.4,28.4,55,6.64,612,Onion
67.7,34.1,23.4,10.8,43.9,6.33,288.5,Barley
40.8,47.9,42.7,24.6,45.1,6.74,760,Pigeon Pea
38.2,48.4,63.8,31.3,57.1,5.91,688.5,Groundnut
61.7,46.1,54.1,19.4,64,6.2,471.3,Radish
35.3,26.8,30.5,22.5,45.6,8.06,728,Ashwagandha
74.9,42.5,77.5,29.6,62,7.89,622.2,Muskmelon
79.6,53.3,160.6,24.6,75.4,6.15,1656,Taro
79.4,27.4,95.6,30.5,69.4,5.59,2352.8,Pineapple
194.8,75.3,86.4,30.1,55.9,6.13,1408.2,Sugarcane
83.4,59.3,53.5,27.5,59.4,6.56,627.6,Cotton
17.5,29.1,18.7,29,37,7.71,284.6,Moth Bean
27.1,45.5,58.2,16.1,70.7,6.95,409.5,Field Pea
58.1,40.1,31.8,32.4,52.8,6.56,357.7,Pearl Millet
27.7,45.1,33.9,25.9,42,7.59,444.7,Cluster Bean
23.4,32.7,30.9,36.9,45.4,7.74,252,Guar
73.3,26.3,62.5,25.4,76.6,6.27,2319.3,Clove
90.7,35.5,36.9,32.8,48.9,6.06,393.8,Bajra
63.1,20.2,98.9,31,84.9,5.29,1378.6,Pineapple
91.3,54.7,68.4,18,77.9,6.6,431.2,Lettuce
54.9,37.1,19.5,22.9,34.9,7.07,445.9,Safflower
107,65.9,40.5,25,65.7,5.77,1245.6,Maize
106.2,40.4,31.5,36.6,39.1,7.13,477.8,Bajra
135.3,46.1,48.5,39.3,72,7.17,958.8,Mentha
103.2,60.1,109.6,22.6,58.8,5.49,647.5,Tomato
168,48.4,226.8,33.9,78.7,6.41,1712,Banana
91.4,38.2,111.9,29.1,77.2,6.38,2025.4,Betel Nut
79.6,48.2,77.4,26.9,71.9,6.26,1385.8,Ginger
28.5,48.2,37.8,28.5,57.9,6.06,849.1,Blackgram
32.3,62.3,33,38.6,59.8,6.63,695,Cowpea
52.3,46.1,51.5,30.7,61.3,6.45,722.3,Ash Gourd
47.4,30.7,82.5,25.8,67.4,5.86,2309,Clove
99,44.6,77.2,32.9,78.3,6.24,1960.2,Ginger
55.3,28.8,35.1,19.4,40.3,6.85,321.7,Linseed
77.4,44.1,174.1,32,77.8,6.29,1227.7,Coconut
32.6,44.8,37,24.6,55.5,6.79,506.2,Mung Bean
65.2,48.1,47.5,31.3,54.8,7.1,526,Amaranthus
83.4,31.9,36.8,7,36.4,7.62,395.7,Barley
53.6,32.5,84.2,24.1,85.1,5.43,1671.9,Cardamom
138,51.9,137.4,22.7,79.5,5.87,1904.4,Coffee
29.3,53.7,33.7,28.7,60.3,6.26,590.5,Mung Bean
80.4,42.2,76,26.3,71.9,6.25,647.9,Brinjal
58.1,50.2,85,27.3,58.4,6.38,769.1,Capsicum
97.3,72,70.7,25.6,63.3,6.31,1301.3,Orange
126.9,43.4,65.5,13.7,69.4,6.96,485,Cauliflower
36.3,57.7,39,19.1,49,7.17,485.5,Pea
20.1,50.9,37.8,16.1,60.9,7.04,418.6,Field Pea
47.1,38.6,29.6,16.4,46.2,7.26,250.4,Fennel
96.7,31.7,59.9,9.6,69.8,6.02,475.6,Radish
23.1,29,35.6,30.6,57.5,7.58,319.5,Guar
69.1,63.8,72.5,32.3,87.5,5.52,2919.6,Rubber
62.9,31.1,29,37.1,33.8,6.87,423.3,Pearl Millet
112.5,64.3,119.3,30.7,68.6,6.82,1846.1,Taro
89.9,51.2,53.3,31.2,62.4,6.46,852.5,Ridge Gourd
82.7,46.4,44.1,30.1,65.5,6.83,687.6,Chilli
75.2,31.7,92.2,29.7,83.4,5.65,1952,Betel Nut
75.8,42.2,85.4,28,76.9,6.84,1583.1,Guava
69.2,44.4,27.2,18.3,54.2,6.51,911.2,Mustard
62.8,21.7,26.7,23.3,62,7.11,698.2,Ragi
104.9,43.7,89,21.3,72,7.03,419.6,Cabbage
104.2,57.8,40.9,16.6,60.2,7.52,447.1,Wheat
21.1,50.3,22.7,33.6,58.5,6.44,589.7,Pigeon Pea
38.8,68.5,45.6,19.4,62,6.95,888,Soybean
82.4,42.2,107.9,28,76.7,6.23,1871.3,Betel Nut
31.6,41,33,37.9,45.4,7.66,492.5,Cluster Bean
52.2,19.9,54.6,29.7,58,7.16,884.6,Amla
37.2,66.3,56.5,22.8,68,6.53,849.8,Soybean
108.2,37.4,108.9,28.8,62.8,6.49,1228.1,Orange
116.4,74.4,98.5,24.9,69.5,7.3,913.7,Tomato
38.1,48.6,28.5,32.9,61.8,6.44,707.4,Greengram
73.4,43.1,86.7,41.1,60.6,6.66,1496.7,Guava
94.4,44.7,26.2,7.9,43.8,6.83,336.6,Barley
52.9,47.7,33.8,30.2,66.4,6.44,855.3,Pigeon Pea
60.1,38.2,97.8,23.2,82.5,5.93,1737.1,Black Pepper
91.3,58.2,72.7,23.8,65.7,6.54,658.8,Onion
36.2,83.6,41.6,26.2,60.9,6.43,889.6,Soybean
99.9,44.8,54.8,30.5,85,5.26,1730.3,Rice
117.7,70.1,93.5,20.5,64.6,5.51,869.3,Tomato
92.2,39.4,109.9,19.4,89.3,4.91,2019.9,Black Pepper
73.1,41.8,83,33.6,54.5,6.61,676.5,Watermelon
72.3,38.8,89.8,32.3,53.9,6.58,436.9,Muskmelon
77.1,34.4,35.5,30.7,80.1,7.7,1452.4,Jute
99,50.6,71.4,29.8,70.3,6.28,673.1,Brinjal
38.7,52.8,32.7,31.6,67,5.93,352.3,Cowpea
90.7,51.2,70.6,18.5,71.2,6.8,409.5,Lettuce
95.8,50.8,92.3,33,80.8,6.47,1823.6,Ginger
112.6,62.4,52.3,15.8,47,7.05,502.9,Wheat
104.7,57.2,91.9,12.1,66.4,6.83,580.5,Cauliflower
105.7,41,79.6,15.6,51,7.33,707.1,Onion
35.6,72.7,48.1,26.4,69.4,5.93,854.2,Soybean
107.2,53.1,73.8,27,63.3,6.73,709.9,Bitter Gourd
92.3,49.6,105.3,29,71.7,6.34,1510.5,Ginger
131.2,49.1,48.6,23.5,39.6,7.35,648.7,Wheat
58.9,39,40.7,21.8,34.8,7.73,177.1,Cumin
34.7,30.4,30.3,35.3,51.6,5.73,439.7,Horse Gram
33.7,51.3,26.9,31.3,63.1,6.49,654.7,Urad Dal
35.2,24.7,25.7,26.1,55.6,6.67,804.7,Niger
42.6,32.2,36,23.4,45.3,7.16,447.6,Coriander
130.3,57.4,52.1,16.1,46.2,6.89,586.6,Wheat
94.5,55.1,64.9,15.2,73.3,7.03,497.6,Cauliflower
74.5,41.2,100,30.8,80.8,7.16,1879,Betel Nut
120.3,68.5,129.4,26.5,68.2,6.14,1135.3,Papaya
30,31.5,38.6,19.1,42.2,6.52,362.8,Fenugreek
107.8,66.6,100.8,26.3,75,6.12,1714.6,Jackfruit
84.1,53.7,101.3,36.4,68.7,6.06,873.3,Turmeric
73.9,29.5,50.1,28,79.2,6,1454.5,Jute
74,38.8,28.4,22.5,49.8,7.31,810.4,Mustard
108.2,49.3,91.5,25.9,56.7,6.53,664.9,Onion
14.7,32.1,35.5,31.9,45.2,7,474.6,Horse Gram
31.3,50.6,29.3,35.1,51,8.29,522.7,Cluster Bean
74.2,44.5,40.4,24,79.6,6.75,623.8,Okra
49.7,35.2,65.3,27.4,40.1,6.33,605.7,Pomegranate
102.4,46.4,68.1,33,80.4,6.66,811.2,Ridge Gourd
80.7,56.5,89.9,18.2,58.8,6.32,571.6,Turnip
111.3,57.1,103.4,32.1,75.7,6.01,1697.2,Ginger
120,52.8,60.8,27.6,85.5,6.52,1272.8,Paddy
75.4,34.8,56.7,30.6,51.8,6.8,488.4,Pomegranate
104.9,54.4,69.8,27.2,65.8,6.27,535.8,Bitter Gourd
79.8,46.3,30.7,25.9,62.4,6.23,568.2,Amaranthus
161.7,53.8,193,34.4,75.3,6.91,2103.7,Banana
122.3,69,104.8,27.8,66.2,6.45,513.8,Tomato
61.1,24.3,55.9,26.7,68.9,7.17,919.5,Tamarind
31.5,56.8,28.2,26.7,42.9,6.88,1029.8,Pigeon Pea
85.2,29.2,32.7,38.2,45.8,6.15,430.5,Bajra
31.4,52.5,52.8,26.1,61,6.19,541.8,Groundnut
64.7,44.4,60.6,17.4,53.3,6.71,631,Garlic
46.9,29.1,26.2,18.9,38.2,7.44,272.6,Fennel
174.2,78.3,96,11.3,65.3,6.62,710.7,Potato
36.4,44.5,86.3,27.1,80.3,6.43,1721.3,Cardamom
113.6,46.3,102.6,17.5,87.8,5.5,1873.1,Tea
63.2,71.1,101.5,18.7,53.6,6.11,732.3,Beetroot
66.9,39.7,40.1,20.1,61,6.13,381.1,Spinach
70.7,42.6,41.3,18.9,68.8,7.41,509.2,Spinach
19.6,62.4,47.9,21.4,72.5,6.28,317.4,Field Pea
34.7,7.7,32.2,18.7,47,6.51,267.9,Fenugreek
77.9,37.4,36.2,11.6,56.9,6.94,871,Mustard
84.2,50.3,92.5,27.2,67.5,5.78,1282,Turmeric
62,36.8,73.6,22.8,60.2,7.06,1185.7,Tamarind
22.5,31,28.2,24.5,29.3,6.98,206.2,Fenugreek
104.8,54.6,82.7,17.5,64,7.01,497.5,Cauliflower
99,53.5,39.5,23.3,50.2,7.18,768,Capsicum
73.2,52.8,137.9,26.8,74.8,5.98,1382.3,Coconut
66.1,19.5,26.5,29.4,53.4,5.38,623.4,Ragi
76.7,46.7,61.6,25.7,73.6,7.05,776.3,Ash Gourd
60.7,47,56.1,21,73.2,6.05,958.6,Snake Gourd
70.1,30,37.8,30.4,61.9,6.32,600.7,Castor
103.3,48.3,87.7,31.2,67.2,6.72,1260.3,Mango
34.2,56.4,38.8,19.6,47.2,6.97,426.7,Lentil
121.9,44.1,97.8,24.8,83.6,4.61,1786.9,Tea
116.3,49.7,49,29.1,85.6,6.59,1391.8,Paddy
53.1,28,77.6,32.3,40.9,6.27,665.1,Drumstick
101.4,62.4,69.2,27.3,89.2,5.19,2950.9,Rubber
101.9,48.1,119.9,32.1,84.4,6.52,2252.1,Jackfruit
25.2,26.8,24.3,28.7,35.5,8.03,356,Moth Bean
68.6,35.3,40.2,20.8,64.1,5.86,913.6,Lemon
53.4,28.6,27.9,24.3,38.4,7.15,435.3,Safflower
51.6,36.8,24.4,14.1,46.9,6.8,278.3,Linseed
80.2,68.3,38.7,24,68.7,7.02,814,Okra
48.6,33,41.5,13.5,23.5,7.63,304.3,Cumin
108.7,70.3,84.9,24,63.3,6.8,839.6,Tomato
45,43.7,24.7,32.2,24.5,7.94,237.9,Pearl Millet
78.1,51.8,64.2,35.4,61.8,7.01,688.7,Bitter Gourd
43,39.9,136.3,23.7,64.8,5.41,597.6,Sweet Potato
73.9,50.2,49.4,32.6,68.5,6.13,664.3,Chilli
83.7,50.7,45.7,27.8,65.8,6.94,481.3,Sorghum
98.9,50.1,91.7,30.5,46.1,7.37,1030.5,Mango
126.2,62.7,89.9,20.5,59.7,6.22,1369.3,Orange
67.6,45.2,52.4,27.1,75.7,6.76,949.5,Snake Gourd
99.1,57,69,28.7,70.2,6.91,1389.9,Litchi
83.2,49.2,85.9,27.6,81.6,6.51,535.9,Cucumber
118.1,77.2,44.6,15.9,86.4,6.16,1087.9,Maize
78.1,37.7,30.6,9.8,28.8,7.01,353.5,Barley
99.1,50.4,92,20.7,69.5,7.75,475.2,Cabbage
129.8,43.9,48.5,20.3,72.8,7.88,1338,Mentha
106.8,53.1,76.8,11.4,69.3,6.78,670.5,Cabbage
111.5,52.8,70.6,31.8,69.8,6.56,831.2,Bottle Gourd
86.1,55.4,62.8,24.9,65.8,6.07,766.6,Capsicum
70,51.8,151,33.6,77.8,6.45,1557,Coconut
56,31.2,28,30.6,47.7,5.61,604.6,Sesame
76.9,44.9,131.7,24.1,84.8,5.48,2035.9,Black Pepper
96.1,48.7,46.4,25.2,76.5,5.92,968,Litchi
34.2,48.8,34,20.7,38,6.97,422.5,Lentil
105.1,52,144.4,23.5,82.5,5.47,2380,Coffee
89.3,49,48.8,21.9,61.8,6.49,466.9,Radish
59.4,36.9,29.4,33.9,28.8,7.46,308.2,Pearl Millet
67.2,41.4,34.1,20.3,65.5,7.7,280.2,Mustard
40.9,52.8,39.7,24.5,54,6.69,460.6,Castor
19.2,33.5,31.1,29.1,58,5.95,365.5,Horse Gram
90.7,57,110.2,21,69.5,5.99,2391.2,Jackfruit
131.7,68.4,135.1,29.2,63.8,6.86,1213,Papaya
107.2,55.3,71,37.2,70.4,5.88,954.2,Mango
101.2,55.6,43.9,16.5,66.5,5.92,476.5,Wheat
31.8,52.6,40.3,30.3,74.5,7,644.7,Urad Dal
99.5,36.1,95.3,22.2,81.5,5.35,2161.3,Black Pepper
38.3,37.2,21.5,16.6,49.7,6.72,355.1,Linseed
135.7,69.8,115.8,33.3,67.8,6.34,1208.3,Papaya
75,34.4,87.1,25.3,89.6,5.58,2244.6,Clove
80.5,40.2,38.6,39.7,67.9,6.48,778.1,Amaranthus
116,48.7,121.7,21.6,82.8,7.16,2168.9,Jackfruit
35.2,50.6,24.9,29.6,55,6.6,576.7,Mung Bean
100.2,51.4,63.8,29.7,62.8,6.66,946.4,Bottle Gourd
86.7,42.8,49.7,26.5,69.1,6.77,843,Ridge Gourd
125.9,53.4,96.7,27.4,84.5,5.86,1541,Ginger
116.2,41,46.8,28.6,76.3,5.83,1463.5,Paddy
25.9,48.2,28.6,28.1,49.3,7.79,333,Chickpea
98.9,75.7,91.8,27.2,61.9,6.99,668.2,Tomato
40.9,25.3,40.7,28.6,32.3,8.39,300.8,Cumin
33.1,30.4,33.1,13.1,32.5,6.29,207.5,Fenugreek
65.8,41.2,56.5,25,74.5,6.95,935.4,Snake Gourd
88,38.8,41.6,31.9,52,5.91,983.2,Amaranthus
119.4,45.5,91.5,19.9,58.1,6.63,1070.7,Orange
93.4,43.1,29.9,13.3,36.2,7.77,360.8,Barley
34.4,35.8,28.4,22,39.4,7.27,268.2,Cumin
22.7,51.6,26.6,29.4,64.5,7.25,629.2,Greengram
73.5,42.8,159.1,30.6,82.3,4.94,1537,Coconut
113.8,58.1,54.8,25.9,71.8,7.09,810.1,Sorghum
101.3,37.6,49.5,31.7,59.3,6.84,910.1,Cotton
71.7,42.7,69.3,12.4,62.4,6.49,468.7,Carrot
91.5,59.9,86.6,13.3,58.3,5.86,533.1,Turnip
52.6,20.7,28.1,15,38.9,7.2,253.3,Cumin
65.2,23.4,110.2,24.8,78.2,5.75,1565,Pineapple
118.9,80.9,88.4,8.7,74,5.38,567.1,Potato
72.2,44.2,109.9,24.9,80,5.86,2108.1,Black Pepper
31.7,45.5,63.5,26.6,52.9,7.3,377.5,Pomegranate
69,47.1,83.6,27.1,55.8,6.45,1576.7,Guava
97.4,37.4,74.2,32.2,66,6.13,622.7,Brinjal
124.2,55.1,104.9,14.1,66.6,7.02,626.5,Onion
93.1,50.9,52.3,24.1,69.3,5.95,1671.3,Rice
64.2,45.8,58.9,25.3,55.2,7.21,469,Sunflower
123.3,41.2,111.7,29.3,82.8,5.15,2306.1,Tea
88.3,56,111.1,29.6,80.6,6.9,1872.1,Ginger
85.5,47.5,85.7,30.5,63.5,6.42,746.5,Watermelon
145.1,67.5,78.4,15.3,69.8,5.8,607.5,Potato
77.9,33.8,40.6,16.8,64.2,6.73,609.3,Radish
54.4,44.2,81.5,28.1,81,6.5,1649.5,Clove
18,31.9,31,35.5,21.4,7.65,390,Guar
73.4,45.6,59.3,23.5,60.4,6.54,776.9,Capsicum
96.6,36.4,98.9,26.9,79,5.26,1882,Black Pepper
102.8,53.5,62.2,27.8,61,6.54,420.3,Rice
66.7,34.3,32.2,24.2,41.7,6.31,384.6,Castor
67.7,51.8,103,34,84.7,5.22,1874.8,Turmeric
53.9,24.2,61.6,33.1,47.9,7.31,948.3,Amla
48.5,33.6,29.3,13.9,38.7,6.59,290.2,Linseed
139.1,68.4,108,30.7,72.9,7.02,1133.1,Papaya
46.5,21.3,17,13.4,37.2,7.81,300.9,Fennel
46.8,37.7,51,19.6,32.2,7.96,383.1,Castor
81.2,43.6,107.9,24,76.9,6.5,866.3,Mango
37.5,29.8,64.7,32.2,50.5,7.39,1155.6,Amla
90,49.9,100.9,24.8,64,6.06,447.3,Cucumber
31.4,37.5,25.7,19.1,48.9,6.24,404.8,Lentil
179.2,68.6,74.2,17,70.5,6.21,656.6,Broccoli
18.2,42.3,15.7,19.8,34.7,7.15,453.6,Chickpea
81.6,59.1,93.2,25.8,83.2,5.62,2659.7,Rubber
118.6,53.5,71.1,30.1,72.7,5.9,821.6,Bottle Gourd
114.5,50.4,47,26.9,73.1,6.34,1316.9,Paddy
100.9,66.8,136.7,31.4,71.3,6.98,1208.5,Papaya
74.3,43.4,90.7,37.5,82,6.57,1984.9,Betel Nut
117.2,76.9,49.6,20.3,70.8,6.05,684.4,Maize
103.7,35.2,46.1,15.5,65.9,7.24,436.9,Spinach
85.2,52.1,63.1,9.6,48.8,6.79,722.2,Onion
34.9,38.7,20.8,15.4,33.3,6.65,184,Fenugreek
94.6,38.5,140.1,28.3,80.7,6.21,1438.7,Coconut
112.7,56.8,64.9,33.3,63.3,6.05,769.7,Bitter Gourd
95,28.1,112.4,29.9,75.3,7.4,2113.9,Betel Nut
123.3,43.3,57,21.7,62.4,5.74,1782.6,Rice
107.9,51.3,93.7,31.4,55.6,5.97,1040.3,Mango
89.7,48.3,68.5,34.8,70.2,6.71,1062.6,Litchi
97,41.8,43.2,22.2,57.8,5.77,698,Lemon
73.9,74.3,81.6,26.6,84,5.71,2847.5,Rubber
23.1,44.8,34.5,23.7,51,7.24,421.9,Chickpea
57.4,44.2,81.7,27.7,61.1,6.82,804.5,Pumpkin
101.2,55.3,67,32.2,75.8,6.02,773.3,Bottle Gourd
90.1,54.3,53.4,33.5,67.6,6.98,736,Ridge Gourd
86.3,57.4,120.8,21.7,66,7.15,400.1,Beetroot
45.9,33.2,39.2,32.4,69.2,5.94,784.1,Curry Leaf
26.4,47.4,28.3,31,56.9,7.81,499.7,Cluster Bean
25.8,52.4,50.9,35.8,57.9,7.02,906.1,Groundnut
60.5,28,30.7,37.5,51.7,7.7,341.6,Pearl Millet
119.1,45.3,62.2,15.7,63,6.44,466.8,Lettuce
83.2,41,21.3,12.5,34.7,6.65,353.1,Mustard
103.9,79,62.1,25.9,67.1,5.84,946,Maize
72.4,55.4,116.8,24.3,60.1,6.29,844.3,Tobacco
32.6,31.7,32.7,20.1,49.6,7.97,297.6,Cumin
84.4,59.5,186.4,31.6,81.4,7.59,1193,Coconut
31.1,45.3,30.4,29.2,52.3,6.51,475.1,Urad Dal
60.6,25.7,101.9,33.1,72,6.38,2395.3,Clove
56.5,46.1,70,31.6,77.3,6.15,426.7,Cucumber
59.3,31.9,68,36.4,66.8,7.4,751.1,Tamarind
27.3,52,31.1,15.4,34.8,7.91,423,Gram
86.4,57.9,54.3,28.4,60.2,6.45,738.2,Chilli
95.1,38.5,45.5,27.5,68.3,6.65,897.3,Amaranthus
35.1,48.4,28.1,28.4,60.4,7.47,617.2,Urad Dal
85.4,39.4,113.1,28.9,83.5,6.49,1655.9,Black Pepper
55.3,28.7,65.4,33,55,7.65,895.1,Tamarind
92.5,34.8,39.2,32.5,24.4,5.52,343.8,Pomegranate
130.9,36.5,48,15,71.3,6.72,484.9,Lettuce
118.1,73.2,90.1,16.7,74.1,5.76,418.8,Potato
44.3,27.5,37.1,18.5,33.7,8.08,285.1,Fennel
23.1,34.3,21,10.6,36.4,7.62,325.7,Fenugreek
42.5,43.7,60.4,29.6,75.8,6.48,393.3,Pomegranate
125.1,82.1,93.9,21.9,69,5.21,615.2,Potato
25.3,57.3,37.8,30,66.4,6.31,711.7,Greengram
30.3,61.4,31.3,31.6,56.8,6.8,698.6,Blackgram
24.4,49.2,32.8,32,55.5,6.49,826,Arhar Dal
69.2,48.8,124.9,34.5,54.5,7.66,848.5,Grapes
70.5,17.4,34.5,33.9,62.2,6.81,586.8,Ragi
25.4,32.5,38.4,23,39.1,7.95,590.9,Ashwagandha
66.3,26.9,33.8,33.6,32.1,6.58,349.9,Pearl Millet
56.2,26.7,67.6,22,33,6.84,656.9,Drumstick
68.1,36.4,113.2,23.3,68.4,5.59,957.6,Sweet Potato
61.8,32.5,85.2,25,53,5.8,773.6,Pumpkin
98,47.9,49.4,32.7,80,6.23,1427.1,Paddy
45.8,26.9,31.4,22.7,44.7,7.06,590.3,Niger
36.5,52.6,24.6,25.4,51.1,8.11,403.1,Chickpea
37.5,27,45.5,26,53.7,6.84,1022.8,Curry Leaf
137.2,36.1,121.4,23,90.7,5.28,2243.8,Tea
117.2,48.4,68,30.8,81.4,5.13,1484.5,Litchi
46.6,38.2,127.7,23.4,82.1,5.77,888.8,Sweet Potato
60.8,28.8,129.4,24.4,81.1,5.7,1739.1,Pineapple
28.8,31.9,22,37.3,47.4,7.05,453.7,Guar
40.5,51.4,31.9,29.7,65.7,6.89,695.1,Mung Bean
58.6,43,134.9,22.5,62.1,8.02,646.9,Grapes
85.7,54.5,166.2,23.7,83.2,5.41,2354,Coffee
75.3,42,62.8,31.4,45.8,6.49,539,Watermelon
123.3,56.6,80.5,28.6,80.4,6.4,1332.3,Litchi
80.6,43.9,22.4,14.2,50.9,6.79,730.6,Mustard
112.4,45.4,92.6,28.9,74.3,6.19,1605.8,Ginger
29.6,57.6,28.3,34.3,61.5,7.24,571.6,Greengram
84.2,59.4,120.3,25.4,60.2,5.99,614.7,Tobacco
29.4,41,22.7,35.7,27.5,8.47,360.6,Moth Bean
63.5,38.9,116.6,23.4,79.4,5.92,1406.3,Pineapple
71.3,48.3,60.7,22.4,78.7,6.56,783.9,Ash Gourd
33.6,39.2,34.4,24.1,42.6,7.42,220.1,Fenugreek
35,51.9,25.1,25.6,45.9,6.38,323.5,Chickpea
90.3,48.5,53.8,11,70.7,7.01,440.4,Spinach
121.4,54.4,85.2,30.5,74.7,6.16,1228.1,Litchi
85.5,41.7,85.1,22.5,59.6,7.15,428.7,Carrot
58.4,41.3,67.5,26.2,65.4,6.45,631.7,Pumpkin
85,51.8,64.6,24.2,69.9,5.97,1234.2,Litchi
166.7,52.6,229.6,33,73,6.71,1772.6,Banana
62.9,24.8,51.9,31.4,43.9,7.44,950.5,Drumstick
109.8,39.8,76.9,16.8,69.5,6.49,545,Cauliflower
64.5,41.7,64.2,30.2,74.1,6.41,839.2,Snake Gourd
48.4,41.9,45.5,36.1,32.5,8.1,370.2,Ber
99.1,55.5,81.5,15.2,73,7.01,442.9,Cabbage
85.7,30.2,96.3,31.9,45.4,7.59,615.8,Watermelon
51.4,52,166,30.7,79.5,5.93,1432,Coconut
60.5,32,46.4,28,62.2,7,1063.8,Tamarind
36.2,55,25.6,24.7,60.3,6.45,652.2,Blackgram
91.8,50.2,106.1,21.7,69.4,6.24,1058.2,Tobacco
118.5,37.5,97.9,30.1,82.2,6.8,1721.5,Betel Nut
62.4,40,42.5,12.5,69,7.33,478.6,Spinach
117.7,48.3,34.7,25.2,53.6,7.6,788.2,Cotton
141.7,72.3,82.9,18.6,72.7,6.64,590.5,Broccoli
82.9,52,58.8,25,49.6,7.04,545.3,Garlic
34.4,48.2,36.9,30,41.7,7.48,541.9,Cluster Bean
46,37.6,67.8,24.1,67.9,6.13,749.5,Snake Gourd
